gid,payer_of_couriers,payer_weak,courier_candidate,beneficiary,in_cycle,layering,split_in,dates_ok,pay_seeds,pay_seeds_kzt,L,sameday,chain,split,flags_evidence
100000000343175100,False,False,False,False,False,False,True,True,0,0,0.0,0,0,2,дробление: 2 раз получал несколько переводов от одного плательщика за день
100000000456947100,False,False,False,False,False,False,False,False,0,0,0.0,0,0,0,
100000000580561100,False,False,False,False,True,False,False,True,0,0,0.0,0,0,0,стоит в замкнутом маршруте ≤ 6 шагов
100000001415126100,False,False,False,False,False,False,False,False,0,0,0.0,0,0,0,
100000001429930100,False,False,False,False,False,False,False,False,0,0,0.0,0,0,0,
100000001616816100,False,False,False,False,True,False,True,True,0,0,0.0,0,0,3,стоит в замкнутом маршруте ≤ 6 шагов; дробление: 3 раз получал несколько переводов от одного плательщика за день
100000001732159100,False,False,False,False,True,True,True,True,2,703966,0.0,0,4,6,стоит в замкнутом маршруте ≤ 6 шагов; последовательная цепочка транзитов длиной 5 узлов; дробление: 6 раз получал несколько переводов от одного плательщика за день
100000002527114100,False,False,False,False,True,False,False,True,0,0,0.0,0,0,0,стоит в замкнутом маршруте ≤ 6 шагов
100000002916006100,False,False,False,False,False,False,False,False,1,32000,0.0,0,0,0,
100000003016635100,False,False,False,False,True,False,True,True,0,0,0.0,0,0,10,стоит в замкнутом маршруте ≤ 6 шагов; дробление: 10 раз получал несколько переводов от одного плательщика за день
100000003200071100,False,False,False,False,False,False,False,False,0,0,0.0,0,0,0,
100000003265658100,False,False,False,False,False,False,False,False,0,0,0.0,0,0,0,
100000003349739100,False,False,False,False,False,False,False,False,0,0,0.0,0,0,0,
100000003684369100,False,False,False,False,True,False,True,True,0,0,0.0,0,0,10,стоит в замкнутом маршруте ≤ 6 шагов; дробление: 10 раз получал несколько переводов от одного плательщика за день
100000003770083100,False,False,False,False,False,False,False,False,0,0,0.0,0,0,0,
100000003975102100,False,False,False,False,False,True,False,True,2,88500,0.0,0,3,0,последовательная цепочка транзитов длиной 4 узлов
100000003977183100,False,False,False,False,True,False,False,True,0,0,0.0,0,1,0,стоит в замкнутом маршруте ≤ 6 шагов
100000004007116100,False,False,False,False,True,False,True,True,0,0,0.0,0,0,7,стоит в замкнутом маршруте ≤ 6 шагов; дробление: 7 раз получал несколько переводов от одного плательщика за день
100000004019124100,False,False,False,False,False,False,False,False,0,0,0.0,0,0,0,
100000004021459100,False,False,False,False,False,False,False,False,0,0,0.0,0,0,0,
100000004041163100,False,False,False,False,True,False,False,True,2,866000,0.0,0,0,0,стоит в замкнутом маршруте ≤ 6 шагов
100000004174835100,False,False,False,False,False,False,False,False,0,0,0.0,0,0,0,
100000004193835100,False,False,False,False,False,False,False,True,1,5000,0.0,0,0,0,
100000004269433100,False,False,False,False,False,False,False,False,1,1372000,0.0,0,1,0,
100000004358004100,False,False,False,False,False,False,False,False,1,233000,0.0,0,0,0,
100000004388983100,False,False,False,False,False,False,False,False,0,0,0.0,0,0,0,
100000004714705100,False,False,False,False,False,False,False,False,1,36550,0.0,0,1,0,
100000004723755100,False,False,False,False,False,False,False,False,0,0,0.0,0,0,0,
100000004813068100,False,False,False,False,False,False,False,False,0,0,0.0,0,0,0,
100000004971871100,False,False,False,False,True,False,False,True,0,0,0.0,0,0,0,стоит в замкнутом маршруте ≤ 6 шагов
100000005017150100,False,False,False,False,False,False,False,False,0,0,0.0,0,0,0,
100000005087431100,False,False,False,False,False,False,False,False,0,0,0.0,0,0,0,
100000005235389100,False,False,False,False,False,False,False,False,0,0,0.0,0,0,0,
100000005264990100,False,False,False,False,False,False,False,True,1,53000,0.0,0,0,0,
100000005370580100,False,False,False,False,False,False,False,False,0,0,0.0,0,0,0,
100000005382566100,False,False,False,False,True,False,False,True,1,50000,0.0,0,0,0,стоит в замкнутом маршруте ≤ 6 шагов
100000005386383100,False,False,False,False,False,False,False,False,1,29000,0.0,0,1,0,
100000005392290100,False,False,False,False,False,False,False,False,0,0,0.0,0,0,0,
100000005395727100,False,False,False,False,False,False,False,False,0,0,0.0,0,0,0,
100000005409680100,False,False,False,False,False,False,False,False,0,0,0.0,0,0,0,
100000005417257100,False,False,False,False,False,False,False,False,1,80000,0.0,0,0,0,
100000005454368100,False,False,False,False,False,False,False,False,0,0,0.0,0,0,0,
100000005480435100,False,False,False,False,False,False,False,False,0,0,0.0,0,0,0,
100000005485830100,False,False,False,False,False,False,False,False,0,0,0.0,0,0,0,
100000005493505100,False,False,False,False,False,False,False,False,0,0,0.0,0,0,0,
100000005495722100,False,False,False,False,False,False,False,False,0,0,0.0,0,0,0,
100000005498992100,False,False,False,False,False,False,False,False,0,0,0.0,0,0,0,
100000005519347100,False,False,False,False,False,True,False,True,1,99000,0.0,0,3,0,последовательная цепочка транзитов длиной 4 узлов
100000005523088100,False,False,False,True,False,False,False,False,0,0,0.0,0,0,1,конечный получатель: осело 700 тыс. ₸ денег курьеров (1%)
100000005543136100,False,False,False,False,False,False,False,False,1,10000,0.0,0,0,0,
100000005550592100,False,False,False,False,False,False,False,False,0,0,0.0,0,0,0,
100000005560900100,False,False,False,False,False,False,False,False,0,0,0.0,0,0,0,
100000005568407100,False,False,False,False,False,False,False,False,0,0,0.0,0,0,0,
100000005668605100,False,False,False,False,False,False,False,False,0,0,0.0,0,0,0,
100000005744674100,False,False,False,False,False,False,False,False,1,50066,0.0,0,0,0,
100000006232815100,False,False,False,False,True,False,False,True,0,0,0.0,0,0,0,стоит в замкнутом маршруте ≤ 6 шагов
100000006249740100,False,False,False,False,False,False,False,False,0,0,0.0,0,0,0,
100000006831291100,False,False,False,False,False,False,False,False,0,0,0.0,0,0,0,
100000006866783100,False,False,False,False,True,False,True,True,0,0,0.0,0,0,4,стоит в замкнутом маршруте ≤ 6 шагов; дробление: 4 раз получал несколько переводов от одного плательщика за день
100000007018630100,False,False,False,False,False,False,False,False,0,0,0.0,0,0,0,
100000007747786100,False,False,False,False,False,False,False,False,0,0,0.0,0,0,0,
100000007982728100,False,False,False,False,False,False,False,False,1,41800,0.0,0,1,0,
100000008117324100,False,False,False,False,False,False,False,False,0,0,0.0,0,0,0,
100000008205000100,False,False,False,False,False,False,False,False,0,0,0.0,0,0,0,
100000008314203100,False,False,False,False,True,True,False,True,2,327000,0.0,0,4,1,стоит в замкнутом маршруте ≤ 6 шагов; последовательная цепочка транзитов длиной 5 узлов
100000008418835100,False,False,False,False,False,False,True,True,1,31500,0.0,0,1,11,дробление: 11 раз получал несколько переводов от одного плательщика за день
100000008513251100,False,False,False,False,False,False,False,False,0,0,0.0,0,0,0,
100000008516839100,False,False,False,False,False,False,False,False,0,0,0.0,0,0,0,
100000008522127100,False,False,False,False,False,True,False,False,0,0,0.0,0,2,0,последовательная цепочка транзитов длиной 3 узлов
100000008571433100,False,False,False,False,True,True,False,True,0,0,0.0,0,4,0,стоит в замкнутом маршруте ≤ 6 шагов; последовательная цепочка транзитов длиной 5 узлов
100000008575624100,False,False,False,False,False,False,False,False,0,0,0.0,0,1,0,
100000008601794100,False,False,False,False,True,False,False,True,0,0,0.0,0,1,0,стоит в замкнутом маршруте ≤ 6 шагов
100000008637537100,False,False,False,False,True,True,True,True,2,2343100,0.0,0,4,5,стоит в замкнутом маршруте ≤ 6 шагов; последовательная цепочка транзитов длиной 5 узлов; дробление: 5 раз получал несколько переводов от одного плательщика за день
100000008650785100,False,False,False,False,False,True,False,True,1,50100,0.0,0,3,0,последовательная цепочка транзитов длиной 4 узлов
100000008654653100,False,False,False,False,False,False,False,False,1,54000,0.0,0,0,0,
100000008659445100,False,False,False,False,True,True,False,True,0,0,0.0,0,2,0,стоит в замкнутом маршруте ≤ 6 шагов; последовательная цепочка транзитов длиной 3 узлов
100000008669037100,False,False,False,False,False,False,False,False,0,0,0.0,0,0,0,
100000008673001100,False,False,False,False,False,False,False,False,0,0,0.0,0,0,0,
100000008680731100,False,False,False,False,False,False,False,False,0,0,0.0,0,0,0,
100000008701222100,False,False,False,False,False,False,False,False,0,0,0.0,0,0,0,
100000008738325100,False,False,False,False,False,False,False,False,1,54000,0.0,0,1,0,
100000003134937100,False,False,False,False,False,False,False,False,0,0,0.0,0,0,0,
100000005074393100,False,False,False,False,True,False,False,True,0,0,0.0,0,0,0,стоит в замкнутом маршруте ≤ 6 шагов
100000001924185100,False,False,False,False,False,False,False,False,0,0,0.0,0,0,0,
100000004070318100,True,False,True,False,True,False,True,True,3,126813,0.03,1,0,2,"переводит 3 известным курьерам 127 тыс. ₸ — признаки выплат курьерам; платит в те же точки сбора, что известные курьеры (3% исходящих, 1 раз в тот же день) — кандидат в курьеры; стоит в замкнутом марш"
100000005807278100,False,False,False,False,False,False,False,False,0,0,0.0,0,0,0,
100000003377795100,False,False,False,False,False,False,False,False,0,0,0.0,0,0,0,
100000004330371100,False,True,False,False,True,False,True,True,1,18981,0.0,0,0,3,переводит известному курьеру и получает деньги курьеров — возвратный поток; стоит в замкнутом маршруте ≤ 6 шагов; дробление: 3 раз получал несколько переводов от одного плательщика за день
100000008165763100,False,False,True,False,False,False,True,True,0,0,0.19,2,0,3,"платит в те же точки сбора, что известные курьеры (19% исходящих, 2 раз в тот же день) — кандидат в курьеры; дробление: 3 раз получал несколько переводов от одного плательщика за день"
100000001684867100,False,False,False,False,False,False,False,False,0,0,0.0,0,0,0,
100000003900547100,False,False,False,False,False,False,False,False,0,0,0.0,0,0,0,
100000006656003100,False,True,False,False,True,False,False,True,1,9000,0.0,0,0,0,переводит известному курьеру и получает деньги курьеров — возвратный поток; стоит в замкнутом маршруте ≤ 6 шагов
100000008237827100,False,False,False,False,False,False,False,False,0,0,0.0,0,0,0,
100000003014659100,False,False,False,False,False,False,False,False,0,0,0.0,0,0,0,
100000007939160100,False,True,False,False,True,False,False,False,1,9300,0.0,0,0,0,переводит известному курьеру и получает деньги курьеров — возвратный поток; стоит в замкнутом маршруте ≤ 6 шагов
100000007274584100,False,False,False,False,False,False,False,False,0,0,0.0,0,0,0,
100000001524952100,False,False,False,False,False,False,False,False,0,0,0.0,0,0,0,
100000003131693100,False,False,False,False,False,False,False,False,0,0,0.0,0,0,0,
100000008383405100,False,False,False,False,False,False,False,False,0,0,0.0,0,0,0,
100000008736173100,False,False,False,False,False,False,False,False,0,0,0.0,0,0,0,
100000002861485100,False,False,False,False,False,False,False,False,0,0,0.0,0,0,0,
100000008745474100,False,False,False,False,False,False,False,False,0,0,0.0,0,0,0,
100000008691330100,False,False,False,False,False,False,False,False,0,0,0.0,0,0,0,
100000007639767100,True,False,False,False,True,False,False,True,2,20000,0.0,0,0,0,переводит 2 известным курьерам 20 тыс. ₸ — признаки выплат курьерам; стоит в замкнутом маршруте ≤ 6 шагов
100000002921047100,False,False,False,False,False,False,False,True,0,0,0.0,0,0,0,
100000004783447100,False,False,False,False,False,False,False,False,0,0,0.0,0,0,0,
100000008696919100,False,False,False,False,False,False,False,False,0,0,0.0,0,0,0,
100000008736940100,False,True,False,False,True,True,True,True,1,77300,0.0,0,4,3,переводит известному курьеру и получает деньги курьеров — возвратный поток; стоит в замкнутом маршруте ≤ 6 шагов; последовательная цепочка транзитов длиной 5 узлов; дробление: 3 раз получал несколько 
100000005940652100,False,False,False,False,False,False,False,False,0,0,0.0,0,0,0,
100000004180097100,False,False,False,False,True,False,False,True,0,0,0.0,0,0,0,стоит в замкнутом маршруте ≤ 6 шагов
100000005539201100,False,False,False,False,False,False,False,False,0,0,0.0,0,0,0,
100000005620225100,False,False,False,False,False,False,False,False,0,0,0.0,0,0,0,
100000004388353100,False,False,False,False,False,False,False,False,0,0,0.0,0,0,0,
100000007442518100,False,False,False,False,True,False,True,True,0,0,0.0,0,0,2,стоит в замкнутом маршруте ≤ 6 шагов; дробление: 2 раз получал несколько переводов от одного плательщика за день
100000000267734100,False,False,False,False,True,False,False,True,0,0,0.0,0,0,0,стоит в замкнутом маршруте ≤ 6 шагов
100000001987030100,False,False,False,False,False,False,False,True,0,0,0.0,0,0,0,
100000002603478100,False,False,False,False,False,False,False,False,0,0,0.0,0,0,0,
100000001380054100,False,True,False,False,True,False,False,True,1,160000,0.0,0,0,0,переводит известному курьеру и получает деньги курьеров — возвратный поток; стоит в замкнутом маршруте ≤ 6 шагов
100000002992171100,False,False,False,False,False,False,False,False,0,0,0.0,0,0,0,
100000002781227100,False,False,False,False,True,True,False,True,0,0,0.0,0,2,1,стоит в замкнутом маршруте ≤ 6 шагов; последовательная цепочка транзитов длиной 3 узлов
100000008745643100,False,False,False,False,False,False,False,False,0,0,0.0,0,0,0,
100000002836736100,False,False,False,False,False,False,False,False,0,0,0.0,0,0,0,
100000004188160100,False,True,False,False,True,False,False,True,1,18000,0.0,0,0,0,переводит известному курьеру и получает деньги курьеров — возвратный поток; стоит в замкнутом маршруте ≤ 6 шагов
100000004841728100,False,False,False,False,False,False,False,False,0,0,0.0,0,0,0,
100000001554432100,False,False,False,False,False,False,False,False,0,0,0.0,0,0,0,
100000008768896100,False,False,False,False,False,False,False,False,0,0,0.0,0,0,0,
100000008232832100,False,False,False,False,False,False,False,False,0,0,0.0,0,0,1,
100000002864256100,False,False,False,False,False,False,False,False,0,0,0.0,0,0,0,
100000001929088100,False,False,False,False,False,False,False,False,0,0,0.0,0,0,0,
100000002794197100,False,False,False,False,False,False,False,False,0,0,0.0,0,0,0,
100000005669845100,False,False,False,False,False,False,False,False,0,0,0.0,0,0,0,
100000002211413100,False,False,False,False,False,False,False,False,0,0,0.0,0,0,0,
100000002784085100,False,False,False,False,False,False,False,False,0,0,0.0,0,0,0,
100000008782421100,False,False,False,False,False,False,False,False,0,0,0.0,0,0,0,
100000003739818100,False,False,False,False,False,False,False,False,0,0,0.0,0,0,0,
100000002214570100,False,False,False,False,False,False,False,False,0,0,0.0,0,0,0,
100000006443391100,False,False,False,False,True,False,False,True,0,0,0.0,0,0,0,стоит в замкнутом маршруте ≤ 6 шагов
100000005473151100,False,False,False,False,True,False,False,True,0,0,0.0,0,0,1,стоит в замкнутом маршруте ≤ 6 шагов
100000005124479100,False,False,False,False,False,False,False,True,0,0,0.0,0,0,0,
100000005527892100,False,False,False,False,False,False,False,True,0,0,0.0,0,0,0,
100000008028628100,False,False,False,False,False,False,False,False,0,0,0.0,0,0,0,
100000001953577100,False,False,False,False,False,False,False,False,0,0,0.0,0,0,0,
100000008193577100,False,True,False,False,True,False,True,True,1,56190,0.0,0,0,2,переводит известному курьеру и получает деньги курьеров — возвратный поток; стоит в замкнутом маршруте ≤ 6 шагов; дробление: 2 раз получал несколько переводов от одного плательщика за день
100000008753193100,False,False,False,False,False,False,False,False,0,0,0.0,0,0,0,
100000008746025100,False,False,False,False,False,False,False,False,0,0,0.0,0,0,0,
100000002934441100,False,False,False,False,False,False,False,False,0,0,0.0,0,0,0,
100000003701161100,False,False,False,False,True,False,True,True,0,0,0.0,0,0,2,стоит в замкнутом маршруте ≤ 6 шагов; дробление: 2 раз получал несколько переводов от одного плательщика за день
100000006707582100,False,False,False,False,True,False,False,True,0,0,0.03,0,0,0,стоит в замкнутом маршруте ≤ 6 шагов
100000003239379100,False,False,False,False,False,False,False,False,0,0,0.0,0,0,0,
100000000979923100,False,False,False,False,False,False,False,False,0,0,0.0,0,0,0,
100000001111763100,False,False,False,False,False,False,False,False,0,0,0.0,0,0,0,
100000003865939100,False,False,False,False,False,False,False,False,0,0,0.0,0,0,0,
100000002858835100,False,False,False,False,False,False,False,False,0,0,0.0,0,0,0,
100000003404627100,False,False,False,True,False,False,False,False,0,0,0.0,0,0,1,конечный получатель: осело 614 тыс. ₸ денег курьеров (1%)
100000008691027100,False,False,False,False,False,False,False,False,0,0,0.0,0,0,0,
100000004071080100,False,False,False,False,True,False,False,True,0,0,0.0,0,0,1,стоит в замкнутом маршруте ≤ 6 шагов
100000002864680100,False,False,False,False,False,False,False,False,0,0,0.0,0,0,0,
100000001330685100,False,False,False,False,False,False,False,False,0,0,0.0,0,0,1,
100000008745725100,False,False,False,False,False,False,False,False,0,0,0.0,0,0,0,
100000002621949100,False,False,False,False,False,False,False,False,0,0,0.0,0,0,0,
100000007908818100,False,False,False,False,False,False,False,True,0,0,0.0,0,0,0,
100000008691495100,False,False,False,False,False,False,False,False,0,0,0.0,0,0,0,
100000003832231100,False,False,False,False,False,False,False,False,0,0,0.0,0,0,0,
100000002371751100,False,False,False,False,False,False,False,True,0,0,0.0,0,0,1,
100000002894076100,False,False,False,True,False,False,False,False,0,0,0.0,0,0,1,конечный получатель: осело 822 тыс. ₸ денег курьеров (1%)
100000001362940100,False,False,False,False,False,False,False,False,0,0,0.0,0,0,0,
100000008741372100,False,False,False,False,False,False,False,False,0,0,0.0,0,0,0,
100000002618492100,False,False,False,False,False,False,False,False,0,0,0.0,0,0,0,
100000002750332100,False,False,False,False,False,False,False,False,0,0,0.0,0,0,0,
100000004948177100,False,False,False,False,False,False,False,False,0,0,0.0,0,0,1,
100000002511825100,False,False,False,False,False,False,False,False,0,0,0.0,0,0,0,
100000008566737100,False,False,False,False,False,False,False,False,0,0,0.0,0,0,0,
100000008661585100,False,False,False,False,False,False,False,False,0,0,0.0,0,0,0,
100000004759121100,False,False,False,False,True,False,False,True,0,0,0.0,0,0,0,стоит в замкнутом маршруте ≤ 6 шагов
100000004360785100,False,False,False,False,False,False,False,False,0,0,0.0,0,0,0,
100000005092518100,False,False,False,False,False,False,False,False,0,0,0.0,0,0,0,
100000008737958100,False,False,False,False,False,False,False,False,0,0,0.0,0,0,0,
100000003044518100,False,False,False,False,False,False,False,False,0,0,0.0,0,0,0,
100000004159526100,False,False,False,False,True,False,False,True,0,0,0.0,0,0,0,стоит в замкнутом маршруте ≤ 6 шагов
100000007544358100,False,False,False,False,False,False,False,True,0,0,0.0,0,0,0,
100000005901606100,False,False,False,False,False,False,False,False,0,0,0.0,0,0,0,
100000006658598100,False,False,False,False,False,False,False,False,0,0,0.0,0,0,0,
100000002793851100,False,False,False,False,False,False,False,False,0,0,0.0,0,0,0,
100000005612411100,False,False,False,False,False,False,False,True,0,0,0.0,0,0,0,
100000007511163100,False,True,False,False,True,False,False,True,1,11937,0.0,0,0,0,переводит известному курьеру и получает деньги курьеров — возвратный поток; стоит в замкнутом маршруте ≤ 6 шагов
100000002648315100,False,False,False,False,False,False,False,True,0,0,0.0,0,0,0,
100000004739664100,False,False,False,False,False,False,False,False,0,0,0.0,0,0,0,
100000003713616100,False,False,False,False,False,False,False,False,0,0,0.0,0,0,0,
100000003476560100,False,False,False,False,False,False,False,False,0,0,0.0,0,0,0,
100000008782800100,False,False,False,False,False,False,False,False,0,0,0.0,0,0,0,
100000004218576100,False,False,False,False,False,False,False,False,0,0,0.0,0,0,0,
100000003299365100,False,True,False,False,True,False,False,True,1,200000,0.0,0,0,0,переводит известному курьеру и получает деньги курьеров — возвратный поток; стоит в замкнутом маршруте ≤ 6 шагов
100000008730021100,False,False,False,False,False,False,False,False,0,0,0.0,0,0,1,
100000002757797100,False,False,False,False,False,False,False,False,0,0,0.0,0,0,0,
100000002845605100,False,False,False,False,False,False,False,False,0,0,0.0,0,0,0,
100000000817146100,False,False,False,False,False,False,False,False,0,0,0.0,0,0,0,
100000002957306100,False,False,False,False,False,False,False,False,0,0,0.0,0,0,0,
100000008188026100,False,False,False,False,True,False,False,True,0,0,0.0,0,0,1,стоит в замкнутом маршруте ≤ 6 шагов
100000004790991100,False,False,False,False,False,False,False,False,0,0,0.0,0,0,0,
100000002973903100,False,False,False,False,False,False,False,False,0,0,0.0,0,0,0,
100000004325327100,False,False,False,False,False,False,False,True,0,0,0.0,0,0,0,
100000001477796100,False,False,False,False,False,False,False,False,0,0,0.0,0,0,0,
100000007536804100,False,False,False,False,False,False,False,True,0,0,0.0,0,0,0,
100000008665380100,False,False,False,False,False,False,False,True,0,0,0.0,0,0,0,
100000001870116100,False,False,False,False,False,False,False,False,0,0,0.0,0,0,0,
100000001074553100,False,False,False,False,False,False,False,False,0,0,0.0,0,0,0,
100000000978041100,False,False,False,False,False,False,False,False,0,0,0.0,0,0,0,
100000002603769100,False,False,False,False,False,False,False,False,0,0,0.0,0,0,0,
100000005034574100,False,False,False,False,False,False,True,False,0,0,0.0,0,0,3,дробление: 3 раз получал несколько переводов от одного плательщика за день
100000002958286100,False,False,False,False,False,False,False,False,0,0,0.0,0,0,0,
100000005634552100,False,False,False,False,False,False,False,False,0,0,0.0,0,0,0,
100000008736760100,False,False,False,False,False,False,False,False,0,0,0.0,0,0,0,
100000008701944100,False,False,False,False,False,False,False,False,0,0,0.0,0,0,0,
100000008748408100,False,False,False,False,False,False,False,True,0,0,0.0,0,0,0,
100000008486520100,False,False,False,False,False,False,False,False,0,0,0.0,0,0,1,
100000003163256100,False,False,False,False,False,False,False,False,0,0,0.0,0,0,0,
100000003102157100,False,False,False,False,False,False,False,False,0,0,0.0,0,0,1,
100000004741837100,False,False,False,False,False,False,False,False,0,0,0.0,0,0,0,
100000008443341100,False,False,False,False,True,False,False,True,0,0,0.0,0,0,0,стоит в замкнутом маршруте ≤ 6 шагов
100000004792397100,False,False,False,False,False,False,False,False,0,0,0.0,0,0,0,
100000003809101100,False,False,False,False,True,False,False,True,0,0,0.0,0,0,0,стоит в замкнутом маршруте ≤ 6 шагов
100000002838861100,False,False,False,False,True,False,False,True,0,0,0.0,0,0,0,стоит в замкнутом маршруте ≤ 6 шагов
100000008560717100,False,False,False,False,False,False,False,True,0,0,0.0,0,0,0,
100000008693069100,False,False,False,False,False,False,False,False,0,0,0.0,0,0,0,
100000008672162100,False,False,False,False,False,False,False,False,0,0,0.0,0,0,0,
100000007311010100,False,False,False,False,False,False,False,False,0,0,0.0,0,0,0,
100000005505655100,False,False,False,False,True,False,False,True,0,0,0.0,0,0,0,стоит в замкнутом маршруте ≤ 6 шагов
100000004707703100,True,False,False,False,False,True,False,True,2,48650,0.0,0,3,0,переводит 2 известным курьерам 49 тыс. ₸ — признаки выплат курьерам; последовательная цепочка транзитов длиной 4 узлов
100000004005964100,False,True,False,False,True,False,True,True,1,27000,0.0,0,0,2,переводит известному курьеру и получает деньги курьеров — возвратный поток; стоит в замкнутом маршруте ≤ 6 шагов; дробление: 2 раз получал несколько переводов от одного плательщика за день
100000008244300100,False,False,False,False,False,False,False,False,0,0,0.0,0,0,0,
100000002692044100,False,False,False,False,False,False,False,False,0,0,0.0,0,0,0,
100000001103905100,False,False,False,False,False,False,False,False,0,0,0.0,0,0,0,
100000008755361100,False,False,False,False,False,False,False,False,0,0,0.0,0,0,0,
100000002810870100,False,False,False,False,False,False,False,False,0,0,0.0,0,0,0,
100000005897462100,False,False,False,False,False,False,False,False,0,0,0.0,0,0,0,
100000000941942100,False,False,False,False,False,False,False,False,0,0,0.0,0,0,0,
100000008723830100,False,False,False,False,False,False,False,True,0,0,0.0,0,0,0,
100000008776576100,False,False,False,False,False,False,False,False,0,0,0.0,0,0,0,
100000005432267100,False,False,False,False,False,False,False,False,0,0,0.0,0,0,0,
100000006745291100,False,False,False,False,False,False,False,False,0,0,0.0,0,0,0,
100000008670667100,False,False,False,False,False,False,False,False,0,0,0.0,0,0,0,
100000002480800100,False,False,False,False,False,False,False,False,0,0,0.0,0,0,0,
100000002182176100,False,False,False,False,False,False,False,False,0,0,0.0,0,0,0,
100000008219168100,False,False,False,False,False,False,False,False,0,0,0.0,0,0,0,
100000004226848100,False,False,False,False,False,False,False,False,0,0,0.0,0,0,0,
100000006326645100,False,False,False,False,False,False,False,False,0,0,0.0,0,0,0,
100000003589877100,False,False,False,False,False,False,False,True,0,0,0.0,0,0,0,
100000003942602100,False,True,False,False,True,False,False,True,1,30000,0.0,0,0,0,переводит известному курьеру и получает деньги курьеров — возвратный поток; стоит в замкнутом маршруте ≤ 6 шагов
100000000922570100,False,False,False,False,False,False,False,False,0,0,0.0,0,0,0,
100000005079754100,False,False,False,False,False,False,False,True,0,0,0.0,0,0,0,
100000003187359100,False,False,False,False,False,False,False,False,0,0,0.0,0,0,0,
100000000998559100,False,False,False,False,False,False,False,False,0,0,0.0,0,0,0,
100000008690932100,False,False,False,False,False,False,False,False,0,0,0.0,0,0,0,
100000008773876100,False,False,False,False,False,False,False,False,0,0,0.0,0,0,0,
100000006789108100,False,False,False,False,False,False,False,False,0,0,0.0,0,0,0,
100000004058740100,False,False,False,False,False,False,False,False,0,0,0.0,0,0,0,
100000007641801100,False,False,False,False,False,False,False,False,0,0,0.0,0,0,0,
100000000555721100,False,False,False,False,False,False,False,False,0,0,0.0,0,0,0,
100000008729801100,False,False,False,False,False,False,False,False,0,0,0.0,0,0,0,
100000004664905100,False,False,False,False,False,False,False,False,0,0,0.0,0,0,0,
100000003057225100,False,False,False,False,False,False,False,False,0,0,0.0,0,0,0,
100000000703902100,False,False,False,False,False,False,False,False,0,0,0.0,0,0,0,
100000008720798100,False,False,False,False,False,False,False,False,0,0,0.0,0,0,0,
100000001411870100,False,False,False,True,False,False,False,False,0,0,0.0,0,0,1,конечный получатель: осело 784 тыс. ₸ денег курьеров (1%)
100000008556318100,False,False,False,False,False,False,False,False,0,0,0.0,0,0,0,
100000002720627100,False,False,False,False,False,False,False,False,0,0,0.0,0,0,0,
100000003022835100,False,False,False,False,False,False,False,False,0,0,0.0,0,0,0,
100000008304115100,False,False,False,False,False,False,False,False,0,0,0.0,0,0,0,
100000003886323100,False,False,False,False,True,False,False,True,0,0,0.0,0,0,1,стоит в замкнутом маршруте ≤ 6 шагов
100000000607731100,False,False,False,False,False,False,False,False,0,0,0.0,0,0,0,
100000005961971100,False,False,False,False,False,False,False,False,0,0,0.0,0,0,0,
100000000440392100,False,False,False,False,False,False,False,False,0,0,0.0,0,0,0,
100000004105288100,False,False,False,False,False,False,False,False,0,0,0.0,0,0,0,
100000008169544100,True,False,False,False,True,False,False,True,2,32800,0.0,0,0,1,переводит 2 известным курьерам 33 тыс. ₸ — признаки выплат курьерам; стоит в замкнутом маршруте ≤ 6 шагов
100000004186824100,False,False,False,False,False,False,False,True,0,0,0.0,0,0,1,
100000008672200100,False,False,False,False,False,False,False,False,0,0,0.0,0,0,0,
100000002188829100,False,False,False,False,False,False,False,False,0,0,0.0,0,0,0,
100000008717341100,False,False,False,False,False,False,False,False,0,0,0.0,0,0,0,
100000002214301100,False,False,False,False,False,False,False,True,0,0,0.0,0,0,0,
100000002565277100,False,False,False,False,False,False,False,False,0,0,0.0,0,0,0,
100000005546031100,False,False,False,False,True,False,True,True,0,0,0.0,0,0,2,стоит в замкнутом маршруте ≤ 6 шагов; дробление: 2 раз получал несколько переводов от одного плательщика за день
100000003449074100,False,False,False,False,False,False,False,False,0,0,0.0,0,0,0,
100000008748914100,False,True,False,False,True,False,True,True,1,1582700,0.0,0,0,2,переводит известному курьеру и получает деньги курьеров — возвратный поток; стоит в замкнутом маршруте ≤ 6 шагов; дробление: 2 раз получал несколько переводов от одного плательщика за день
100000004744306100,False,True,False,False,False,False,False,True,1,58000,0.0,0,0,0,переводит известному курьеру и получает деньги курьеров — возвратный поток
100000003158727100,False,False,False,False,False,False,False,False,0,0,0.0,0,0,0,
100000001389255100,False,False,False,False,False,False,False,False,0,0,0.0,0,0,0,
100000008695495100,False,False,False,False,False,False,False,False,0,0,0.0,0,0,0,
100000004015047100,False,True,False,False,True,False,True,True,1,69195,0.0,0,0,3,переводит известному курьеру и получает деньги курьеров — возвратный поток; стоит в замкнутом маршруте ≤ 6 шагов; дробление: 3 раз получал несколько переводов от одного плательщика за день
100000005183943100,False,False,False,True,False,False,False,False,0,0,0.0,0,0,0,конечный получатель: осело 681 тыс. ₸ денег курьеров (1%)
100000003004487100,False,False,False,False,True,False,True,True,0,0,0.0,0,0,2,стоит в замкнутом маршруте ≤ 6 шагов; дробление: 2 раз получал несколько переводов от одного плательщика за день
100000003042994100,False,False,False,False,False,False,False,False,0,0,0.0,0,0,0,
100000001899164100,False,False,False,False,True,False,False,True,0,0,0.0,0,0,0,стоит в замкнутом маршруте ≤ 6 шагов
100000003946524100,False,False,False,False,True,False,False,True,0,0,0.0,0,1,0,стоит в замкнутом маршруте ≤ 6 шагов
100000008717340100,False,False,False,False,False,False,False,False,0,0,0.0,0,0,0,
100000003831324100,False,False,False,False,False,False,False,False,0,0,0.0,0,0,0,
100000008129393100,False,False,False,False,False,False,False,False,0,0,0.0,0,0,0,
100000004388209100,False,False,False,False,False,False,False,False,0,0,0.0,0,0,0,
100000000706545100,False,False,False,False,True,False,False,True,0,0,0.0,0,0,1,стоит в замкнутом маршруте ≤ 6 шагов
100000004497606100,False,False,False,False,False,False,False,False,0,0,0.0,0,0,0,
100000008470470100,False,False,False,False,False,False,False,False,0,0,0.0,0,0,0,
100000004318918100,False,False,False,False,False,False,False,False,0,0,0.0,0,0,0,
100000005228059100,False,False,False,False,False,False,False,False,0,0,0.0,0,0,0,
100000001609499100,False,True,False,False,True,False,False,True,1,11000,0.0,0,0,0,переводит известному курьеру и получает деньги курьеров — возвратный поток; стоит в замкнутом маршруте ≤ 6 шагов
100000002824176100,False,False,False,False,False,False,False,False,0,0,0.0,0,0,0,
100000001363952100,False,False,False,False,False,False,False,True,0,0,0.0,0,0,0,
100000001049200100,False,True,False,False,True,False,False,True,1,5000,0.0,0,0,0,переводит известному курьеру и получает деньги курьеров — возвратный поток; стоит в замкнутом маршруте ≤ 6 шагов
100000002662768100,False,False,False,False,False,False,False,False,0,0,0.0,0,0,0,
100000004737477100,False,False,False,False,False,False,False,True,0,0,0.0,0,0,1,
100000008680451100,False,False,False,False,False,False,False,False,0,0,0.0,0,0,0,
100000001952325100,False,False,False,False,False,False,False,False,0,0,0.0,0,0,0,
100000008751429100,False,False,False,False,True,False,False,True,0,0,0.0,0,0,1,стоит в замкнутом маршруте ≤ 6 шагов
100000001960517100,False,False,False,False,False,False,False,False,0,0,0.0,0,0,0,
100000008686234100,False,False,False,False,False,False,False,False,0,0,0.0,0,0,0,
100000004213658100,False,False,False,False,False,False,False,False,0,0,0.0,0,0,0,
100000001194266100,False,False,False,False,False,False,False,False,0,0,0.0,0,0,0,
100000002243354100,False,False,False,False,False,False,False,False,0,0,0.0,0,0,0,
100000006069103100,False,False,False,False,True,True,False,True,0,0,0.0,0,2,0,стоит в замкнутом маршруте ≤ 6 шагов; последовательная цепочка транзитов длиной 3 узлов
100000002760175100,False,False,False,False,False,False,False,False,0,0,0.0,0,0,0,
100000003567087100,False,False,False,False,False,False,False,False,0,0,0.0,0,0,0,
100000008229700100,False,False,False,False,False,False,False,True,0,0,0.0,0,0,0,
100000004076740100,False,False,False,False,True,False,False,True,0,0,0.0,0,0,1,стоит в замкнутом маршруте ≤ 6 шагов
100000003284932100,False,False,False,False,False,False,False,False,0,0,0.0,0,0,0,
100000008071620100,False,False,False,False,False,False,False,False,0,0,0.0,0,0,0,
100000003235780100,False,False,False,False,False,False,False,False,0,0,0.0,0,0,0,
100000005363908100,False,False,False,False,False,False,False,True,0,0,0.0,0,1,0,
100000001851289100,False,False,False,False,False,False,False,False,0,0,0.0,0,0,1,
100000002870937100,False,False,False,False,False,False,False,False,0,0,0.0,0,0,0,
100000002152857100,False,False,False,False,False,False,False,True,0,0,0.06,0,0,0,
100000002600345100,False,False,False,False,False,False,False,False,0,0,0.0,0,0,0,
100000002580377100,False,False,False,False,False,False,False,True,0,0,0.0,0,0,0,
100000004094958100,False,False,False,False,False,False,False,True,0,0,0.0,0,1,0,
100000002609774100,False,False,False,False,False,False,False,False,0,0,0.0,0,0,0,
100000002596035100,False,False,False,False,False,False,False,False,0,0,0.0,0,0,0,
100000004664515100,False,False,False,False,False,False,False,False,0,0,0.0,0,0,0,
100000000661912100,False,False,False,False,True,False,False,True,0,0,0.0,0,0,0,стоит в замкнутом маршруте ≤ 6 шагов
100000004144536100,False,False,False,False,False,False,False,False,0,0,0.0,0,0,0,
100000006177176100,False,False,False,False,False,False,False,False,0,0,0.0,0,0,0,
100000002158488100,False,False,False,False,False,False,False,False,0,0,0.0,0,0,0,
100000000041368100,False,False,False,False,False,False,False,False,0,0,0.0,0,0,0,
100000008722328100,False,False,False,False,False,False,False,False,0,0,0.0,0,0,0,
100000008735384100,False,False,False,False,False,False,False,False,0,0,0.0,0,0,0,
100000004480280100,False,True,False,False,False,False,False,True,1,26000,0.0,0,0,0,переводит известному курьеру и получает деньги курьеров — возвратный поток
100000004286573100,False,False,False,False,False,False,False,False,0,0,0.0,0,0,0,
100000001746925100,False,False,False,False,False,False,False,False,0,0,0.0,0,0,0,
100000001660397100,False,True,False,False,True,False,False,True,1,24000,0.0,0,0,0,переводит известному курьеру и получает деньги курьеров — возвратный поток; стоит в замкнутом маршруте ≤ 6 шагов
100000002591469100,False,False,False,False,False,False,False,False,0,0,0.0,0,0,0,
100000002731501100,False,True,False,False,True,False,False,True,1,201960,0.0,0,0,0,переводит известному курьеру и получает деньги курьеров — возвратный поток; стоит в замкнутом маршруте ≤ 6 шагов
100000000089154100,True,False,False,False,True,False,False,True,2,71500,0.0,0,0,0,переводит 2 известным курьерам 72 тыс. ₸ — признаки выплат курьерам; стоит в замкнутом маршруте ≤ 6 шагов
100000008732098100,False,False,False,False,False,False,False,False,0,0,0.0,0,0,0,
100000005456919100,False,True,False,False,True,True,True,True,1,5000,0.0,0,4,3,переводит известному курьеру и получает деньги курьеров — возвратный поток; стоит в замкнутом маршруте ≤ 6 шагов; последовательная цепочка транзитов длиной 5 узлов; дробление: 3 раз получал несколько 
100000000507799100,False,False,False,False,False,False,False,True,0,0,0.0,0,0,0,
100000008716439100,False,False,False,False,False,False,False,False,0,0,0.0,0,0,0,
100000002981527100,False,False,False,False,False,False,False,False,0,0,0.0,0,0,0,
100000002844652100,False,False,False,False,False,False,False,False,0,0,0.0,0,0,0,
100000002605548100,False,False,False,False,False,False,False,False,0,0,0.0,0,0,0,
100000002750956100,False,False,False,False,False,False,False,False,0,0,0.0,0,0,0,
100000002982252100,False,False,False,False,False,False,False,False,0,0,0.0,0,0,0,
100000000961900100,False,False,False,False,False,False,False,False,0,0,0.0,0,0,0,
100000007175718100,False,False,False,False,False,False,False,False,0,0,0.0,0,0,0,
100000002306369100,False,False,False,False,True,False,False,True,0,0,0.0,0,0,0,стоит в замкнутом маршруте ≤ 6 шагов
100000000667713100,False,True,False,False,True,False,True,True,1,10000,0.0,0,0,2,переводит известному курьеру и получает деньги курьеров — возвратный поток; стоит в замкнутом маршруте ≤ 6 шагов; дробление: 2 раз получал несколько переводов от одного плательщика за день
100000001072022100,False,False,False,True,False,False,True,False,0,0,0.0,0,0,2,конечный получатель: осело 748 тыс. ₸ денег курьеров (1%); дробление: 2 раз получал несколько переводов от одного плательщика за день
100000008116374100,False,False,False,False,False,False,False,False,0,0,0.0,0,0,0,
100000000703894100,False,False,False,False,False,False,False,False,0,0,0.0,0,0,0,
100000008066326100,False,False,False,False,False,False,False,False,0,0,0.0,0,0,0,
100000004662806100,False,False,False,False,False,False,False,True,0,0,0.0,0,0,0,
100000005778283100,False,False,False,False,False,False,False,False,0,0,0.0,0,0,0,
100000004408683100,False,False,False,False,False,False,False,False,0,0,0.0,0,0,0,
100000002704875100,False,False,False,False,False,False,False,False,0,0,0.0,0,0,0,
100000008349675100,False,False,False,False,False,False,False,True,0,0,0.0,0,0,0,
100000006889963100,False,False,False,False,False,False,False,True,0,0,0.0,0,0,1,
100000008771819100,False,False,False,False,False,False,False,False,0,0,0.0,0,0,0,
100000008586731100,False,False,False,False,False,False,False,False,0,0,0.0,0,0,0,
100000005844459100,False,False,False,False,False,False,False,False,0,0,0.0,0,0,0,
100000008172352100,False,False,False,False,False,False,False,True,0,0,0.0,0,0,0,
100000001162560100,False,False,False,False,False,False,False,True,0,0,0.0,0,0,0,
100000008779584100,False,False,False,False,False,False,False,False,0,0,0.0,0,0,0,
100000007631637100,False,False,False,False,False,False,False,False,0,0,0.0,0,0,0,
100000007347733100,False,False,False,False,False,False,False,False,0,0,0.0,0,0,0,
100000001463701100,False,False,False,False,False,False,False,False,0,0,0.0,0,0,0,
100000008664469100,False,False,False,False,False,False,False,False,0,0,0.0,0,0,0,
100000003923946100,False,True,False,False,True,False,False,True,1,82000,0.11,0,0,0,переводит известному курьеру и получает деньги курьеров — возвратный поток; стоит в замкнутом маршруте ≤ 6 шагов
100000006562026100,False,False,False,False,False,False,False,False,0,0,0.0,0,0,0,
100000008776298100,False,False,False,False,False,False,False,False,0,0,0.0,0,0,0,
100000006446271100,False,False,False,False,False,False,False,False,0,0,0.0,0,0,0,
100000004588479100,False,False,False,False,False,False,False,False,0,0,0.0,0,0,0,
100000002324543100,False,False,False,False,False,False,False,False,0,0,0.0,0,0,0,
100000007129492100,False,False,False,False,False,False,False,True,0,0,0.0,0,0,0,
100000003877908100,False,False,False,False,False,False,False,False,0,0,0.0,0,0,0,
100000002748180100,False,False,False,False,False,False,False,True,0,0,0.0,0,0,0,
100000000945428100,False,False,False,False,False,False,False,False,0,0,0.0,0,0,0,
100000003115284100,False,False,False,False,True,False,True,True,0,0,0.0,0,0,4,стоит в замкнутом маршруте ≤ 6 шагов; дробление: 4 раз получал несколько переводов от одного плательщика за день
100000005394708100,False,True,False,False,False,False,False,True,1,65000,0.0,0,0,0,переводит известному курьеру и получает деньги курьеров — возвратный поток
100000008747113100,False,False,False,False,False,False,False,False,0,0,0.0,0,0,0,
100000004491881100,False,False,False,False,False,False,False,False,0,0,0.0,0,0,0,
100000006008169100,False,False,False,False,False,False,False,False,0,0,0.0,0,0,0,
100000002681449100,False,False,False,False,False,False,False,True,0,0,0.0,0,0,0,
100000002645609100,False,False,False,False,False,False,False,False,0,0,0.0,0,0,0,
100000006369769100,False,False,False,False,False,False,False,False,0,0,0.0,0,0,0,
100000002173161100,False,False,False,True,False,False,False,False,0,0,0.0,0,0,1,конечный получатель: осело 871 тыс. ₸ денег курьеров (2%)
100000008686313100,False,True,False,False,True,False,False,True,1,48100,0.0,0,0,0,переводит известному курьеру и получает деньги курьеров — возвратный поток; стоит в замкнутом маршруте ≤ 6 шагов
100000004692798100,False,False,False,False,True,False,False,True,0,0,0.0,0,0,0,стоит в замкнутом маршруте ≤ 6 шагов
100000002939838100,False,False,False,False,False,False,False,False,0,0,0.0,0,0,0,
100000003119550100,False,False,False,False,False,False,False,False,0,0,0.0,0,0,0,
100000004315838100,False,False,False,False,False,False,False,False,0,0,0.0,0,0,0,
100000002671806100,False,False,False,False,False,False,False,False,0,0,0.0,0,0,0,
100000008716222100,False,False,False,False,False,False,False,False,0,0,0.0,0,0,0,
100000005496254100,False,False,False,False,False,False,False,False,0,0,0.0,0,0,0,
100000004622227100,False,False,False,False,False,False,False,True,0,0,0.0,0,0,0,
100000000274067100,False,False,False,False,True,False,False,True,0,0,0.0,0,0,1,стоит в замкнутом маршруте ≤ 6 шагов
100000008782056100,False,False,False,False,False,False,False,False,0,0,0.0,0,0,0,
100000006788200100,False,False,False,False,False,False,False,True,0,0,0.0,0,0,0,
100000001164648100,False,False,False,False,False,False,False,False,0,0,0.0,0,0,0,
100000005133757100,False,False,False,False,False,False,False,False,0,0,0.0,0,0,0,
100000006445501100,False,False,False,False,False,False,False,False,0,0,0.0,0,0,0,
100000004390333100,True,False,False,False,True,False,False,True,2,160000,0.0,0,0,0,переводит 2 известным курьерам 160 тыс. ₸ — признаки выплат курьерам; стоит в замкнутом маршруте ≤ 6 шагов
100000001641789100,False,False,False,False,False,False,False,False,0,0,0.0,0,0,0,
100000000968253100,False,False,False,False,False,False,False,False,0,0,0.0,0,0,0,
100000001527186100,False,False,False,True,False,False,False,False,0,0,0.0,0,0,1,конечный получатель: осело 678 тыс. ₸ денег курьеров (1%)
100000005852946100,False,False,False,False,False,False,False,False,0,0,0.0,0,0,0,
100000001530983100,False,False,False,False,False,False,False,True,0,0,0.0,0,0,0,
100000008221543100,False,False,False,False,False,False,False,False,0,0,0.0,0,0,0,
100000001937767100,False,True,False,False,True,False,False,True,1,53000,0.0,0,0,0,переводит известному курьеру и получает деньги курьеров — возвратный поток; стоит в замкнутом маршруте ≤ 6 шагов
100000002462183100,False,False,False,False,False,False,False,False,0,0,0.0,0,0,0,
100000001805543100,False,False,False,False,False,False,False,False,0,0,0.0,0,0,0,
100000002606567100,False,False,False,False,False,False,False,False,0,0,0.0,0,0,0,
100000007281639100,False,False,False,False,False,False,False,False,0,0,0.0,0,0,0,
100000002991079100,False,False,False,False,False,False,False,True,0,0,0.0,0,0,1,
100000002847207100,False,False,False,False,False,False,False,False,0,0,0.0,0,0,0,
100000000011452100,False,False,False,False,True,False,False,True,0,0,0.0,0,0,0,стоит в замкнутом маршруте ≤ 6 шагов
100000003148220100,False,True,False,False,True,False,False,True,1,25400,0.0,0,0,0,переводит известному курьеру и получает деньги курьеров — возвратный поток; стоит в замкнутом маршруте ≤ 6 шагов
100000002479804100,False,False,False,False,False,False,False,True,0,0,0.0,0,0,0,
100000008745489100,False,False,False,False,False,False,False,False,0,0,0.0,0,0,0,
100000002289937100,False,False,False,False,False,False,False,False,0,0,0.0,0,0,0,
100000004679953100,False,False,False,False,True,False,False,True,0,0,0.0,0,0,0,стоит в замкнутом маршруте ≤ 6 шагов
100000003066385100,False,False,False,False,False,False,False,False,0,0,0.0,0,0,0,
100000008744849100,False,False,False,False,False,False,False,False,0,0,0.0,0,0,0,
100000005093521100,False,False,False,False,False,False,False,False,0,0,0.0,0,0,0,
100000006518161100,False,False,False,False,True,False,False,True,0,0,0.0,0,0,1,стоит в замкнутом маршруте ≤ 6 шагов
100000001126374100,False,False,False,False,False,False,False,True,0,0,0.0,0,0,0,
100000004509286100,False,False,False,False,False,False,False,False,0,0,0.0,0,0,0,
100000005056870100,False,False,False,False,False,False,False,False,0,0,0.0,0,0,0,
100000008708368100,False,False,False,False,False,False,False,False,0,0,0.0,0,0,0,
100000005895525100,False,False,False,False,False,False,False,False,0,0,0.0,0,0,0,
100000008716773100,False,False,False,False,False,False,False,False,0,0,0.0,0,0,0,
100000002778085100,False,False,False,False,False,False,False,False,0,0,0.0,0,0,0,
100000007055802100,False,False,False,False,True,False,True,True,0,0,0.0,0,0,8,стоит в замкнутом маршруте ≤ 6 шагов; дробление: 8 раз получал несколько переводов от одного плательщика за день
100000003071930100,False,False,False,False,False,False,False,True,0,0,0.0,0,0,0,
100000002941114100,False,False,False,False,True,False,True,True,0,0,0.0,0,0,3,стоит в замкнутом маршруте ≤ 6 шагов; дробление: 3 раз получал несколько переводов от одного плательщика за день
100000003888271100,False,True,False,False,True,False,False,True,1,18680,0.0,0,0,0,переводит известному курьеру и получает деньги курьеров — возвратный поток; стоит в замкнутом маршруте ≤ 6 шагов
100000007507343100,False,False,False,False,False,False,False,False,0,0,0.0,0,0,0,
100000008002020100,False,False,False,False,False,False,False,True,0,0,0.0,0,0,0,
100000001872484100,False,True,False,False,True,False,False,True,1,475400,0.0,0,0,1,переводит известному курьеру и получает деньги курьеров — возвратный поток; стоит в замкнутом маршруте ≤ 6 шагов
100000008769636100,False,False,False,False,False,False,False,False,0,0,0.0,0,0,0,
100000004135268100,False,True,False,False,True,True,False,True,1,150000,0.0,0,2,0,переводит известному курьеру и получает деньги курьеров — возвратный поток; стоит в замкнутом маршруте ≤ 6 шагов; последовательная цепочка транзитов длиной 3 узлов
100000005316708100,False,True,False,False,False,False,False,False,1,30000,0.0,0,0,0,переводит известному курьеру и получает деньги курьеров — возвратный поток
100000008671929100,False,False,False,False,False,False,False,False,0,0,0.0,0,0,0,
100000005287097100,True,False,False,False,True,False,False,True,2,451300,0.0,0,0,1,переводит 2 известным курьерам 451 тыс. ₸ — признаки выплат курьерам; стоит в замкнутом маршруте ≤ 6 шагов
100000007283257100,False,False,False,False,False,False,True,False,0,0,0.0,0,0,2,дробление: 2 раз получал несколько переводов от одного плательщика за день
100000004847758100,False,True,False,False,True,False,False,True,1,56000,0.0,0,0,0,переводит известному курьеру и получает деньги курьеров — возвратный поток; стоит в замкнутом маршруте ≤ 6 шагов
100000008737422100,False,False,False,False,False,False,False,False,0,0,0.0,0,0,0,
100000008555918100,False,False,False,False,False,False,False,False,0,0,0.0,0,0,0,
100000008094734100,False,False,False,False,False,False,False,False,0,0,0.0,0,0,0,
100000006952718100,False,False,False,False,False,False,False,False,0,0,0.0,0,0,0,
100000005339662100,False,True,False,False,True,False,False,True,1,28100,0.0,0,0,1,переводит известному курьеру и получает деньги курьеров — возвратный поток; стоит в замкнутом маршруте ≤ 6 шагов
100000001716579100,False,False,False,False,False,False,False,False,0,0,0.0,0,0,0,
100000002774456100,False,False,False,False,False,False,False,False,0,0,0.0,0,0,0,
100000004394765100,True,False,False,False,False,False,True,True,2,82500,0.0,0,0,2,переводит 2 известным курьерам 82 тыс. ₸ — признаки выплат курьерам; дробление: 2 раз получал несколько переводов от одного плательщика за день
100000004004621100,False,False,False,False,False,False,False,False,0,0,0.0,0,0,0,
100000000907277100,False,False,False,False,False,False,False,False,0,0,0.0,0,0,0,
100000003835149100,False,False,False,False,False,False,False,True,0,0,0.0,0,0,0,
100000004254434100,False,False,False,False,False,False,False,False,0,0,0.0,0,0,1,
100000003635170100,False,False,False,False,True,False,False,True,0,0,0.0,0,0,1,стоит в замкнутом маршруте ≤ 6 шагов
100000006687202100,False,False,False,False,False,False,False,False,0,0,0.0,0,0,0,
100000006030946100,False,False,False,False,False,False,False,False,0,0,0.0,0,0,0,
100000002615479100,False,False,False,False,False,False,False,False,0,0,0.0,0,0,0,
100000002952631100,False,False,False,False,False,False,False,False,0,0,0.0,0,0,0,
100000002890167100,False,False,False,False,False,False,False,False,0,0,0.0,0,0,0,
100000008687671100,False,False,False,False,False,False,False,False,0,0,0.0,0,0,0,
100000000810551100,False,False,False,False,False,False,False,False,0,0,0.0,0,0,0,
100000008724279100,False,False,False,False,False,False,False,False,0,0,0.0,0,0,0,
100000002592567100,False,True,True,False,False,False,False,True,1,40000,0.82,0,0,0,"переводит известному курьеру и получает деньги курьеров — возвратный поток; платит в те же точки сбора, что известные курьеры (82% исходящих) — кандидат в курьеры"
100000002670860100,False,False,False,False,False,False,False,False,0,0,0.0,0,0,0,
100000002844897100,False,False,False,False,False,False,False,False,0,0,0.0,0,0,0,
100000007938486100,False,False,False,False,False,False,False,False,0,0,0.0,0,0,0,
100000008438656100,False,False,False,False,False,False,False,True,0,0,0.0,0,0,0,
100000008304139100,True,False,False,False,True,False,False,True,2,598000,0.0,0,0,0,переводит 2 известным курьерам 598 тыс. ₸ — признаки выплат курьерам; стоит в замкнутом маршруте ≤ 6 шагов
100000002597003100,False,False,False,False,False,False,False,False,0,0,0.0,0,0,0,
100000002830055100,False,False,False,False,False,False,False,False,0,0,0.0,0,0,0,
100000004299488100,False,False,False,False,True,False,True,True,0,0,0.0,0,0,4,стоит в замкнутом маршруте ≤ 6 шагов; дробление: 4 раз получал несколько переводов от одного плательщика за день
100000002809568100,False,False,False,False,False,False,False,False,0,0,0.0,0,0,0,
100000004784224100,False,False,False,False,False,False,False,True,0,0,0.0,0,0,0,
100000003123296100,False,False,False,False,False,False,False,False,0,0,0.0,0,0,1,
100000004130144100,False,False,False,False,False,False,False,False,0,0,0.0,0,0,0,
100000001253557100,False,False,False,False,False,False,False,False,0,0,0.0,0,0,0,
100000008767925100,False,False,False,False,False,False,False,False,0,0,0.0,0,0,0,
100000007181706100,False,False,False,False,False,False,False,False,0,0,0.0,0,0,0,
100000003366154100,False,False,False,False,False,False,False,True,0,0,0.0,0,0,0,
100000007641183100,False,False,False,False,False,False,False,False,0,0,0.0,0,0,0,
100000008663007100,False,False,False,False,False,False,False,False,0,0,0.0,0,0,0,
100000007334196100,False,False,False,False,False,False,False,False,0,0,0.0,0,0,0,
100000003873332100,False,False,False,False,False,False,False,True,0,0,0.0,0,0,0,
100000001550388100,False,False,False,False,False,False,False,False,0,0,0.0,0,0,0,
100000008718089100,False,False,False,False,False,False,False,False,0,0,0.0,0,0,0,
100000008728457100,False,False,False,False,False,False,False,False,0,0,0.0,0,0,0,
100000004206046100,False,False,False,False,False,False,False,False,0,0,0.0,0,0,0,
100000006579678100,False,True,False,False,True,False,False,True,1,81600,0.0,0,0,0,переводит известному курьеру и получает деньги курьеров — возвратный поток; стоит в замкнутом маршруте ≤ 6 шагов
100000002988894100,False,False,False,False,False,False,False,True,0,0,0.0,0,0,0,
100000008749406100,False,False,False,False,False,False,False,False,0,0,0.0,0,0,0,
100000005584222100,False,False,False,False,True,True,False,True,0,0,0.0,0,2,1,стоит в замкнутом маршруте ≤ 6 шагов; последовательная цепочка транзитов длиной 3 узлов
100000003239859100,False,False,False,False,False,False,False,False,0,0,0.0,0,0,0,
100000003980083100,False,False,False,False,False,False,False,False,0,0,0.0,0,0,0,
100000004351795100,False,True,False,False,True,False,False,True,1,39800,0.0,0,0,0,переводит известному курьеру и получает деньги курьеров — возвратный поток; стоит в замкнутом маршруте ≤ 6 шагов
100000002666248100,False,False,False,False,False,False,False,False,0,0,0.0,0,0,0,
100000005877725100,False,False,False,False,False,False,False,False,0,0,0.0,0,0,0,
100000001697501100,False,True,False,False,True,False,False,True,1,90000,0.0,0,0,0,переводит известному курьеру и получает деньги курьеров — возвратный поток; стоит в замкнутом маршруте ≤ 6 шагов
100000006972210100,False,False,False,False,False,False,False,False,0,0,0.0,0,0,0,
100000008749618100,False,False,False,False,False,False,False,False,0,0,0.0,0,0,0,
100000008671026100,False,False,False,False,False,False,False,False,0,0,0.0,0,0,0,
100000001696818100,False,False,False,False,False,False,False,False,0,0,0.0,0,0,0,
100000008679986100,False,False,False,False,False,False,False,False,0,0,0.0,0,0,0,
100000003616818100,False,False,False,False,True,False,False,True,0,0,0.0,0,0,0,стоит в замкнутом маршруте ≤ 6 шагов
100000004156082100,False,False,False,False,True,False,False,True,0,0,0.0,0,0,0,стоит в замкнутом маршруте ≤ 6 шагов
100000008667058100,False,False,False,False,False,False,False,False,0,0,0.0,0,0,0,
100000008628231100,False,False,False,False,False,False,False,True,0,0,0.0,0,0,0,
100000008749063100,False,False,False,False,False,False,False,False,0,0,0.0,0,0,0,
100000004494983100,False,False,False,False,False,False,False,False,0,0,0.0,0,0,0,
100000007648946100,False,False,False,False,False,False,False,True,0,0,0.0,0,0,0,
100000003037660100,False,False,False,False,False,False,False,False,0,0,0.0,0,0,0,
100000002679516100,False,False,False,False,False,False,False,False,0,0,0.0,0,0,0,
100000005588444100,False,False,False,False,False,False,False,False,0,0,0.0,0,0,0,
100000001307612100,False,False,False,False,False,False,False,False,0,0,0.0,0,0,0,
100000003001564100,False,False,False,False,False,False,False,True,0,0,0.0,0,0,0,
100000002762076100,False,False,False,False,False,False,False,False,0,0,0.0,0,0,0,
100000005514161100,False,False,False,False,False,False,True,False,0,0,0.0,0,0,2,дробление: 2 раз получал несколько переводов от одного плательщика за день
100000008746673100,False,False,False,False,False,False,False,False,0,0,0.0,0,0,0,
100000003265158100,False,False,False,False,False,False,False,True,0,0,0.0,0,1,0,
100000001567366100,False,False,False,True,False,False,False,False,0,0,0.0,0,0,0,конечный получатель: осело 824 тыс. ₸ денег курьеров (1%)
100000008777088100,False,False,False,False,False,False,False,False,0,0,0.0,0,0,0,
100000002589019100,False,False,False,False,False,False,False,False,0,0,0.0,0,0,0,
100000008666075100,False,False,False,False,False,False,False,False,0,0,0.0,0,0,0,
100000008137435100,False,False,False,False,True,False,False,True,0,0,0.0,0,0,0,стоит в замкнутом маршруте ≤ 6 шагов
100000004403675100,False,True,False,False,True,False,True,True,1,21000,0.0,0,0,2,переводит известному курьеру и получает деньги курьеров — возвратный поток; стоит в замкнутом маршруте ≤ 6 шагов; дробление: 2 раз получал несколько переводов от одного плательщика за день
100000004677680100,False,False,False,False,True,False,False,True,0,0,0.0,0,0,0,стоит в замкнутом маршруте ≤ 6 шагов
100000005958064100,False,False,False,False,False,False,False,True,0,0,0.0,0,0,0,
100000002881669100,False,False,False,False,False,False,False,False,0,0,0.0,0,0,0,
100000002938501100,False,False,False,False,False,False,False,False,0,0,0.0,0,0,0,
100000006734554100,False,False,False,False,False,False,False,True,0,0,0.0,0,0,0,
100000008003034100,False,False,False,False,True,False,False,True,0,0,0.0,0,0,0,стоит в замкнутом маршруте ≤ 6 шагов
100000003970394100,False,False,False,False,False,False,False,False,0,0,0.0,0,0,0,
100000003205210100,False,False,False,False,False,False,False,False,0,0,0.0,0,0,0,
100000004559194100,False,False,False,False,False,False,False,False,0,0,0.0,0,0,1,
100000008173359100,False,False,False,False,False,False,False,False,0,0,0.0,0,0,0,
100000007953156100,False,False,False,False,False,False,False,True,0,0,0.0,0,0,0,
100000002224132100,False,False,False,False,True,False,False,True,0,0,0.0,0,0,0,стоит в замкнутом маршруте ≤ 6 шагов
100000008547844100,False,False,False,False,True,False,False,True,0,0,0.0,0,0,0,стоит в замкнутом маршруте ≤ 6 шагов
100000002635780100,False,False,False,False,False,False,False,False,0,0,0.0,0,0,0,
100000001279875100,False,False,False,False,False,False,False,False,0,0,0.0,0,0,0,
100000001961048100,False,False,False,False,False,False,False,False,0,0,0.0,0,0,0,
100000000993112100,False,False,False,False,False,False,False,False,0,0,0.0,0,0,0,
100000005547096100,False,False,False,False,True,False,False,False,0,0,0.0,0,0,0,стоит в замкнутом маршруте ≤ 6 шагов
100000000331309100,False,False,True,False,True,False,False,True,0,0,0.06,2,0,1,"платит в те же точки сбора, что известные курьеры (6% исходящих, 2 раз в тот же день) — кандидат в курьеры; стоит в замкнутом маршруте ≤ 6 шагов"
100000006684930100,False,False,False,False,False,False,False,False,0,0,0.0,0,0,0,
100000004479404100,False,False,False,False,True,False,True,True,0,0,0.0,0,0,2,стоит в замкнутом маршруте ≤ 6 шагов; дробление: 2 раз получал несколько переводов от одного плательщика за день
100000004134060100,False,False,False,False,False,False,False,False,0,0,0.0,0,0,0,
100000001083990100,False,False,False,False,False,False,False,False,0,0,0.0,0,0,1,
100000004573782100,False,False,False,False,False,False,False,False,0,0,0.0,0,0,0,
100000005660203100,False,False,False,False,True,False,False,True,0,0,0.0,0,0,1,стоит в замкнутом маршруте ≤ 6 шагов
100000008771627100,False,False,False,False,False,False,False,False,0,0,0.0,0,0,0,
100000000031787100,False,False,False,False,True,False,False,True,0,0,0.0,0,0,0,стоит в замкнутом маршруте ≤ 6 шагов
100000001346560100,False,False,False,False,False,False,False,True,0,0,0.0,0,0,0,
100000001703168100,False,False,False,False,False,False,False,True,0,0,0.0,0,0,0,
100000004904960100,False,False,False,False,False,False,False,False,0,0,0.0,0,0,0,
100000004467157100,False,False,False,False,True,False,False,True,0,0,0.0,0,0,0,стоит в замкнутом маршруте ≤ 6 шагов
100000008346837100,False,True,False,False,True,False,True,True,1,10000,0.0,0,0,2,переводит известному курьеру и получает деньги курьеров — возвратный поток; стоит в замкнутом маршруте ≤ 6 шагов; дробление: 2 раз получал несколько переводов от одного плательщика за день
100000006385877100,False,False,False,False,True,False,True,True,0,0,0.0,0,0,2,стоит в замкнутом маршруте ≤ 6 шагов; дробление: 2 раз получал несколько переводов от одного плательщика за день
100000002459093100,False,False,False,False,False,False,False,False,0,0,0.0,0,0,0,
100000005053653100,False,False,False,False,False,False,False,False,0,0,0.0,0,0,0,
100000001557930100,False,False,False,False,False,False,False,False,0,0,0.0,0,0,0,
100000002820010100,False,False,False,False,False,False,False,False,0,0,0.0,0,0,0,
100000000769919100,False,False,False,False,False,False,False,False,0,0,0.0,0,0,0,
100000003188607100,False,False,False,False,False,False,False,False,0,0,0.0,0,0,0,
100000002836052100,False,False,False,False,False,False,False,False,0,0,0.0,0,0,0,
100000001102676100,False,True,False,False,False,False,False,True,1,50000,0.0,0,0,0,переводит известному курьеру и получает деньги курьеров — возвратный поток
100000003390036100,False,False,False,False,True,False,False,True,0,0,0.0,0,0,0,стоит в замкнутом маршруте ≤ 6 шагов
100000008335401100,False,False,False,False,False,False,False,False,0,0,0.0,0,0,1,
100000006994985100,False,False,False,False,False,False,False,True,0,0,0.0,0,0,0,
100000008356606100,False,False,False,False,False,False,False,False,0,0,0.0,0,0,0,
100000007930878100,False,False,False,False,False,False,False,False,0,0,0.0,0,0,0,
100000008389800100,False,False,False,False,True,False,False,True,0,0,0.0,0,0,0,стоит в замкнутом маршруте ≤ 6 шагов
100000005474472100,False,False,False,False,False,False,False,False,0,0,0.0,0,0,0,
100000004486525100,False,False,False,False,False,False,True,True,0,0,0.0,0,0,4,дробление: 4 раз получал несколько переводов от одного плательщика за день
100000003031890100,False,False,False,False,False,False,False,False,0,0,0.0,0,0,0,
100000008624978100,False,False,False,False,False,False,False,False,0,0,0.0,0,0,0,
100000000790311100,False,False,False,False,False,False,False,False,0,0,0.0,0,0,0,
100000008546855100,False,False,False,False,True,False,False,True,0,0,0.0,0,0,1,стоит в замкнутом маршруте ≤ 6 шагов
100000002863356100,False,False,False,False,False,False,False,False,0,0,0.0,0,0,0,
100000000332284100,False,False,False,False,False,False,False,True,0,0,0.0,0,0,0,
100000002605308100,False,False,False,False,False,False,True,False,0,0,0.0,0,0,2,дробление: 2 раз получал несколько переводов от одного плательщика за день
100000005931985100,False,False,False,False,False,False,False,False,0,0,0.0,0,0,0,
100000001166289100,False,False,False,False,True,False,False,True,0,0,0.0,0,0,0,стоит в замкнутом маршруте ≤ 6 шагов
100000008477350100,False,False,False,False,True,False,False,True,0,0,0.0,0,0,0,стоит в замкнутом маршруте ≤ 6 шагов
100000003824464100,False,False,False,False,False,False,False,False,0,0,0.0,0,0,0,
100000002738256100,False,False,False,False,True,True,False,True,0,0,0.0,0,4,0,стоит в замкнутом маршруте ≤ 6 шагов; последовательная цепочка транзитов длиной 5 узлов
100000001857829100,False,False,True,False,True,False,False,True,0,0,0.13,1,0,1,"платит в те же точки сбора, что известные курьеры (13% исходящих, 1 раз в тот же день) — кандидат в курьеры; стоит в замкнутом маршруте ≤ 6 шагов"
100000008672762100,False,False,False,False,False,False,False,False,0,0,0.0,0,0,0,
100000001737722100,False,False,False,False,False,False,False,False,0,0,0.0,0,0,0,
100000005572303100,False,False,False,False,False,False,False,False,0,0,0.0,0,0,0,
100000008733049100,False,False,False,False,False,False,False,False,0,0,0.0,0,0,0,
100000000850297100,False,False,False,False,True,False,False,True,0,0,0.0,0,0,0,стоит в замкнутом маршруте ≤ 6 шагов
100000005140601100,False,False,False,False,True,False,False,True,0,0,0.0,0,0,0,стоит в замкнутом маршруте ≤ 6 шагов
100000004410489100,False,False,False,False,False,False,False,False,0,0,0.0,0,0,0,
100000006852430100,False,False,False,False,False,False,False,False,0,0,0.0,0,0,0,
100000003166755100,False,False,False,False,False,False,False,False,0,0,0.0,0,0,0,
100000008258083100,False,False,False,False,True,False,True,True,0,0,0.0,0,0,4,стоит в замкнутом маршруте ≤ 6 шагов; дробление: 4 раз получал несколько переводов от одного плательщика за день
100000003054328100,False,False,False,False,False,False,False,True,0,0,0.0,0,0,0,
100000008473207100,False,False,False,False,False,False,False,False,0,0,0.0,0,0,0,
100000008104567100,False,True,False,False,True,False,False,True,1,12000,0.0,0,0,0,переводит известному курьеру и получает деньги курьеров — возвратный поток; стоит в замкнутом маршруте ≤ 6 шагов
100000002721825100,False,False,False,False,False,False,False,False,0,0,0.0,0,0,0,
100000003509750100,False,False,False,False,True,True,False,True,0,0,0.0,0,2,0,стоит в замкнутом маршруте ≤ 6 шагов; последовательная цепочка транзитов длиной 3 узлов
100000007322059100,False,False,False,False,True,False,False,True,0,0,0.0,0,0,0,стоит в замкнутом маршруте ≤ 6 шагов
100000004441291100,False,False,False,False,False,False,False,False,0,0,0.0,0,0,0,
100000006122699100,False,False,False,False,False,False,False,False,0,0,0.0,0,0,0,
100000008254069100,True,False,True,False,True,False,False,True,2,77500,0.54,1,0,1,"переводит 2 известным курьерам 78 тыс. ₸ — признаки выплат курьерам; платит в те же точки сбора, что известные курьеры (54% исходящих, 1 раз в тот же день) — кандидат в курьеры; стоит в замкнутом марш"
100000003336565100,False,False,False,False,False,False,False,False,0,0,0.0,0,0,0,
100000002492277100,False,False,False,False,False,False,False,False,0,0,0.0,0,0,0,
100000001339466100,False,False,False,False,False,False,False,False,0,0,0.0,0,0,0,
100000005022964100,False,False,False,False,False,False,False,False,0,0,0.0,0,0,0,
100000003112436100,False,False,False,False,False,False,False,False,0,0,0.0,0,0,0,
100000000489417100,False,False,False,False,False,False,False,True,0,0,0.0,0,0,0,
100000002217161100,False,False,False,False,True,False,True,True,0,0,0.0,0,0,2,стоит в замкнутом маршруте ≤ 6 шагов; дробление: 2 раз получал несколько переводов от одного плательщика за день
100000002469065100,False,False,False,False,False,False,False,False,0,0,0.0,0,0,0,
100000007337374100,False,False,False,False,False,False,False,False,0,0,0.0,0,0,0,
100000003249054100,False,False,False,False,False,False,False,True,0,0,0.0,0,0,1,
100000003024542100,False,False,False,False,False,False,False,False,0,0,0.0,0,0,0,
100000002718366100,False,False,False,False,False,False,False,False,0,0,0.0,0,0,1,
100000005059998100,False,False,False,False,False,False,False,False,0,0,0.0,0,0,0,
100000004071070100,False,False,False,False,True,False,False,True,0,0,0.0,0,0,0,стоит в замкнутом маршруте ≤ 6 шагов
100000001584286100,False,False,False,False,False,False,False,False,0,0,0.0,0,0,1,
100000008701256100,False,False,False,False,False,False,False,False,0,0,0.0,0,0,0,
100000001490461100,False,False,False,False,False,False,False,True,0,0,0.0,0,0,0,
100000008531186100,False,False,False,False,False,False,False,False,0,0,0.0,0,0,0,
100000004765639100,False,False,False,False,True,False,False,True,0,0,0.0,0,0,0,стоит в замкнутом маршруте ≤ 6 шагов
100000002983879100,False,False,False,False,False,False,False,False,0,0,0.0,0,0,0,
100000008734364100,False,False,False,False,False,False,False,False,0,0,0.0,0,0,0,
100000003192220100,False,False,False,False,False,False,False,False,0,0,0.0,0,0,0,
100000008060273100,False,False,False,False,False,False,False,False,0,0,0.0,0,0,0,
100000008205937100,False,False,False,False,False,False,False,False,0,0,0.0,0,0,0,
100000005507142100,False,False,False,False,True,False,False,True,0,0,0.0,0,0,0,стоит в замкнутом маршруте ≤ 6 шагов
100000005539910100,False,False,False,False,False,False,False,True,0,0,0.0,0,0,0,
100000002459163100,False,False,False,False,False,False,False,False,0,0,0.0,0,0,0,
100000004666651100,False,False,False,False,False,False,False,False,0,0,0.0,0,0,0,
100000003927792100,False,False,False,False,False,False,False,False,0,0,0.0,0,0,0,
100000000607941100,False,False,False,False,True,False,False,True,0,0,0.0,0,0,1,стоит в замкнутом маршруте ≤ 6 шагов
100000004158362100,False,False,False,False,False,False,False,False,0,0,0.0,0,0,0,
100000005664922100,False,False,False,False,True,False,False,False,0,0,0.0,0,0,0,стоит в замкнутом маршруте ≤ 6 шагов
100000007594394100,False,False,False,False,True,False,False,True,0,0,0.0,0,0,0,стоит в замкнутом маршруте ≤ 6 шагов
100000000979567100,False,False,False,False,False,False,False,False,0,0,0.0,0,0,0,
100000002831727100,False,False,False,False,False,False,False,True,0,0,0.0,0,0,0,
100000003062895100,False,False,False,False,False,False,False,False,0,0,0.0,0,0,0,
100000008376089100,False,False,False,False,False,False,False,False,0,0,0.0,0,0,0,
100000003219438100,False,False,False,False,False,False,False,False,0,0,0.0,0,0,0,
100000000967918100,False,False,False,False,False,False,False,False,0,0,0.0,0,0,0,
100000003254723100,False,False,False,False,False,False,False,False,0,0,0.0,0,0,0,
100000003823811100,True,False,False,False,False,False,False,False,3,66130,0.0,0,0,0,переводит 3 известным курьерам 66 тыс. ₸ — признаки выплат курьерам
100000008587459100,False,True,False,False,True,False,False,False,1,95500,0.0,0,0,0,переводит известному курьеру и получает деньги курьеров — возвратный поток; стоит в замкнутом маршруте ≤ 6 шагов
100000008603331100,False,False,False,False,True,False,False,True,0,0,0.0,0,0,0,стоит в замкнутом маршруте ≤ 6 шагов
100000008758168100,False,False,False,False,False,False,False,True,0,0,0.0,0,0,0,
100000003724440100,False,False,False,False,False,False,False,False,0,0,0.0,0,0,0,
100000000291906100,False,False,False,False,True,False,False,True,0,0,0.0,0,0,1,стоит в замкнутом маршруте ≤ 6 шагов
100000005077484100,False,False,False,False,True,False,False,True,0,0,0.0,0,0,0,стоит в замкнутом маршруте ≤ 6 шагов
100000004192107100,False,False,False,False,False,False,False,False,0,0,0.0,0,0,0,
100000002193259100,False,False,False,False,True,False,False,True,0,0,0.0,0,0,0,стоит в замкнутом маршруте ≤ 6 шагов
100000005481280100,True,False,False,False,False,False,False,True,2,34000,0.0,0,0,0,переводит 2 известным курьерам 34 тыс. ₸ — признаки выплат курьерам
100000004527381100,False,False,False,False,True,False,False,True,0,0,0.0,0,0,0,стоит в замкнутом маршруте ≤ 6 шагов
100000001578517100,False,False,False,False,False,False,False,False,0,0,0.0,0,0,0,
100000003741418100,False,False,False,False,True,False,False,False,0,0,0.0,0,0,1,стоит в замкнутом маршруте ≤ 6 шагов
100000008737514100,False,False,False,False,False,False,False,False,0,0,0.0,0,0,0,
100000002870463100,False,False,False,False,True,False,False,True,0,0,0.0,0,0,0,стоит в замкнутом маршруте ≤ 6 шагов
100000008545727100,False,False,False,False,True,False,False,True,0,0,0.0,0,0,0,стоит в замкнутом маршруте ≤ 6 шагов
100000000425407100,False,False,False,False,False,False,False,False,0,0,0.0,0,0,0,
100000001418900100,False,False,False,False,False,False,False,False,0,0,0.0,0,0,0,
100000001677929100,False,False,False,False,True,False,False,True,0,0,0.0,0,0,0,стоит в замкнутом маршруте ≤ 6 шагов
100000002539625100,False,False,False,False,False,False,False,False,0,0,0.0,0,0,0,
100000001965374100,False,False,False,False,True,False,False,True,0,0,0.0,0,0,0,стоит в замкнутом маршруте ≤ 6 шагов
100000001287955100,False,False,False,False,False,False,False,True,0,0,0.29,0,0,0,
100000005402643100,False,False,False,False,False,False,False,False,0,0,0.0,0,0,0,
100000008752616100,False,False,False,False,False,False,False,True,0,0,0.0,0,0,0,
100000000733373100,False,False,False,False,False,False,False,False,0,0,0.0,0,0,0,
100000008531133100,False,False,False,False,False,False,False,True,0,0,0.0,0,0,0,
100000005933757100,False,False,False,False,True,False,False,True,0,0,0.02,0,0,1,стоит в замкнутом маршруте ≤ 6 шагов
100000006490557100,False,False,False,False,False,False,False,False,0,0,0.0,0,0,0,
100000008497298100,False,False,False,False,False,False,False,False,0,0,0.0,0,0,0,
100000005168487100,False,False,False,False,True,False,False,True,0,0,0.0,0,0,0,стоит в замкнутом маршруте ≤ 6 шагов
100000005799271100,False,False,False,False,False,False,False,False,0,0,0.0,0,0,0,
100000000912487100,False,False,False,False,False,False,False,False,0,0,0.0,0,0,0,
100000007982908100,False,False,False,False,False,False,False,False,0,0,0.0,0,0,0,
100000005413948100,False,False,False,False,True,False,False,True,0,0,0.0,0,0,0,стоит в замкнутом маршруте ≤ 6 шагов
100000000724540100,False,False,False,False,False,False,False,False,0,0,0.0,0,0,0,
100000005730108100,False,False,False,False,False,False,False,False,0,0,0.0,0,0,0,
100000002566204100,False,False,False,False,False,False,False,False,0,0,0.0,0,0,0,
100000000625169100,False,False,False,False,False,False,False,False,0,0,0.0,0,0,0,
100000001114385100,False,False,False,False,False,False,False,False,0,0,0.0,0,0,0,
100000002964966100,False,False,False,False,False,False,False,False,0,0,0.0,0,0,0,
100000008771814100,False,False,False,False,False,False,False,False,0,0,0.0,0,0,0,
100000001241318100,False,False,False,False,False,False,False,False,0,0,0.0,0,0,0,
100000001250022100,False,False,False,False,False,False,False,False,0,0,0.0,0,0,0,
100000006534886100,False,False,False,False,True,False,False,True,0,0,0.0,0,0,1,стоит в замкнутом маршруте ≤ 6 шагов
100000008655035100,False,False,False,False,False,False,False,False,0,0,0.0,0,0,0,
100000005932987100,False,False,False,False,False,False,False,False,0,0,0.0,0,0,0,
100000008636603100,True,False,False,False,True,False,False,True,3,75075,0.29,0,0,0,переводит 3 известным курьерам 75 тыс. ₸ — признаки выплат курьерам; стоит в замкнутом маршруте ≤ 6 шагов
100000008710843100,False,False,False,False,True,False,False,True,0,0,0.07,0,0,0,стоит в замкнутом маршруте ≤ 6 шагов
100000000917179100,False,False,False,False,False,False,False,False,0,0,0.0,0,0,1,
100000004209339100,False,False,False,False,True,False,False,True,0,0,0.0,0,0,1,стоит в замкнутом маршруте ≤ 6 шагов
100000008765627100,False,False,False,False,False,False,False,False,0,0,0.0,0,0,0,
100000002443664100,False,False,False,False,False,False,False,False,0,0,0.0,0,0,0,
100000008144528100,False,False,False,False,False,False,True,False,0,0,0.0,0,0,2,дробление: 2 раз получал несколько переводов от одного плательщика за день
100000003988112100,False,False,True,False,True,False,False,True,0,0,1.0,0,0,1,"платит в те же точки сбора, что известные курьеры (100% исходящих) — кандидат в курьеры; стоит в замкнутом маршруте ≤ 6 шагов"
100000008008463100,False,False,False,False,False,False,False,False,0,0,0.0,0,0,0,
100000006679055100,False,False,False,False,False,False,False,False,0,0,0.0,0,0,0,
100000007382543100,False,False,False,False,True,False,False,True,0,0,0.0,0,0,0,стоит в замкнутом маршруте ≤ 6 шагов
100000007749092100,False,False,False,False,True,False,False,False,0,0,0.0,0,0,0,стоит в замкнутом маршруте ≤ 6 шагов
100000004221668100,False,False,False,False,True,True,False,True,0,0,0.0,0,2,0,стоит в замкнутом маршруте ≤ 6 шагов; последовательная цепочка транзитов длиной 3 узлов
100000008174521100,False,False,False,False,False,False,False,False,0,0,0.0,0,0,0,
100000002692750100,False,False,False,False,True,False,False,True,0,0,0.0,0,0,0,стоит в замкнутом маршруте ≤ 6 шагов
100000002173070100,False,False,False,False,False,False,False,False,0,0,0.0,0,0,0,
100000005911352100,False,False,False,False,True,False,False,True,0,0,0.0,0,0,0,стоит в замкнутом маршруте ≤ 6 шагов
100000003068941100,False,False,False,False,False,False,False,True,0,0,0.0,0,0,0,
100000001420847100,False,False,False,False,False,False,False,False,0,0,0.0,0,0,0,
100000005602999100,False,False,False,False,True,False,False,True,0,0,0.0,0,0,0,стоит в замкнутом маршруте ≤ 6 шагов
100000000723383100,False,False,False,False,False,False,False,False,0,0,0.0,0,0,0,
100000006977207100,False,False,False,False,False,False,False,False,0,0,0.0,0,0,0,
100000001273783100,False,False,False,False,False,False,False,False,0,0,0.0,0,0,0,
100000000201868100,False,False,False,False,True,True,False,True,0,0,0.0,0,2,0,стоит в замкнутом маршруте ≤ 6 шагов; последовательная цепочка транзитов длиной 3 узлов
100000007777377100,False,False,False,False,False,False,False,True,0,0,0.0,0,0,0,
100000004192865100,False,False,False,False,False,False,False,False,0,0,0.0,0,0,0,
100000006901046100,False,False,False,False,True,False,False,True,0,0,0.0,0,0,1,стоит в замкнутом маршруте ≤ 6 шагов
100000000437046100,False,False,True,False,True,False,True,True,0,0,0.08,2,0,2,"платит в те же точки сбора, что известные курьеры (8% исходящих, 2 раз в тот же день) — кандидат в курьеры; стоит в замкнутом маршруте ≤ 6 шагов; дробление: 2 раз получал несколько переводов от одного"
100000008765494100,False,False,False,False,False,False,False,False,0,0,0.0,0,0,0,
100000008713270100,False,False,False,False,False,False,False,True,0,0,0.0,0,0,0,
100000003603979100,False,False,False,False,False,False,False,False,0,0,0.0,0,0,0,
100000000943371100,False,False,False,False,False,False,False,False,0,0,0.0,0,0,0,
100000008672480100,False,False,False,False,False,False,False,False,0,0,0.0,0,0,0,
100000008691168100,False,False,False,False,False,False,False,False,0,0,0.0,0,0,0,
100000003237045100,False,False,False,False,True,False,False,False,0,0,0.0,0,0,1,стоит в замкнутом маршруте ≤ 6 шагов
100000008736394100,False,False,False,False,False,False,False,False,0,0,0.0,0,0,0,
100000004160650100,False,True,False,False,True,False,False,True,1,535744,0.0,0,0,0,переводит известному курьеру и получает деньги курьеров — возвратный поток; стоит в замкнутом маршруте ≤ 6 шагов
100000000629812100,False,False,False,False,False,False,False,False,0,0,0.0,0,0,0,
100000000955444100,False,False,False,False,False,False,False,False,0,0,0.0,0,0,0,
100000008731444100,False,False,False,False,False,False,False,True,0,0,0.0,0,0,0,
100000008413748100,False,False,False,False,True,False,False,True,0,0,0.0,0,0,0,стоит в замкнутом маршруте ≤ 6 шагов
100000006787636100,False,False,False,False,False,False,False,False,0,0,0.0,0,0,0,
100000005942793100,False,False,False,False,False,False,False,False,0,0,0.0,0,0,0,
100000008730846100,False,False,True,False,False,False,False,True,0,0,0.51,1,0,1,"платит в те же точки сбора, что известные курьеры (51% исходящих, 1 раз в тот же день) — кандидат в курьеры"
100000002570206100,False,False,False,False,False,False,False,False,0,0,0.0,0,0,0,
100000000785800100,False,True,False,False,True,False,False,True,1,19000,0.0,0,1,0,переводит известному курьеру и получает деньги курьеров — возвратный поток; стоит в замкнутом маршруте ≤ 6 шагов
100000007382152100,False,False,False,False,False,False,False,False,0,0,0.0,0,0,0,
100000000910216100,False,False,False,False,False,False,False,True,0,0,0.0,0,0,0,
100000003131016100,False,False,False,False,True,False,False,True,0,0,0.0,0,0,1,стоит в замкнутом маршруте ≤ 6 шагов
100000003221384100,False,False,False,False,False,False,False,False,0,0,0.0,0,0,0,
100000002156381100,False,False,False,False,True,False,False,True,0,0,0.0,0,0,1,стоит в замкнутом маршруте ≤ 6 шагов
100000002779485100,False,False,False,False,False,False,False,False,0,0,0.0,0,0,0,
100000008774237100,False,False,False,False,False,False,False,True,0,0,0.0,0,0,0,
100000002628146100,False,False,False,False,False,False,False,False,0,0,0.0,0,0,1,
100000002852402100,False,False,False,False,False,False,False,False,0,0,0.0,0,0,0,
100000006989106100,False,False,False,False,False,False,False,False,0,0,0.0,0,0,0,
100000002958343100,False,False,False,False,True,False,False,True,0,0,0.0,0,0,0,стоит в замкнутом маршруте ≤ 6 шагов
100000008461532100,False,False,False,False,True,False,False,True,0,0,0.0,0,0,0,стоит в замкнутом маршруте ≤ 6 шагов
100000004400305100,False,False,False,False,True,False,False,True,0,0,0.0,0,0,1,стоит в замкнутом маршруте ≤ 6 шагов
100000000297649100,False,False,False,False,True,False,False,True,0,0,0.0,0,0,0,стоит в замкнутом маршруте ≤ 6 шагов
100000003191430100,False,False,False,False,False,False,False,False,0,0,0.0,0,0,0,
100000003275398100,False,False,False,False,False,False,False,False,0,0,0.0,0,0,0,
100000005203590100,False,False,False,False,False,False,False,False,0,0,0.0,0,0,0,
100000008672603100,False,False,False,False,False,False,False,False,0,0,0.0,0,0,0,
100000000718427100,False,False,False,False,False,False,False,False,0,0,0.0,0,0,0,
100000003104347100,False,False,False,False,False,False,False,True,0,0,0.0,0,0,0,
100000002974256100,False,False,False,False,False,False,False,False,0,0,0.0,0,0,0,
100000007173936100,False,False,False,False,False,False,False,False,0,0,0.0,0,0,0,
100000002744581100,False,False,False,False,False,False,False,False,0,0,0.0,0,0,0,
100000000596954100,False,False,False,False,False,False,False,True,0,0,0.0,0,1,0,
100000004950490100,False,False,False,False,False,False,False,False,0,0,0.0,0,0,0,
100000008772058100,False,False,False,False,False,False,False,False,0,0,0.0,0,0,0,
100000000971908100,False,False,False,False,False,False,False,False,0,0,0.0,0,0,0,
100000008687492100,False,False,False,False,False,False,False,False,0,0,0.0,0,0,0,
100000003159641100,False,False,False,False,False,False,True,True,0,0,0.0,0,0,3,дробление: 3 раз получал несколько переводов от одного плательщика за день
100000005326681100,False,False,False,False,False,False,False,False,0,0,0.0,0,0,0,
100000006888238100,False,False,False,False,False,False,False,False,0,0,0.0,0,0,0,
100000001290243100,False,False,False,False,False,False,False,False,0,0,0.0,0,0,0,
100000008289539100,False,False,False,False,False,False,False,False,0,0,0.0,0,0,0,
100000000821507100,False,False,False,False,False,False,False,False,0,0,0.0,0,0,0,
100000003086040100,False,False,False,False,False,False,False,False,0,0,0.0,0,0,0,
100000002969048100,False,False,False,False,False,False,False,False,0,0,0.0,0,0,0,
100000002826669100,False,False,False,False,False,False,False,False,0,0,0.0,0,0,0,
100000002293421100,False,False,False,False,True,False,False,True,0,0,0.0,0,0,1,стоит в замкнутом маршруте ≤ 6 шагов
100000004732589100,False,False,False,False,False,False,False,False,0,0,0.0,0,0,0,
100000003003821100,False,False,False,False,False,False,False,False,0,0,0.0,0,0,0,
100000005237935150,False,False,False,False,False,False,False,False,0,0,0.0,0,0,0,
100000004463277100,False,False,False,False,False,False,False,False,0,0,0.0,0,0,0,
100000006523053100,False,False,False,False,False,False,False,False,0,0,0.0,0,0,0,
100000001954903100,False,False,False,False,False,False,False,False,0,0,0.0,0,0,0,
100000005328215100,False,False,False,False,False,False,False,False,0,0,0.0,0,0,0,
100000004424023100,False,False,False,False,False,False,False,False,0,0,0.0,0,0,0,
100000002299948100,False,False,False,False,False,False,False,False,0,0,0.0,0,0,0,
100000005105153100,False,False,False,False,False,False,False,False,0,0,0.0,0,0,0,
100000001985793100,False,False,False,False,False,False,False,False,0,0,0.0,0,0,0,
100000003134934100,False,False,False,False,False,False,False,False,0,0,0.0,0,0,0,
100000006240939100,False,False,False,False,False,False,False,True,0,0,0.0,0,0,0,
100000008656043100,False,False,False,False,False,False,False,False,0,0,0.0,0,0,0,
100000002605184100,False,False,False,False,False,False,False,False,0,0,0.0,0,0,0,
100000003157333100,False,False,False,False,False,False,False,False,0,0,0.0,0,0,0,
100000007898453100,False,False,False,False,True,False,False,True,0,0,0.0,0,0,0,стоит в замкнутом маршруте ≤ 6 шагов
100000002710570100,False,False,False,False,False,False,False,False,0,0,0.0,0,0,0,
100000004979498100,False,True,False,False,True,False,False,True,1,200000,0.0,0,0,0,переводит известному курьеру и получает деньги курьеров — возвратный поток; стоит в замкнутом маршруте ≤ 6 шагов
100000001541418100,False,False,False,False,False,False,False,False,0,0,0.0,0,0,0,
100000007797290100,False,False,False,False,False,False,False,True,0,0,0.0,0,0,0,
100000008683818100,False,False,False,False,False,False,False,False,0,0,0.0,0,0,0,
100000006567935100,False,False,False,False,False,False,False,False,0,0,0.0,0,0,0,
100000002132479100,False,False,False,False,True,False,False,True,0,0,0.0,0,0,0,стоит в замкнутом маршруте ≤ 6 шагов
100000002170580100,False,False,False,False,False,False,False,False,0,0,0.0,0,0,0,
100000001232297100,False,False,False,False,True,False,False,True,0,0,0.0,0,0,0,стоит в замкнутом маршруте ≤ 6 шагов
100000002028158100,False,False,False,False,False,False,False,False,0,0,0.0,0,0,0,
100000005519998100,False,False,False,False,True,True,False,True,0,0,0.0,0,4,0,стоит в замкнутом маршруте ≤ 6 шагов; последовательная цепочка транзитов длиной 5 узлов
100000002335358100,False,False,False,False,False,False,False,False,0,0,0.0,0,0,0,
100000007289427100,False,False,False,False,False,False,False,False,0,0,0.0,0,0,0,
100000004592467100,False,False,False,False,False,False,False,False,0,0,0.0,0,0,0,
100000004993576100,False,False,False,False,False,False,False,False,0,0,0.0,0,0,0,
100000001648936100,False,False,False,False,False,False,False,False,0,0,0.0,0,0,0,
100000008512552100,False,False,False,False,True,False,False,True,0,0,0.0,0,0,1,стоит в замкнутом маршруте ≤ 6 шагов
100000007629096100,False,False,False,False,True,False,False,True,0,0,0.0,0,0,0,стоит в замкнутом маршруте ≤ 6 шагов
100000001601320100,False,False,False,False,False,False,False,True,0,0,0.0,0,0,0,
100000005782781100,False,False,False,False,True,False,False,True,0,0,0.21,0,0,1,стоит в замкнутом маршруте ≤ 6 шагов
100000002723538100,False,True,False,False,True,False,False,True,1,38000,0.0,0,0,0,переводит известному курьеру и получает деньги курьеров — возвратный поток; стоит в замкнутом маршруте ≤ 6 шагов
100000002340562100,False,False,False,False,False,False,False,False,0,0,0.0,0,0,0,
100000005939154100,False,False,False,False,False,False,False,False,0,0,0.0,0,0,0,
100000004386258100,False,False,False,False,True,False,False,True,0,0,0.0,0,1,0,стоит в замкнутом маршруте ≤ 6 шагов
100000008406609100,False,False,False,False,False,False,False,False,0,0,0.0,0,0,0,
100000007242833100,False,False,False,False,False,False,False,True,0,0,0.0,0,1,1,
100000004698193100,False,False,False,False,True,False,True,True,0,0,0.0,0,0,3,стоит в замкнутом маршруте ≤ 6 шагов; дробление: 3 раз получал несколько переводов от одного плательщика за день
100000002733905100,False,False,False,False,True,False,False,True,0,0,0.0,0,0,0,стоит в замкнутом маршруте ≤ 6 шагов
100000006912294100,False,False,False,False,True,False,False,False,0,0,0.0,0,0,0,стоит в замкнутом маршруте ≤ 6 шагов
100000003036198100,False,False,False,False,False,False,False,False,0,0,0.0,0,0,0,
100000004687099100,False,False,False,False,False,False,False,False,0,0,0.0,0,0,0,
100000005242320100,False,False,False,False,False,False,False,True,0,0,0.0,0,0,0,
100000008762832100,False,False,False,False,True,False,False,False,0,0,0.0,0,0,0,стоит в замкнутом маршруте ≤ 6 шагов
100000002489253100,False,False,False,False,False,False,False,False,0,0,0.0,0,0,0,
100000004756901100,False,False,False,False,False,False,False,False,0,0,0.0,0,0,0,
100000008749989100,False,False,False,False,False,False,False,False,0,0,0.0,0,0,0,
100000001380986100,False,False,False,False,False,False,False,False,0,0,0.0,0,0,0,
100000003089018100,False,False,False,False,False,False,False,False,0,0,0.0,0,0,0,
100000008742266100,False,False,False,False,False,False,False,False,0,0,0.0,0,0,0,
100000003044431100,False,False,False,False,False,False,False,False,0,0,0.0,0,0,0,
100000003321423100,False,False,False,False,False,False,False,False,0,0,0.0,0,0,0,
100000002540623100,False,False,False,False,False,False,False,False,0,0,0.0,0,0,0,
100000004225615100,False,False,False,False,False,False,False,False,0,0,0.0,0,0,1,
100000004820260100,False,False,False,False,True,False,True,True,0,0,0.0,0,1,3,стоит в замкнутом маршруте ≤ 6 шагов; дробление: 3 раз получал несколько переводов от одного плательщика за день
100000000795129100,False,False,False,False,False,False,False,False,0,0,0.0,0,0,0,
100000008213966100,False,False,False,False,True,False,False,True,0,0,0.0,0,0,1,стоит в замкнутом маршруте ≤ 6 шагов
100000008478414100,False,False,False,False,False,False,False,False,0,0,0.0,0,0,0,
100000001330595100,False,False,False,False,False,False,False,True,0,0,0.0,0,0,0,
100000000076451100,False,False,False,False,True,False,False,True,0,0,0.0,0,0,0,стоит в замкнутом маршруте ≤ 6 шагов
100000005664632100,False,False,False,False,False,False,True,False,0,0,0.0,0,0,3,дробление: 3 раз получал несколько переводов от одного плательщика за день
100000002457464100,False,False,False,False,False,False,False,False,0,0,0.0,0,0,0,
100000002757240100,False,False,False,False,False,False,False,False,0,0,0.0,0,0,0,
100000003718221100,False,False,False,False,True,False,False,True,0,0,0.0,0,0,0,стоит в замкнутом маршруте ≤ 6 шагов
100000008629581100,False,False,False,False,False,False,False,False,0,0,0.0,0,0,0,
100000004806903100,False,False,False,False,False,False,False,False,0,0,0.0,0,0,0,
100000000913911100,False,False,False,False,False,False,False,True,0,0,0.0,0,0,0,
100000004905207100,False,False,False,False,False,False,False,False,0,0,0.0,0,0,0,
100000003831201100,False,False,False,False,False,False,False,False,0,0,0.0,0,0,0,
100000003073398100,False,False,False,False,False,False,False,False,0,0,0.0,0,0,0,
100000008418934100,False,False,False,False,False,False,False,False,0,0,0.0,0,0,0,
100000002741024100,False,False,False,False,True,False,False,True,0,0,0.0,0,0,1,стоит в замкнутом маршруте ≤ 6 шагов
100000008106997100,False,False,False,False,False,False,False,True,0,0,0.0,0,0,0,
100000007998965100,False,False,False,False,False,False,False,True,0,0,0.0,0,0,0,
100000001822623100,False,False,False,False,False,False,False,False,0,0,0.0,0,0,0,
100000006424479100,False,False,False,False,False,False,False,True,0,0,0.0,0,0,0,
100000008696692100,False,False,False,False,False,False,False,False,0,0,0.0,0,0,0,
100000002748532100,False,False,False,False,False,False,False,True,0,0,0.0,0,0,0,
100000004456564100,False,False,False,False,False,False,False,False,0,0,0.0,0,0,0,
100000001530740100,False,False,False,False,False,False,False,False,0,0,0.0,0,0,0,
100000001386612100,False,False,False,False,False,False,False,False,0,0,0.0,0,0,0,
100000003360542100,False,False,True,False,True,False,False,True,0,0,0.59,0,0,0,"платит в те же точки сбора, что известные курьеры (59% исходящих) — кандидат в курьеры; стоит в замкнутом маршруте ≤ 6 шагов"
100000008352542100,False,False,False,False,False,False,False,False,0,0,0.0,0,0,0,
100000001138376100,False,False,False,False,False,False,False,False,0,0,0.0,0,0,0,
100000003246024100,False,False,False,False,False,False,False,True,0,0,0.0,0,0,0,
100000002680477100,False,False,False,False,False,False,False,False,0,0,0.0,0,0,0,
100000005882013100,False,False,False,False,True,False,False,True,0,0,0.0,0,0,0,стоит в замкнутом маршруте ≤ 6 шагов
100000005665181100,False,False,False,False,True,False,False,True,0,0,0.0,0,0,0,стоит в замкнутом маршруте ≤ 6 шагов
100000008141170100,False,False,False,False,False,False,False,False,0,0,0.0,0,0,0,
100000001382002100,False,False,False,False,True,True,False,True,0,0,0.0,0,2,0,стоит в замкнутом маршруте ≤ 6 шагов; последовательная цепочка транзитов длиной 3 узлов
100000002481735100,False,False,False,False,False,False,False,False,0,0,0.0,0,0,0,
100000000806727100,False,False,False,False,False,False,False,True,0,0,0.0,0,0,0,
100000003039473100,False,False,False,False,False,False,False,False,0,0,0.0,0,0,0,
100000005205745100,False,False,False,False,False,False,False,False,0,0,0.0,0,0,0,
100000004356593100,False,False,False,False,False,False,False,True,0,0,0.0,0,0,0,
100000008688881100,False,False,False,False,False,False,False,False,0,0,0.0,0,0,0,
100000008111003100,False,False,False,False,True,False,False,True,0,0,0.0,0,0,1,стоит в замкнутом маршруте ≤ 6 шагов
100000003016773100,False,False,False,False,False,False,False,False,0,0,0.0,0,0,0,
100000004674799100,False,False,False,False,False,False,True,False,0,0,0.0,0,0,2,дробление: 2 раз получал несколько переводов от одного плательщика за день
100000005834479100,False,False,False,False,False,False,False,False,0,0,0.0,0,0,0,
100000003278020100,False,False,False,False,False,False,False,False,0,0,0.0,0,0,0,
100000000831684100,False,False,False,False,True,False,False,True,0,0,0.0,0,0,1,стоит в замкнутом маршруте ≤ 6 шагов
100000000307908100,False,False,False,False,False,False,False,False,0,0,0.0,0,0,0,
100000001782980100,False,False,False,False,False,False,False,True,0,0,0.0,0,0,0,
100000002454724100,False,False,False,False,False,False,False,False,0,0,0.0,0,0,0,
100000005904580100,False,False,False,False,False,False,False,False,0,0,0.0,0,0,0,
100000008474308100,False,False,False,False,True,False,False,False,0,0,0.0,0,0,0,стоит в замкнутом маршруте ≤ 6 шагов
100000000795033100,False,False,False,False,False,False,False,False,0,0,0.0,0,0,0,
100000000861294100,False,False,False,False,False,False,False,False,0,0,0.0,0,0,0,
100000006557763100,False,False,False,False,False,False,False,False,0,0,0.0,0,0,0,
100000005608515100,False,False,False,False,False,False,False,False,0,0,0.0,0,0,1,
100000003922499100,False,False,False,False,False,False,False,False,0,0,0.0,0,0,0,
100000008603629100,False,False,False,False,True,False,True,True,0,0,0.0,0,0,6,стоит в замкнутом маршруте ≤ 6 шагов; дробление: 6 раз получал несколько переводов от одного плательщика за день
100000004825069100,False,False,False,False,False,False,False,False,0,0,0.0,0,0,1,
100000004331458100,False,False,False,False,False,False,False,False,0,0,0.0,0,0,0,
100000002911170100,False,False,False,False,False,False,False,False,0,0,0.0,0,0,0,
100000008011159100,False,False,False,False,True,False,False,True,0,0,0.0,0,0,0,стоит в замкнутом маршруте ≤ 6 шагов
100000003854444100,False,False,False,False,False,False,False,True,0,0,0.0,0,0,0,
100000008547948100,False,False,False,False,True,False,False,True,0,0,0.0,0,0,0,стоит в замкнутом маршруте ≤ 6 шагов
100000005175148100,False,False,False,False,True,False,False,True,0,0,0.0,0,1,1,стоит в замкнутом маршруте ≤ 6 шагов
100000002087788100,False,False,False,False,False,False,False,False,0,0,0.0,0,0,0,
100000004150593100,False,False,False,False,True,False,False,True,0,0,0.08,0,0,1,стоит в замкнутом маршруте ≤ 6 шагов
100000001597505100,False,False,True,False,False,False,False,False,0,0,1.0,0,0,0,"платит в те же точки сбора, что известные курьеры (100% исходящих) — кандидат в курьеры"
100000007629121100,False,False,False,False,False,False,False,False,0,0,0.0,0,0,0,
100000005614315100,False,False,False,False,False,False,False,False,0,0,0.0,0,0,0,
100000008324800100,False,False,False,False,True,False,True,True,0,0,0.0,0,0,3,стоит в замкнутом маршруте ≤ 6 шагов; дробление: 3 раз получал несколько переводов от одного плательщика за день
100000005030592100,False,False,False,False,False,False,False,False,0,0,0.0,0,0,0,
100000001633685100,False,False,False,False,False,False,False,False,0,0,0.0,0,0,0,
100000001848426100,False,False,False,False,False,False,False,False,0,0,0.0,0,0,0,
100000004580202100,False,False,False,False,False,False,False,True,0,0,0.0,0,0,0,
100000008717375100,False,False,False,False,False,False,False,False,0,0,0.0,0,0,0,
100000007861311100,False,False,False,False,False,False,False,False,0,0,0.0,0,0,0,
100000005578559100,False,False,False,False,True,False,False,True,0,0,0.09,0,0,0,стоит в замкнутом маршруте ≤ 6 шагов
100000008764436100,False,False,False,False,False,False,False,False,0,0,0.0,0,0,0,
100000000190228100,False,False,False,False,False,False,False,False,0,0,0.0,0,0,0,
100000003971049100,False,False,False,False,False,False,False,False,0,0,0.0,0,0,0,
100000008743913100,False,False,False,False,False,False,False,True,0,0,0.0,0,0,0,
100000004400361100,False,False,False,False,False,False,False,False,0,0,0.0,0,0,0,
100000002175422100,False,False,False,False,True,False,False,True,0,0,0.0,0,0,0,стоит в замкнутом маршруте ≤ 6 шагов
100000004544958100,False,False,False,False,True,False,False,True,0,0,0.0,0,0,1,стоит в замкнутом маршруте ≤ 6 шагов
100000008466579100,False,False,True,False,True,False,False,True,0,0,0.08,1,0,0,"платит в те же точки сбора, что известные курьеры (8% исходящих, 1 раз в тот же день) — кандидат в курьеры; стоит в замкнутом маршруте ≤ 6 шагов"
100000001184915100,False,False,False,False,False,False,False,False,0,0,0.0,0,0,1,
100000004435304100,False,False,False,False,False,False,False,False,0,0,0.0,0,0,0,
100000008762728100,False,False,False,False,False,False,False,False,0,0,0.0,0,0,0,
100000004285800100,False,False,False,False,False,False,False,False,0,0,0.0,0,0,0,
100000008557672100,False,False,False,False,False,False,False,False,0,0,0.0,0,0,0,
100000005142589100,False,False,False,False,False,False,False,False,0,0,0.0,0,0,1,
100000003747133100,False,False,False,False,False,False,False,True,0,0,0.0,0,0,0,
100000003289405100,False,False,False,False,False,False,False,False,0,0,0.0,0,0,0,
100000002691858100,False,False,False,False,False,False,False,False,0,0,0.0,0,0,0,
100000007534354100,False,False,False,False,False,False,False,False,0,0,0.0,0,0,0,
100000000765628100,False,False,False,False,False,False,False,False,0,0,0.0,0,0,0,
100000004962193100,False,False,False,False,False,False,False,False,0,0,0.0,0,0,1,
100000005032294100,False,False,False,False,False,False,False,False,0,0,0.0,0,0,0,
100000001251686100,False,False,False,False,False,False,False,False,0,0,0.0,0,0,0,
100000002398779100,False,False,False,False,False,False,True,True,0,0,0.0,0,0,7,дробление: 7 раз получал несколько переводов от одного плательщика за день
100000008512827100,False,False,False,False,False,False,False,True,0,0,0.0,0,0,0,
100000003943483100,False,False,False,False,False,False,False,False,0,0,0.0,0,0,0,
100000005031696100,False,False,False,False,False,False,False,True,0,0,0.0,0,0,0,
100000002703376100,False,False,False,False,False,False,False,False,0,0,0.0,0,0,0,
100000003617552100,False,False,False,False,False,False,False,False,0,0,0.0,0,0,0,
100000007617808100,False,False,False,False,False,False,False,False,0,0,0.0,0,0,0,
100000002613776100,False,False,False,False,False,False,False,False,0,0,0.0,0,0,0,
100000002578405100,False,False,False,False,True,False,True,True,0,0,0.0,0,0,2,стоит в замкнутом маршруте ≤ 6 шагов; дробление: 2 раз получал несколько переводов от одного плательщика за день
100000006161893100,False,False,False,False,False,False,False,False,0,0,0.0,0,0,0,
100000002633701100,False,False,False,False,False,False,False,False,0,0,0.0,0,0,0,
100000002432143100,False,False,False,False,False,False,False,False,0,0,0.0,0,0,0,
100000000490383100,False,False,False,False,False,False,False,True,0,0,0.0,0,0,0,
100000005809252100,False,False,False,False,False,False,False,False,0,0,0.0,0,0,0,
100000006612238100,False,False,False,False,True,False,False,True,0,0,0.0,0,0,0,стоит в замкнутом маршруте ≤ 6 шагов
100000002593038100,False,False,False,False,False,False,False,False,0,0,0.0,0,0,0,
100000002947299100,False,False,False,False,False,False,False,False,0,0,0.0,0,0,0,
100000004336312100,False,False,False,False,True,True,False,True,0,0,0.0,0,4,0,стоит в замкнутом маршруте ≤ 6 шагов; последовательная цепочка транзитов длиной 5 узлов
100000001308856100,False,False,False,False,False,False,False,False,0,0,0.0,0,0,0,
100000008238989100,False,False,False,False,False,False,False,False,0,0,0.0,0,0,0,
100000005561741100,False,False,False,False,False,False,False,False,0,0,0.0,0,0,0,
100000006248077100,False,False,False,False,False,False,False,False,0,0,0.0,0,0,0,
100000000646541100,False,False,False,False,False,False,False,False,0,0,0.0,0,0,0,
100000006595426100,False,False,False,False,False,False,False,False,0,0,0.0,0,0,0,
100000002956898100,False,False,False,False,False,False,False,False,0,0,0.0,0,0,0,
100000001262647100,False,False,False,False,False,False,False,False,0,0,0.0,0,0,0,
100000005849100100,False,False,False,False,False,False,False,False,0,0,0.0,0,0,0,
100000000533217100,False,False,False,False,False,False,False,False,0,0,0.0,0,0,0,
100000002812641100,False,False,True,False,True,False,False,True,0,0,1.0,1,0,0,"платит в те же точки сбора, что известные курьеры (100% исходящих, 1 раз в тот же день) — кандидат в курьеры; стоит в замкнутом маршруте ≤ 6 шагов"
100000008647905100,False,False,False,False,False,False,False,True,0,0,0.0,0,0,0,
100000002842337100,False,False,False,False,False,False,False,False,0,0,0.0,0,0,0,
100000002445750100,False,False,False,False,False,False,False,False,0,0,0.0,0,0,0,
100000005619339100,False,False,False,False,False,False,False,False,0,0,0.0,0,0,0,
100000006844768100,False,False,False,False,True,False,False,True,0,0,0.0,0,0,0,стоит в замкнутом маршруте ≤ 6 шагов
100000002488629100,False,False,False,False,False,False,False,False,0,0,0.0,0,0,0,
100000002796853100,False,False,False,False,True,True,True,True,0,0,0.0,0,3,2,стоит в замкнутом маршруте ≤ 6 шагов; последовательная цепочка транзитов длиной 4 узлов; дробление: 2 раз получал несколько переводов от одного плательщика за день
100000006755850100,False,False,False,False,False,False,False,False,0,0,0.0,0,0,1,
100000008733194100,True,False,False,False,True,False,False,True,4,105695,0.0,0,0,0,переводит 4 известным курьерам 106 тыс. ₸ — признаки выплат курьерам; стоит в замкнутом маршруте ≤ 6 шагов
100000001904863100,False,False,False,False,False,False,False,False,0,0,0.0,0,0,0,
100000001641951100,False,False,False,False,False,False,False,False,0,0,0.0,0,0,0,
100000004816564100,False,False,False,False,False,False,False,True,0,0,0.0,0,0,0,
100000002205022100,False,False,False,False,False,False,False,True,0,0,0.0,0,0,0,
100000002267998100,False,False,False,False,True,False,False,True,0,0,0.0,0,0,0,стоит в замкнутом маршруте ≤ 6 шагов
100000002199091100,False,False,False,False,False,False,False,False,0,0,0.0,0,0,0,
100000008571443100,False,False,False,False,False,False,False,False,0,0,0.0,0,0,0,
100000002742067100,False,False,False,False,False,False,False,False,0,0,0.0,0,0,0,
100000003292979100,False,False,False,False,False,False,False,False,0,0,0.0,0,0,0,
100000002558173100,False,False,False,False,False,False,False,False,0,0,0.0,0,0,0,
100000004687282100,False,False,False,False,False,False,False,False,0,0,0.0,0,0,0,
100000003034546100,False,False,False,False,False,False,False,False,0,0,0.0,0,0,0,
100000003798151100,False,False,False,False,False,False,False,False,0,0,0.0,0,0,0,
100000008710791100,False,False,False,False,False,False,False,True,0,0,0.0,0,0,0,
100000008688476100,False,False,False,False,False,False,False,False,0,0,0.0,0,0,0,
100000003242289100,False,False,False,False,True,False,False,True,0,0,0.0,0,0,1,стоит в замкнутом маршруте ≤ 6 шагов
100000006564102100,False,False,False,False,False,False,False,False,0,0,0.0,0,0,0,
100000001526235100,False,False,False,False,True,False,False,True,0,0,0.0,0,0,0,стоит в замкнутом маршруте ≤ 6 шагов
100000004398811100,False,False,False,False,False,False,False,True,0,0,0.0,0,0,0,
100000002957787100,False,False,False,False,True,False,False,True,0,0,0.0,0,0,1,стоит в замкнутом маршруте ≤ 6 шагов
100000002621915100,False,False,False,False,False,False,False,False,0,0,0.0,0,0,0,
100000008283183100,False,False,False,False,False,False,False,False,0,0,0.0,0,0,0,
100000003843844100,False,False,False,False,False,False,False,True,0,0,0.0,0,0,0,
100000000954884100,False,False,False,False,False,False,False,False,0,0,0.0,0,0,0,
100000005893892100,False,False,False,False,False,False,False,False,0,0,0.0,0,0,0,
100000001819396100,False,False,False,False,False,False,False,False,0,0,0.0,0,0,0,
100000008472324100,False,False,False,False,False,False,False,False,0,0,0.0,0,0,0,
100000002646745100,False,False,False,False,False,False,False,False,0,0,0.0,0,0,0,
100000008405209100,False,False,False,False,False,False,False,False,0,0,0.0,0,0,0,
100000004417753100,False,False,False,False,False,False,False,False,0,0,0.0,0,0,0,
100000003457710100,False,False,False,False,False,False,False,True,0,0,0.0,0,0,0,
100000007333038100,False,False,False,False,False,False,False,False,0,0,0.0,0,0,0,
100000006444163100,False,False,False,False,False,False,False,False,0,0,0.0,0,0,0,
100000008706947100,False,False,False,False,False,False,False,False,0,0,0.0,0,0,0,
100000008761219100,False,False,False,False,False,False,False,True,0,0,0.0,0,0,0,
100000005022552100,False,False,False,False,False,False,False,True,0,0,0.0,0,0,0,
100000008735832100,False,False,False,False,False,False,False,False,0,0,0.0,0,0,0,
100000005661528100,False,False,False,False,False,False,False,False,0,0,0.0,0,0,0,
100000002529880100,False,False,False,False,False,False,False,False,0,0,0.0,0,0,0,
100000001969496100,False,False,False,False,False,False,False,False,0,0,0.0,0,0,0,
100000003215448100,False,False,False,False,False,False,False,True,0,0,0.0,0,0,0,
100000006894637100,False,False,False,False,False,False,False,False,0,0,0.0,0,0,0,
100000002936322100,False,False,False,False,False,False,False,False,0,0,0.0,0,0,0,
100000005061890100,False,False,False,False,False,False,False,False,0,0,0.0,0,0,0,
100000004017410100,False,False,False,False,True,False,False,True,0,0,0.0,0,0,0,стоит в замкнутом маршруте ≤ 6 шагов
100000002983426100,False,False,False,False,False,False,False,False,0,0,0.0,0,0,0,
100000005530114100,False,False,False,False,False,False,False,True,0,0,0.0,0,0,0,
100000001169666100,False,False,False,False,False,False,False,True,0,0,0.0,0,0,0,
100000001784279100,False,False,False,False,False,False,False,False,0,0,0.0,0,0,0,
100000008744364100,False,False,False,False,False,False,False,False,0,0,0.0,0,0,0,
100000008714412100,False,False,False,False,False,False,False,False,0,0,0.0,0,0,0,
100000007754369100,False,False,False,False,False,False,False,False,0,0,0.0,0,0,0,
100000003122817100,False,False,False,False,False,False,False,False,0,0,0.0,0,0,0,
100000003711830100,False,False,False,False,False,False,False,False,0,0,0.0,0,0,0,
100000001110358100,False,False,False,False,False,False,False,False,0,0,0.0,0,0,0,
100000006530134100,False,False,False,False,False,False,False,False,0,0,0.0,0,0,0,
100000001639766100,False,False,False,False,False,False,False,False,0,0,0.0,0,0,0,
100000003242795100,False,False,False,False,False,False,False,False,0,0,0.0,0,0,0,
100000004970752100,False,False,False,False,False,False,False,False,0,0,0.0,0,0,0,
100000004564736100,False,False,False,False,False,False,False,False,0,0,0.0,0,0,0,
100000005873152100,False,False,False,False,True,False,False,False,0,0,0.0,0,0,0,стоит в замкнутом маршруте ≤ 6 шагов
100000001637376100,False,False,False,False,False,False,False,True,0,0,0.0,0,0,0,
100000006710485100,False,False,False,False,False,False,False,False,0,0,0.0,0,0,0,
100000003582677100,False,True,False,False,True,False,False,True,1,10500,0.0,0,0,0,переводит известному курьеру и получает деньги курьеров — возвратный поток; стоит в замкнутом маршруте ≤ 6 шагов
100000008713685100,False,False,False,False,False,False,False,False,0,0,0.0,0,0,0,
100000008070101100,False,False,False,False,False,False,False,False,0,0,0.0,0,0,0,
100000004475818100,False,False,False,False,True,False,False,True,0,0,0.0,0,0,0,стоит в замкнутом маршруте ≤ 6 шагов
100000007197866100,False,False,False,False,False,False,False,True,0,0,0.0,0,0,0,
100000006965162100,False,False,False,False,False,False,False,False,0,0,0.0,0,0,0,
100000005995391100,False,False,False,False,False,False,False,False,0,0,0.0,0,0,0,
100000003834495100,False,False,False,False,False,False,False,True,0,0,0.0,0,0,0,
100000001223977100,False,False,False,False,False,False,False,True,0,0,0.0,0,0,0,
100000001046057100,False,False,False,False,False,False,False,False,0,0,0.0,0,0,0,
100000002989353100,False,False,False,False,False,False,False,True,0,0,0.0,0,0,0,
100000006714366100,False,False,False,False,False,False,False,True,0,0,0.0,0,0,0,
100000001063678100,False,False,False,False,False,False,False,True,0,0,0.0,0,0,0,
100000004889043100,False,False,False,False,False,False,False,False,0,0,0.0,0,0,0,
100000002984403100,False,False,False,False,False,False,False,False,0,0,0.0,0,0,0,
100000003951827100,False,False,False,False,False,False,False,True,0,0,0.0,0,0,0,
100000000933075100,False,False,False,False,True,False,False,True,0,0,0.0,0,0,0,стоит в замкнутом маршруте ≤ 6 шагов
100000008502995100,False,False,False,False,False,False,False,False,0,0,0.0,0,0,0,
100000008086440100,False,False,False,False,True,False,False,True,0,0,0.0,0,0,0,стоит в замкнутом маршруте ≤ 6 шагов
100000008465789100,False,False,False,False,True,False,False,True,0,0,0.0,0,0,0,стоит в замкнутом маршруте ≤ 6 шагов
100000002550141100,False,False,False,False,False,False,False,False,0,0,0.0,0,0,0,
100000008739887100,False,False,False,False,False,False,False,True,0,0,0.0,0,0,0,
100000008532050100,False,False,False,False,False,False,False,False,0,0,0.0,0,0,0,
100000008422226100,False,False,False,False,False,False,False,False,0,0,0.0,0,0,0,
100000002369874100,False,False,False,False,False,False,False,False,0,0,0.0,0,0,0,
100000003321895100,False,False,False,False,False,False,False,True,0,0,0.0,0,0,0,
100000001875239100,False,False,False,False,False,False,False,False,0,0,0.0,0,0,0,
100000002216999100,False,False,False,False,False,False,False,False,0,0,0.0,0,0,0,
100000002653948100,False,False,False,False,False,False,False,False,0,0,0.0,0,0,0,
100000008632060100,False,True,False,False,True,False,False,True,1,20000,0.0,0,0,0,переводит известному курьеру и получает деньги курьеров — возвратный поток; стоит в замкнутом маршруте ≤ 6 шагов
100000008746449100,False,False,False,False,False,False,False,True,0,0,0.0,0,0,0,
100000003031761100,False,False,False,False,False,False,False,False,0,0,0.0,0,0,0,
100000008388049100,False,False,False,False,False,False,False,False,0,0,0.0,0,0,0,
100000002677201100,False,False,False,False,False,False,False,True,0,0,0.0,0,0,0,
100000002901457100,False,False,False,False,False,False,False,True,0,0,0.0,0,0,0,
100000001160401100,False,False,False,False,False,False,False,False,0,0,0.0,0,0,0,
100000002842321100,False,False,False,False,False,False,False,False,0,0,0.0,0,0,0,
100000002547110100,False,False,False,False,False,False,True,False,0,0,0.0,0,0,3,дробление: 3 раз получал несколько переводов от одного плательщика за день
100000001600934100,False,False,False,False,True,False,False,True,0,0,0.0,0,0,0,стоит в замкнутом маршруте ≤ 6 шагов
100000002818726100,False,False,False,False,False,False,False,False,0,0,0.0,0,0,0,
100000008712827100,False,False,False,False,False,False,False,False,0,0,0.0,0,0,0,
100000008259451100,False,False,False,False,False,False,False,False,0,0,0.0,0,0,0,
100000003060517100,False,False,False,False,False,False,False,False,0,0,0.0,0,0,0,
100000002621434100,False,False,False,False,False,False,False,False,0,0,0.0,0,0,0,
100000001860090100,False,False,False,False,False,False,False,False,0,0,0.0,0,0,0,
100000004689658100,False,False,False,False,False,False,False,False,0,0,0.0,0,0,0,
100000003486970100,False,False,False,False,False,False,False,False,0,0,0.0,0,0,0,
100000004659919100,False,False,False,False,False,False,False,True,0,0,0.0,0,0,0,
100000006111439100,False,False,False,False,True,False,False,True,0,0,0.0,0,0,0,стоит в замкнутом маршруте ≤ 6 шагов
100000002521039100,False,False,False,False,False,False,False,False,0,0,0.0,0,0,0,
100000008493007100,False,False,False,False,False,False,False,True,0,0,0.0,0,0,0,
100000007793871100,False,False,False,False,False,False,False,False,0,0,0.0,0,0,0,
100000001650895100,False,False,False,False,False,False,False,False,0,0,0.0,0,0,0,
100000002567887100,False,False,False,False,False,False,False,False,0,0,0.0,0,0,0,
100000008055972100,False,False,False,False,False,False,False,False,0,0,0.0,0,0,0,
100000008684452100,False,False,False,False,False,False,False,False,0,0,0.0,0,0,0,
100000000764836100,False,False,False,False,False,False,False,True,0,0,0.0,0,0,0,
100000003072676100,False,False,False,False,False,False,False,False,0,0,0.0,0,0,0,
100000008757369100,False,False,False,False,False,False,False,True,0,0,0.0,0,0,0,
100000007618425100,False,False,False,False,False,False,False,False,0,0,0.0,0,0,0,
100000004671609100,False,False,False,False,False,False,False,False,0,0,0.0,0,0,0,
100000004676985100,False,False,False,False,False,False,False,True,0,0,0.0,0,0,0,
100000002531406100,False,False,False,False,False,False,False,False,0,0,0.0,0,0,0,
100000002877262100,False,False,False,False,False,False,False,False,0,0,0.0,0,0,0,
100000007591246100,False,False,False,False,False,False,False,False,0,0,0.0,0,0,0,
100000008712184100,False,False,False,False,False,False,False,False,0,0,0.0,0,0,0,
100000002975437100,False,False,False,False,True,False,False,False,0,0,0.0,0,0,1,стоит в замкнутом маршруте ≤ 6 шагов
100000005008589100,False,False,False,False,False,False,False,False,0,0,0.0,0,0,0,
100000000782285100,False,False,False,False,False,False,False,False,0,0,0.0,0,0,0,
100000005198498100,False,False,False,False,False,False,False,False,0,0,0.0,0,0,0,
100000008517538100,False,False,False,False,False,False,False,True,0,0,0.0,0,0,1,
100000005756535100,False,False,False,False,False,False,False,False,0,0,0.0,0,0,0,
100000004917367100,False,False,False,False,False,False,False,False,0,0,0.0,0,0,0,
100000001222263100,False,False,False,False,False,False,False,True,0,0,0.0,0,0,0,
100000001149815100,False,False,False,False,False,False,False,False,0,0,0.0,0,0,0,
100000006020215100,False,True,False,False,False,False,False,True,1,20500,0.0,0,1,0,переводит известному курьеру и получает деньги курьеров — возвратный поток
100000000673868100,False,False,False,False,True,False,False,True,0,0,0.0,0,0,0,стоит в замкнутом маршруте ≤ 6 шагов
100000008749900100,False,False,False,False,False,False,False,False,0,0,0.0,0,0,0,
100000002862113100,False,False,False,False,False,False,False,False,0,0,0.0,0,0,0,
100000001066017100,False,False,False,False,False,False,False,True,0,0,0.0,0,0,1,
100000008436257100,False,False,False,False,False,False,False,False,0,0,0.0,0,0,0,
100000003016438100,False,False,False,False,False,False,False,True,0,0,0.0,0,0,0,
100000002534091100,False,False,False,False,False,False,False,False,0,0,0.0,0,0,0,
100000006882208100,False,False,False,False,False,False,False,False,0,0,0.0,0,0,0,
100000005362848100,False,False,False,False,False,False,False,False,0,0,0.0,0,0,0,
100000001073568100,False,False,False,False,False,False,False,True,0,0,0.0,0,1,1,
100000008687733100,False,False,False,False,False,False,False,False,0,0,0.0,0,0,0,
100000007229557100,False,False,False,False,False,False,False,False,0,0,0.0,0,0,0,
100000001052789100,False,False,False,False,False,False,False,False,0,0,0.0,0,0,0,
100000006967370100,False,False,False,False,False,False,False,True,0,0,0.0,0,0,0,
100000001837130100,False,False,False,False,False,False,False,False,0,0,0.0,0,0,0,
100000005820746100,False,False,False,False,True,False,False,True,0,0,0.0,0,0,1,стоит в замкнутом маршруте ≤ 6 шагов
100000002883402100,False,False,False,False,False,False,False,False,0,0,0.0,0,0,0,
100000008582730100,False,False,False,False,True,False,False,True,0,0,0.0,0,0,0,стоит в замкнутом маршруте ≤ 6 шагов
100000003116106100,False,False,False,False,False,False,False,False,0,0,0.0,0,0,0,
100000001818442100,False,False,False,False,False,False,False,False,0,0,0.0,0,0,0,
100000008690762100,False,False,False,False,False,False,False,False,0,0,0.0,0,0,0,
100000008712991100,False,False,False,False,False,False,False,False,0,0,0.0,0,0,0,
100000003292191100,False,False,False,False,False,False,False,False,0,0,0.0,0,0,0,
100000005367284100,False,False,False,False,False,False,False,True,0,0,0.0,0,0,0,
100000003216073100,False,False,False,False,False,False,False,True,0,0,0.0,0,0,0,
100000006169033100,False,False,False,False,True,False,False,True,0,0,0.0,0,0,0,стоит в замкнутом маршруте ≤ 6 шагов
100000004407753100,False,False,False,False,True,False,False,True,0,0,0.0,0,0,1,стоит в замкнутом маршруте ≤ 6 шагов
100000004420041100,False,False,False,False,False,False,False,False,0,0,0.0,0,0,0,
100000004715209100,False,False,False,False,True,False,False,True,0,0,0.0,0,0,0,стоит в замкнутом маршруте ≤ 6 шагов
100000004580254100,False,False,False,False,False,False,False,False,0,0,0.0,0,0,0,
100000001056414100,False,False,False,False,False,False,False,False,0,0,0.0,0,0,0,
100000008686494100,False,False,False,False,False,False,False,False,0,0,0.0,0,0,0,
100000002822472100,False,False,False,False,False,False,False,False,0,0,0.0,0,0,0,
100000001831496100,False,False,False,False,False,False,False,True,0,0,0.0,0,0,0,
100000008732488100,False,False,False,False,False,False,False,True,0,0,0.0,0,0,0,
100000004007197100,False,False,False,False,False,False,False,False,0,0,0.0,0,0,0,
100000002815005100,False,False,False,False,False,False,False,False,0,0,0.0,0,0,0,
100000005756189100,False,False,False,False,False,False,False,True,0,0,0.0,0,0,0,
100000004877085100,False,False,False,False,False,False,False,True,0,0,0.0,0,0,0,
100000002713074100,False,False,False,False,False,False,False,True,0,0,0.0,0,0,0,
100000002356167100,False,False,False,False,False,False,False,True,0,0,0.0,0,0,0,
100000004140487100,False,True,False,False,True,False,False,True,1,50000,0.0,0,0,0,переводит известному курьеру и получает деньги курьеров — возвратный поток; стоит в замкнутом маршруте ≤ 6 шагов
100000003147719100,False,False,False,False,False,False,False,False,0,0,0.0,0,0,0,
100000008745884100,False,False,False,False,False,False,False,False,0,0,0.0,0,0,0,
100000002559089100,False,False,False,False,False,False,False,False,0,0,0.0,0,0,0,
100000004984689100,False,False,False,False,False,False,False,False,0,0,0.0,0,0,0,
100000004340038100,False,False,False,False,False,False,False,True,0,0,0.0,0,0,0,
100000005052998100,False,False,False,False,True,False,False,False,0,0,0.0,0,0,0,стоит в замкнутом маршруте ≤ 6 шагов
100000007597382100,False,False,False,False,False,False,False,False,0,0,0.0,0,0,0,
100000008697670100,False,False,False,False,False,False,False,False,0,0,0.0,0,0,0,
100000008460102100,False,False,False,False,False,False,False,True,0,0,0.0,0,0,0,
100000004399686100,False,False,False,False,False,False,False,False,0,0,0.0,0,0,1,
100000008688155100,False,False,False,False,False,False,False,False,0,0,0.0,0,0,0,
100000004386331100,False,False,False,False,True,False,False,False,0,0,0.0,0,0,0,стоит в замкнутом маршруте ≤ 6 шагов
100000007999728100,False,False,False,False,False,False,False,False,0,0,0.0,0,0,0,
100000001597424100,False,False,False,False,False,False,False,False,0,0,0.0,0,0,0,
100000003677936100,False,False,False,False,False,False,False,True,0,0,0.0,0,0,0,
100000002943472100,False,False,False,False,False,False,False,False,0,0,0.0,0,0,0,
100000004892144100,False,False,False,False,True,False,False,True,0,0,0.0,0,0,1,стоит в замкнутом маршруте ≤ 6 шагов
100000008077552100,False,False,False,False,False,False,False,False,0,0,0.0,0,0,0,
100000002914245100,False,False,False,False,False,False,False,False,0,0,0.0,0,0,0,
100000004906181100,False,False,False,False,False,False,False,True,0,0,0.0,0,0,0,
100000008514970100,False,False,False,False,False,False,False,True,0,0,0.0,0,0,0,
100000008258458100,False,False,False,False,False,False,False,True,0,0,0.0,0,0,0,
100000003484058100,False,False,False,False,False,False,False,True,0,0,0.0,0,0,0,
100000003574895100,False,False,False,False,False,False,False,True,0,0,0.0,0,0,0,
100000000896111100,False,False,False,False,False,False,False,False,0,0,0.0,0,0,0,
100000008715887100,False,False,False,False,False,False,False,False,0,0,0.0,0,0,0,
100000000560751100,False,False,False,False,False,False,False,False,0,0,0.0,0,0,0,
100000008708207100,False,False,False,False,False,False,False,False,0,0,0.0,0,0,0,
100000003152964100,False,False,False,False,False,False,False,True,0,0,0.0,0,0,0,
100000004991812100,False,False,False,False,False,False,False,False,0,0,0.0,0,0,0,
100000000291908100,False,False,False,False,False,False,False,True,0,0,0.0,0,0,0,
100000003132484100,False,False,False,False,False,False,False,False,0,0,0.0,0,0,0,
100000004077081100,False,True,False,False,False,False,False,True,1,110000,0.0,0,0,0,переводит известному курьеру и получает деньги курьеров — возвратный поток
100000004770073100,False,False,False,False,False,False,False,True,0,0,0.0,0,0,0,
100000003163886100,False,False,False,False,False,False,False,False,0,0,0.0,0,0,0,
100000000795374100,False,False,False,False,False,False,False,False,0,0,0.0,0,0,0,
100000002391278100,False,False,False,False,True,False,False,True,0,0,0.0,0,0,1,стоит в замкнутом маршруте ≤ 6 шагов
100000004635886100,False,False,False,False,False,False,False,False,0,0,0.0,0,0,0,
100000000413678100,False,False,False,False,False,False,False,True,0,0,0.0,0,0,0,
100000008659950100,False,False,False,False,False,False,False,False,0,0,0.0,0,0,0,
100000003964910100,False,False,False,False,False,False,False,False,0,0,0.0,0,0,0,
100000008764654100,False,False,False,False,False,False,False,False,0,0,0.0,0,0,0,
100000005830339100,False,False,False,False,False,False,False,True,0,0,0.0,0,0,1,
100000002032323100,False,False,False,False,False,False,False,True,0,0,0.0,0,0,0,
100000008668099100,False,False,False,False,False,False,False,False,0,0,0.0,0,0,0,
100000008634520100,False,False,False,False,False,False,False,False,0,0,0.0,0,0,0,
100000002103448100,False,False,False,False,False,False,False,False,0,0,0.0,0,0,0,
100000005996909100,False,False,False,False,False,False,False,False,0,0,0.0,0,0,0,
100000007392365100,False,False,False,False,False,False,False,True,0,0,0.0,0,0,0,
100000008279405100,False,False,False,False,False,False,False,False,0,0,0.0,0,0,0,
100000008343874100,False,False,False,False,False,False,False,True,0,0,0.0,0,0,0,
100000002548759100,False,False,False,False,False,False,False,False,0,0,0.0,0,0,0,
100000003069463100,False,False,False,False,False,False,False,True,0,0,0.0,0,0,0,
100000008474391100,False,False,False,False,False,False,False,False,0,0,0.0,0,0,0,
100000003097324100,False,False,False,False,False,False,False,False,0,0,0.0,0,0,0,
100000001852140100,False,False,False,False,False,False,False,False,0,0,0.0,0,0,0,
100000003293377100,False,False,False,False,False,False,False,False,0,0,0.0,0,0,0,
100000006048193100,False,False,False,False,False,False,False,False,0,0,0.0,0,0,0,
100000002435265100,False,False,False,False,False,False,False,False,0,0,0.0,0,0,0,
100000004587414100,False,False,False,False,False,False,False,False,0,0,0.0,0,0,0,
100000001726614100,False,False,False,False,False,False,False,False,0,0,0.0,0,0,0,
100000003934614100,False,False,False,False,True,True,False,True,0,0,0.0,0,4,0,стоит в замкнутом маршруте ≤ 6 шагов; последовательная цепочка транзитов длиной 5 узлов
100000008772246100,False,False,False,False,False,False,False,False,0,0,0.0,0,0,0,
100000002603371100,False,False,False,False,False,False,False,False,0,0,0.0,0,0,0,
100000004445291100,False,False,False,False,False,False,False,False,0,0,0.0,0,0,0,
100000008571243100,False,False,False,False,False,False,False,False,0,0,0.0,0,0,0,
100000001138283100,False,False,False,False,True,False,False,True,0,0,0.0,0,0,0,стоит в замкнутом маршруте ≤ 6 шагов
100000002593344100,False,False,False,False,False,False,False,False,0,0,0.0,0,0,0,
100000007390016100,False,False,False,False,True,False,True,True,0,0,0.0,0,0,2,стоит в замкнутом маршруте ≤ 6 шагов; дробление: 2 раз получал несколько переводов от одного плательщика за день
100000001285440100,False,False,False,False,False,False,False,False,0,0,0.0,0,0,0,
100000006746688100,False,False,False,False,False,False,False,False,0,0,0.0,0,0,0,
100000006471232100,False,False,False,False,False,False,False,False,0,0,0.0,0,0,0,
100000008662805100,False,False,False,False,False,False,False,False,0,0,0.0,0,0,0,
100000004292885100,False,False,False,False,False,False,False,False,0,0,0.0,0,0,0,
100000008190442100,False,False,False,False,False,False,False,False,0,0,0.0,0,0,0,
100000007131370100,False,False,False,False,True,False,False,False,0,0,0.0,0,0,0,стоит в замкнутом маршруте ≤ 6 шагов
100000008717802100,False,False,False,False,False,False,False,False,0,0,0.0,0,0,0,
100000005357034100,False,False,False,False,False,False,False,False,0,0,0.0,0,0,0,
100000005532138100,False,False,False,False,False,False,False,False,0,0,0.0,0,0,0,
100000005264874100,False,False,False,False,True,False,False,False,0,0,0.0,0,0,0,стоит в замкнутом маршруте ≤ 6 шагов
100000008193258100,False,False,False,False,False,False,False,True,0,0,0.0,0,0,0,
100000003190207100,False,False,False,False,False,False,False,True,0,0,0.0,0,0,0,
100000004321983100,False,False,False,False,True,False,False,True,0,0,0.0,0,0,0,стоит в замкнутом маршруте ≤ 6 шагов
100000002633108100,False,False,False,False,False,False,False,False,0,0,0.0,0,0,0,
100000005941908100,False,False,False,False,False,False,False,False,0,0,0.0,0,0,0,
100000001835625100,False,False,False,False,False,False,False,False,0,0,0.0,0,0,0,
100000008671081100,False,False,False,False,False,False,False,False,0,0,0.0,0,0,0,
100000002908521100,False,False,False,False,False,False,False,False,0,0,0.0,0,0,0,
100000000749118100,False,False,False,False,False,False,False,True,0,0,0.0,0,0,0,
100000008652094100,False,False,False,False,False,False,False,False,0,0,0.0,0,0,0,
100000007647294100,False,False,False,False,False,False,False,False,0,0,0.0,0,0,0,
100000003270419100,False,False,False,False,False,False,False,False,0,0,0.0,0,0,0,
100000003050771100,False,False,False,False,False,False,False,False,0,0,0.0,0,0,0,
100000008427027100,False,False,False,False,False,False,False,False,0,0,0.0,0,0,0,
100000004291560100,False,False,False,False,False,False,False,False,0,0,0.0,0,0,0,
100000003594472100,False,False,False,False,False,False,False,False,0,0,0.0,0,0,0,
100000002575080100,False,False,False,False,False,False,False,True,0,0,0.0,0,0,0,
100000008038077100,False,False,False,False,False,False,False,False,0,0,0.0,0,0,1,
100000003899325100,False,False,False,False,False,False,False,False,0,0,0.0,0,0,0,
100000001155773100,False,False,False,False,False,False,False,False,0,0,0.0,0,0,0,
100000000611474100,False,False,False,False,False,False,False,False,0,0,0.0,0,0,0,
100000006704530100,False,False,False,False,False,False,False,True,0,0,0.0,0,0,0,
100000003996562100,False,False,False,False,False,False,False,False,0,0,0.0,0,0,0,
100000002646887100,False,False,False,False,False,False,False,False,0,0,0.0,0,0,0,
100000002556775100,False,False,False,False,False,False,False,False,0,0,0.0,0,0,0,
100000002722108100,False,False,False,False,False,False,False,False,0,0,0.0,0,0,0,
100000002737980100,False,False,False,False,False,False,False,False,0,0,0.0,0,0,0,
100000002913340100,False,False,False,False,False,False,False,False,0,0,0.0,0,0,0,
100000003610172100,False,False,False,False,False,False,False,False,0,0,0.0,0,0,0,
100000001052945100,False,False,False,False,False,False,False,True,0,0,0.0,0,0,0,
100000002369510100,False,False,False,False,False,False,False,False,0,0,0.0,0,0,0,
100000001954534100,False,False,False,False,False,False,False,True,0,0,0.0,0,0,0,
100000008488166100,False,False,False,False,False,False,False,False,0,0,0.0,0,0,0,
100000005100475100,False,False,False,False,False,False,False,False,0,0,0.0,0,0,0,
100000002708624100,False,False,False,False,False,False,False,False,0,0,0.0,0,0,0,
100000004591973100,False,False,False,False,False,False,False,False,0,0,0.0,0,0,0,
100000000802149100,False,False,False,False,False,False,False,False,0,0,0.0,0,0,0,
100000003095610100,False,False,False,False,False,False,False,False,0,0,0.0,0,0,0,
100000004183610100,False,False,False,False,False,False,False,True,0,0,0.0,0,0,0,
100000005198906100,False,False,False,False,False,False,False,False,0,0,0.0,0,0,0,
100000008599354100,False,False,False,False,False,False,False,True,0,0,0.0,0,0,0,
100000001303311100,False,False,False,False,False,False,False,False,0,0,0.0,0,0,0,
100000008776420100,False,False,False,False,False,False,False,False,0,0,0.0,0,0,0,
100000004737764100,False,False,False,False,False,False,False,False,0,0,0.0,0,0,0,
100000003154105100,False,False,False,False,False,False,False,True,0,0,0.0,0,0,0,
100000008708025100,False,False,False,False,False,False,False,False,0,0,0.0,0,0,0,
100000008740793100,False,False,False,False,False,False,False,False,0,0,0.0,0,0,0,
100000008459449100,False,False,False,False,False,False,False,False,0,0,0.0,0,0,0,
100000008677518100,False,False,False,False,False,False,False,False,0,0,0.0,0,0,0,
100000002212494100,False,False,False,False,False,False,False,False,0,0,0.0,0,0,0,
100000001825934100,False,False,False,False,False,False,False,False,0,0,0.0,0,0,0,
100000003736419100,False,False,False,False,False,False,False,True,0,0,0.0,0,0,0,
100000008430691100,False,False,False,False,True,False,False,True,0,0,0.0,0,0,0,стоит в замкнутом маршруте ≤ 6 шагов
100000003073635100,False,False,False,False,False,False,False,False,0,0,0.0,0,0,0,
100000001686328100,False,False,False,False,False,False,False,False,0,0,0.0,0,0,0,
100000008707810100,False,False,False,False,False,False,False,False,0,0,0.0,0,0,0,
100000001236706100,False,False,False,False,False,False,False,True,0,0,0.0,0,0,0,
100000008536546100,False,False,False,False,False,False,False,False,0,0,0.0,0,0,0,
100000007140834100,False,False,False,False,False,False,False,False,0,0,0.0,0,0,0,
100000007022818100,False,False,False,False,False,False,False,False,0,0,0.0,0,0,0,
100000007484343100,False,False,False,False,False,False,False,False,0,0,0.0,0,0,0,
100000001379511100,False,False,False,False,False,False,False,False,0,0,0.0,0,0,0,
100000004569484100,False,False,False,False,True,False,False,True,0,0,0.0,0,0,0,стоит в замкнутом маршруте ≤ 6 шагов
100000002948492100,False,False,False,False,False,False,False,False,0,0,0.0,0,0,0,
100000002116705100,False,False,False,False,False,False,False,False,0,0,0.0,0,0,0,
100000002481974100,False,False,False,False,False,False,False,True,0,0,0.0,0,0,0,
100000003920950100,False,False,False,False,False,False,False,False,0,0,0.0,0,0,0,
100000000733451100,False,False,False,False,False,False,False,False,0,0,0.0,0,0,1,
100000005182219100,False,False,False,False,False,False,False,False,0,0,0.0,0,0,0,
100000008633099100,False,False,False,False,False,False,False,True,0,0,0.0,0,0,0,
100000001380107100,False,False,False,False,False,False,False,False,0,0,0.0,0,0,0,
100000008755168100,False,False,False,False,False,False,False,False,0,0,0.0,0,0,0,
100000002628576100,False,False,False,False,False,False,False,True,0,0,0.0,0,0,1,
100000001611488100,False,False,False,False,False,False,False,False,0,0,0.0,0,0,0,
100000005375968100,False,False,False,False,False,False,False,True,0,0,0.0,0,0,0,
100000003581109100,False,False,False,False,False,False,False,False,0,0,0.0,0,0,0,
100000002933386100,False,False,False,False,False,False,False,False,0,0,0.0,0,0,0,
100000002284426100,False,False,False,False,False,False,False,False,0,0,0.0,0,0,0,
100000008579978100,False,False,False,False,False,False,False,True,0,0,0.0,0,0,0,
100000001549194100,False,False,False,False,False,False,False,False,0,0,0.0,0,0,0,
100000001427082100,False,False,False,False,False,False,False,True,0,0,0.0,0,0,0,
100000004657034100,False,False,False,False,False,False,False,False,0,0,0.0,0,0,0,
100000003796063100,True,False,False,False,True,False,False,True,2,85800,0.0,0,0,0,переводит 2 известным курьерам 86 тыс. ₸ — признаки выплат курьерам; стоит в замкнутом маршруте ≤ 6 шагов
100000005268319100,False,False,False,False,True,False,False,True,0,0,0.0,0,0,0,стоит в замкнутом маршруте ≤ 6 шагов
100000008744799100,False,False,False,False,False,False,False,False,0,0,0.0,0,0,0,
100000008677215100,False,False,False,False,False,False,False,False,0,0,0.0,0,0,0,
100000007593823100,False,False,False,False,True,False,False,True,0,0,0.0,0,0,0,стоит в замкнутом маршруте ≤ 6 шагов
100000001282143100,False,False,False,False,False,False,False,False,0,0,0.0,0,0,0,
100000008029279100,False,False,False,False,False,False,False,False,0,0,0.0,0,0,0,
100000000594783100,False,False,False,False,True,False,False,True,0,0,0.0,0,0,1,стоит в замкнутом маршруте ≤ 6 шагов
100000002705460100,False,False,False,False,False,False,False,False,0,0,0.0,0,0,0,
100000002952756100,False,False,False,False,False,False,False,False,0,0,0.0,0,0,0,
100000004634420100,False,False,False,False,False,False,False,False,0,0,0.0,0,0,0,
100000000583220100,False,False,False,False,False,False,False,True,0,0,0.0,0,0,0,
100000003286537100,False,False,False,False,False,False,False,False,0,0,0.0,0,0,0,
100000002958345100,False,False,False,False,False,False,False,False,0,0,0.0,0,0,0,
100000005055454100,False,False,False,False,False,False,False,False,0,0,0.0,0,0,0,
100000008738526100,False,False,False,False,False,False,False,True,0,0,0.0,0,0,0,
100000001298099100,False,False,False,False,False,False,False,False,0,0,0.0,0,0,0,
100000006491272100,False,False,False,False,False,False,False,False,0,0,0.0,0,0,0,
100000000552584100,False,False,False,False,True,False,False,True,0,0,0.0,0,0,1,стоит в замкнутом маршруте ≤ 6 шагов
100000005187208100,False,False,False,False,False,False,False,False,0,0,0.0,0,0,0,
100000003528285100,False,True,False,False,False,False,False,True,1,203000,0.0,0,0,0,переводит известному курьеру и получает деньги курьеров — возвратный поток
100000001484381100,False,False,False,False,False,False,False,False,0,0,0.0,0,0,1,
100000002508637100,False,False,False,False,False,False,False,True,0,0,0.0,0,0,0,
100000003149149100,False,False,False,False,False,False,False,False,0,0,0.0,0,0,0,
100000001538095100,False,False,False,False,False,False,False,False,0,0,0.0,0,0,0,
100000008695133100,False,False,False,False,False,False,False,False,0,0,0.0,0,0,0,
100000008749405100,False,False,False,False,False,False,False,False,0,0,0.0,0,0,0,
100000005815602100,False,False,False,False,False,False,False,True,0,0,0.0,0,0,0,
100000006641671100,False,False,False,False,False,False,False,True,0,0,0.0,0,0,0,
100000002945031100,False,False,False,False,False,False,False,False,0,0,0.0,0,0,0,
100000003497735100,False,False,False,False,False,False,False,False,0,0,0.0,0,0,0,
100000004644615100,False,False,False,False,False,False,False,True,0,0,0.0,0,0,0,
100000002755292100,False,False,False,False,False,False,False,False,0,0,0.0,0,0,0,
100000005142492100,False,False,False,False,True,False,False,True,0,0,0.0,0,0,0,стоит в замкнутом маршруте ≤ 6 шагов
100000002893020100,False,False,False,False,False,False,False,False,0,0,0.0,0,0,0,
100000004500444100,False,False,False,False,False,False,False,True,0,0,0.0,0,1,1,
100000008454065100,False,False,False,False,False,False,False,False,0,0,0.0,0,0,0,
100000008416433100,False,False,False,False,False,False,False,False,0,0,0.0,0,0,0,
100000005265073100,False,False,False,False,False,False,False,False,0,0,0.0,0,0,0,
100000006734214100,False,False,False,False,False,False,False,True,0,0,0.0,0,0,0,
100000002611334100,False,False,False,False,False,False,False,True,0,0,0.0,0,0,0,
100000006225798100,False,False,False,False,False,False,False,False,0,0,0.0,0,0,0,
100000002849158100,False,False,False,False,False,False,False,True,0,0,0.0,0,0,0,
100000008686214100,False,False,False,False,False,False,False,False,0,0,0.0,0,0,0,
100000004931931100,False,False,False,False,False,False,False,True,0,0,0.0,0,0,0,
100000007510875100,False,False,False,False,False,False,False,False,0,0,0.0,0,0,0,
100000005233755100,False,False,False,False,False,False,False,True,0,0,0.0,0,0,0,
100000008042075100,False,False,False,False,False,False,False,False,0,0,0.0,0,0,0,
100000001680944100,False,False,False,False,False,False,False,False,0,0,0.0,0,0,0,
100000008417029100,False,False,False,False,False,False,False,False,0,0,0.0,0,0,0,
100000004975919100,False,False,False,False,False,False,False,False,0,0,0.0,0,0,0,
100000003087877100,False,False,False,False,False,False,False,False,0,0,0.0,0,0,0,
100000008295429100,False,False,False,False,False,False,False,False,0,0,0.0,0,0,0,
100000003254277100,False,False,False,False,False,False,False,True,0,0,0.0,0,0,0,
100000005314565100,False,False,False,False,False,False,False,False,0,0,0.0,0,0,1,
100000002951898100,False,False,False,False,False,False,False,False,0,0,0.0,0,0,0,
100000001009583100,False,False,False,False,False,False,False,False,0,0,0.0,0,0,0,
100000004064431100,False,False,False,False,False,False,False,True,0,0,0.0,0,0,0,
100000001927599100,False,False,False,False,False,False,False,False,0,0,0.0,0,0,0,
100000007737775100,False,False,False,False,False,False,False,False,0,0,0.0,0,0,0,
100000003157679100,False,False,False,False,False,False,False,False,0,0,0.0,0,0,0,
100000001229743100,False,False,False,False,False,False,False,True,0,0,0.0,0,0,0,
100000003795588100,False,False,False,False,False,False,False,False,0,0,0.0,0,0,1,
100000002301828100,False,False,False,False,False,False,False,False,0,0,0.0,0,0,0,
100000005409156100,False,False,False,False,False,False,False,False,0,0,0.0,0,0,0,
100000002513028100,False,False,False,False,False,False,False,False,0,0,0.0,0,0,0,
100000003218308100,False,False,False,False,False,False,False,False,0,0,0.0,0,0,0,
100000008489604100,False,False,False,False,False,False,False,False,0,0,0.0,0,0,0,
100000004450649100,False,True,False,False,False,False,False,True,1,41300,0.0,0,0,0,переводит известному курьеру и получает деньги курьеров — возвратный поток
100000008767065100,False,False,False,False,False,False,False,False,0,0,0.0,0,0,0,
100000003035737100,False,False,False,False,False,False,False,True,0,0,0.0,0,0,0,
100000002748761100,False,False,False,False,False,False,False,False,0,0,0.0,0,0,1,
100000008432942100,False,False,False,False,False,False,False,False,0,0,0.0,0,0,0,
100000004278574100,False,False,False,False,False,False,False,True,0,0,0.0,0,0,0,
100000000926766100,False,False,False,False,True,False,False,True,0,0,0.0,0,0,0,стоит в замкнутом маршруте ≤ 6 шагов
100000008661550100,False,False,False,False,False,False,False,False,0,0,0.0,0,0,0,
100000000783406100,False,False,False,False,False,False,False,False,0,0,0.0,0,0,0,
100000008730371100,False,False,False,False,False,False,False,False,0,0,0.0,0,0,0,
100000002878467100,False,False,False,False,False,False,False,False,0,0,0.0,0,0,0,
100000003171587100,False,False,False,False,False,False,False,True,0,0,0.0,0,0,0,
100000002696152100,False,False,False,False,True,False,False,True,0,0,0.0,0,0,0,стоит в замкнутом маршруте ≤ 6 шагов
100000002109656100,False,False,False,False,False,False,False,False,0,0,0.0,0,0,0,
100000001317336100,False,False,False,False,False,False,False,True,0,0,0.0,0,0,0,
100000005222360100,False,False,False,False,False,False,False,True,0,0,0.0,0,0,0,
100000001445848100,False,False,False,False,True,False,True,True,0,0,0.0,0,0,3,стоит в замкнутом маршруте ≤ 6 шагов; дробление: 3 раз получал несколько переводов от одного плательщика за день
100000008720856100,False,False,False,False,False,False,False,False,0,0,0.0,0,0,0,
100000002448088100,False,False,False,False,False,False,False,True,0,0,0.0,0,0,0,
100000003109805100,False,False,False,False,False,False,False,False,0,0,0.0,0,0,0,
100000008223661100,False,True,False,False,False,False,False,True,1,15846,0.0,0,0,0,переводит известному курьеру и получает деньги курьеров — возвратный поток
100000004096559100,False,False,False,False,False,False,False,False,0,0,0.0,0,0,0,
100000002257794100,False,False,False,False,False,False,False,False,0,0,0.0,0,0,0,
100000003112578100,False,False,False,False,False,False,False,False,0,0,0.0,0,0,0,
100000007020162100,False,False,False,False,False,False,False,False,0,0,0.0,0,0,0,
100000001934935100,False,False,False,False,False,False,False,False,0,0,0.0,0,0,0,
100000002663511100,False,False,False,False,False,False,False,False,0,0,0.0,0,0,0,
100000003338583100,False,False,False,False,False,False,False,False,0,0,0.0,0,0,0,
100000002904919100,False,False,False,False,False,False,False,False,0,0,0.0,0,0,0,
100000005127767100,False,False,False,False,False,False,False,False,0,0,0.0,0,0,0,
100000004066647100,False,False,False,False,False,False,False,False,0,0,0.0,0,0,0,
100000002394199100,False,False,False,False,True,False,False,True,0,0,0.0,0,0,0,стоит в замкнутом маршруте ≤ 6 шагов
100000003968044100,False,False,False,False,True,False,False,True,0,0,0.0,0,0,0,стоит в замкнутом маршруте ≤ 6 шагов
100000001808684100,False,False,False,False,True,True,False,True,0,0,0.0,0,4,0,стоит в замкнутом маршруте ≤ 6 шагов; последовательная цепочка транзитов длиной 5 узлов
100000008097580100,False,False,False,False,False,False,False,False,0,0,0.0,0,0,0,
100000008687617100,False,False,False,False,False,False,False,False,0,0,0.0,0,0,0,
100000005667841100,False,False,False,False,False,False,False,False,0,0,0.0,0,0,0,
100000001329153100,False,False,False,False,False,False,False,False,0,0,0.0,0,0,0,
100000007689942100,False,False,False,False,True,False,False,False,0,0,0.0,0,0,0,стоит в замкнутом маршруте ≤ 6 шагов
100000006476758100,False,False,False,False,False,False,False,False,0,0,0.0,0,0,0,
100000002184107100,False,False,False,False,False,False,False,False,0,0,0.0,0,0,0,
100000008663723100,False,False,False,False,False,False,False,False,0,0,0.0,0,0,0,
100000000254336100,False,False,False,False,False,False,False,True,0,0,0.0,0,0,0,
100000008750464100,False,False,False,False,False,False,False,False,0,0,0.0,0,0,0,
100000001530709100,False,False,False,False,False,False,False,False,0,0,0.0,0,0,0,
100000000656682100,False,False,False,False,False,False,False,True,0,0,0.0,0,0,0,
100000008755754100,False,False,False,False,False,False,False,False,0,0,0.0,0,0,0,
100000002691583100,False,False,False,False,False,False,False,False,0,0,0.0,0,0,0,
100000005241556100,False,False,False,False,False,False,False,False,0,0,0.0,0,0,0,
100000004713684100,False,False,False,False,False,False,False,False,0,0,0.0,0,0,0,
100000006919124100,False,False,False,False,False,False,False,False,0,0,0.0,0,0,0,
100000003006633100,False,False,False,False,False,False,False,False,0,0,0.0,0,0,0,
100000008306857100,False,False,False,False,False,False,False,False,0,0,0.0,0,0,0,
100000003671721100,False,False,False,False,False,False,False,False,0,0,0.0,0,0,0,
100000002613929100,False,False,False,False,False,False,False,False,0,0,0.0,0,0,0,
100000008669310100,False,False,False,False,False,False,False,False,0,0,0.0,0,0,0,
100000006573438100,False,False,False,False,False,False,False,False,0,0,0.0,0,0,0,
100000006165886100,False,False,False,False,False,False,False,True,0,0,0.0,0,0,0,
100000008491390100,False,False,False,False,False,False,False,False,0,0,0.0,0,0,0,
100000005186131100,False,False,False,False,False,False,False,True,0,0,0.0,0,0,0,
100000001550419100,False,False,False,False,False,False,False,False,0,0,0.0,0,0,0,
100000004979283100,False,False,False,False,False,False,False,False,0,0,0.0,0,0,0,
100000002537811100,False,False,False,False,False,False,False,False,0,0,0.0,0,0,0,
100000002990675100,False,False,False,False,False,False,False,False,0,0,0.0,0,0,0,
100000008763688100,False,False,False,False,False,False,False,False,0,0,0.0,0,0,0,
100000002809896100,False,False,False,False,False,False,False,False,0,0,0.0,0,0,0,
100000008716072100,False,False,False,False,False,False,False,False,0,0,0.0,0,0,0,
100000001279272100,False,False,False,False,True,False,False,True,0,0,0.0,0,0,0,стоит в замкнутом маршруте ≤ 6 шагов
100000001714173100,False,False,False,False,False,False,True,False,0,0,0.0,0,0,2,дробление: 2 раз получал несколько переводов от одного плательщика за день
100000008729597100,False,False,False,False,False,False,False,False,0,0,0.0,0,0,0,
100000002255058100,False,False,False,False,False,False,False,False,0,0,0.0,0,0,0,
100000006111442100,False,False,False,False,False,False,False,False,0,0,0.0,0,0,0,
100000008686247100,False,False,False,False,True,False,False,True,0,0,0.0,0,0,0,стоит в замкнутом маршруте ≤ 6 шагов
100000001893287100,False,False,False,False,True,False,False,True,0,0,0.0,0,0,0,стоит в замкнутом маршруте ≤ 6 шагов
100000005172860100,False,False,False,False,False,False,False,False,0,0,0.0,0,0,0,
100000001788284100,False,False,False,False,True,False,False,True,0,0,0.0,0,0,0,стоит в замкнутом маршруте ≤ 6 шагов
100000008755580100,False,False,False,False,False,False,False,False,0,0,0.0,0,0,0,
100000003896956100,False,False,False,False,False,False,False,True,0,0,0.0,0,0,0,
100000002475601100,False,False,False,False,False,False,False,False,0,0,0.0,0,0,0,
100000008619857100,False,False,False,False,False,False,False,True,0,0,0.0,0,0,0,
100000001373265100,False,False,False,False,False,False,False,False,0,0,0.0,0,0,0,
100000004185681100,False,False,False,False,False,False,False,False,0,0,0.0,0,0,0,
100000003031633100,False,False,False,False,False,False,False,False,0,0,0.0,0,0,1,
100000002632742100,False,False,False,False,False,False,False,False,0,0,0.0,0,0,0,
100000005847078100,False,False,False,False,False,False,False,False,0,0,0.0,0,0,0,
100000002807334100,False,False,False,False,False,False,False,False,0,0,0.0,0,0,0,
100000008748795100,False,False,False,False,False,False,False,False,0,0,0.0,0,0,0,
100000003899899100,False,False,False,False,False,False,False,True,0,0,0.0,0,0,1,
100000002308091100,False,False,False,False,False,False,False,False,0,0,0.0,0,0,0,
100000008680912100,False,False,False,False,True,False,False,True,0,0,0.0,0,0,0,стоит в замкнутом маршруте ≤ 6 шагов
100000008742053100,False,False,False,False,False,False,False,True,0,0,0.0,0,0,0,
100000008473765100,False,False,False,False,False,False,False,False,0,0,0.0,0,0,0,
100000007472293100,False,False,False,False,False,False,False,True,0,0,0.0,0,0,0,
100000008753061100,False,False,False,False,False,False,False,False,0,0,0.0,0,0,0,
100000008501413100,False,False,False,False,False,False,False,True,0,0,0.0,0,0,0,
100000002748581100,False,False,False,False,False,False,False,False,0,0,0.0,0,0,0,
100000001384826100,False,False,False,False,False,False,False,True,0,0,0.0,0,0,0,
100000004099450100,False,False,False,False,False,False,False,False,0,0,0.0,0,0,0,
100000002926970100,False,False,False,False,False,False,False,False,0,0,0.0,0,0,0,
100000002753146100,False,False,False,False,False,False,False,False,0,0,0.0,0,0,1,
100000003943247100,False,False,False,False,False,False,False,False,0,0,0.0,0,0,0,
100000002872399100,False,False,False,False,False,False,False,False,0,0,0.0,0,0,1,
100000008417359100,False,False,False,False,True,False,False,True,0,0,0.0,0,0,0,стоит в замкнутом маршруте ≤ 6 шагов
100000002614095100,False,False,False,False,False,False,False,False,0,0,0.0,0,0,0,
100000004717647100,False,False,False,False,True,False,False,True,0,0,0.0,0,0,0,стоит в замкнутом маршруте ≤ 6 шагов
100000008537380100,False,False,False,False,False,False,False,False,0,0,0.0,0,0,0,
100000001534244100,False,False,False,False,False,False,False,False,0,0,0.0,0,0,0,
100000008767950100,False,False,False,False,False,False,False,False,0,0,0.0,0,0,0,
100000004613582100,False,False,False,False,False,False,False,True,0,0,0.0,0,0,0,
100000008121806100,False,False,False,False,True,False,False,True,0,0,0.0,0,0,0,стоит в замкнутом маршруте ≤ 6 шагов
100000002369443100,False,False,False,False,False,False,False,False,0,0,0.0,0,0,0,
100000008655779100,False,False,False,False,False,False,False,True,0,0,0.0,0,0,0,
100000008561016100,False,False,False,False,False,False,False,True,0,0,0.0,0,0,0,
100000002727288100,False,False,False,False,False,False,False,False,0,0,0.0,0,0,0,
100000001270349100,False,False,False,False,False,False,False,False,0,0,0.0,0,0,0,
100000004722765100,False,False,False,False,False,False,False,True,0,0,0.0,0,0,0,
100000001677389100,False,False,False,False,False,False,False,False,0,0,0.0,0,0,0,
100000005857058100,False,False,False,False,False,False,False,False,0,0,0.0,0,0,0,
100000008760098100,False,False,False,False,False,False,False,True,0,0,0.0,0,0,0,
100000002838519100,False,False,False,False,False,False,False,False,0,0,0.0,0,0,0,
100000002597623100,False,False,False,False,False,False,False,False,0,0,0.0,0,0,0,
100000003635660100,False,False,False,False,False,False,False,False,0,0,0.0,0,0,0,
100000008676812100,False,False,False,False,False,False,False,False,0,0,0.0,0,0,0,
100000003213473100,True,False,False,False,True,False,False,True,2,40000,0.0,0,0,0,переводит 2 известным курьерам 40 тыс. ₸ — признаки выплат курьерам; стоит в замкнутом маршруте ≤ 6 шагов
100000003071649100,False,False,False,False,False,False,False,False,0,0,0.0,0,0,0,
100000002433697100,False,False,False,False,False,False,False,True,0,0,0.0,0,0,0,
100000008612257100,False,False,False,False,False,False,False,False,0,0,0.0,0,0,0,
100000002736033100,False,False,False,False,False,False,False,True,0,0,0.0,0,0,0,
100000008687990100,False,False,False,False,False,False,False,False,0,0,0.0,0,0,0,
100000008776310100,False,False,False,False,False,False,False,False,0,0,0.0,0,0,0,
100000007267915100,False,False,False,False,False,False,False,True,0,0,0.0,0,0,0,
100000004217419100,False,False,False,False,False,False,False,True,0,0,0.0,0,0,0,
100000002773323100,False,False,False,False,False,False,False,True,0,0,0.0,0,0,0,
100000002528544100,False,False,False,False,False,False,False,False,0,0,0.0,0,0,0,
100000003760160100,False,False,False,False,False,False,False,False,0,0,0.0,0,0,0,
100000000640800100,False,False,False,False,False,False,False,True,0,0,0.0,0,0,0,
100000008238112100,False,False,False,False,False,False,False,False,0,0,0.0,0,0,0,
100000008751349100,False,False,False,False,False,False,False,False,0,0,0.0,0,0,0,
100000002963189100,False,False,False,False,True,False,False,True,0,0,0.0,0,0,1,стоит в замкнутом маршруте ≤ 6 шагов
100000008548853100,False,False,False,False,False,False,False,False,0,0,0.0,0,0,0,
100000003164661100,False,False,False,False,False,False,False,False,0,0,0.0,0,0,0,
100000000791285100,False,False,False,False,True,False,False,True,0,0,0.0,0,0,1,стоит в замкнутом маршруте ≤ 6 шагов
100000003192309100,False,False,False,False,False,False,False,True,0,0,0.0,0,0,0,
100000002891765100,False,False,False,False,False,False,False,False,0,0,0.0,0,0,0,
100000001740277100,False,False,False,False,True,False,False,True,0,0,0.0,0,0,0,стоит в замкнутом маршруте ≤ 6 шагов
100000002232266100,False,False,False,False,False,False,False,False,0,0,0.0,0,0,0,
100000006701983100,False,False,False,False,False,False,False,False,0,0,0.0,0,0,0,
100000002871199100,False,False,False,False,False,False,False,False,0,0,0.0,0,0,0,
100000002757791100,False,False,False,False,False,False,False,False,0,0,0.0,0,0,0,
100000000572276100,False,False,False,False,False,False,False,True,0,0,0.0,0,0,0,
100000001853812100,False,False,False,False,False,False,False,False,0,0,0.0,0,0,0,
100000004726132100,False,False,False,False,False,False,False,True,0,0,0.0,0,0,0,
100000001785161100,False,False,False,False,False,False,False,False,0,0,0.0,0,0,0,
100000002612809100,False,False,False,False,True,False,False,True,0,0,0.0,0,0,0,стоит в замкнутом маршруте ≤ 6 шагов
100000008769097100,False,False,False,False,False,False,False,False,0,0,0.0,0,0,0,
100000004488265100,False,False,False,False,False,False,False,False,0,0,0.0,0,0,0,
100000002509598100,False,False,False,False,False,False,False,False,0,0,0.0,0,0,0,
100000008706846100,False,False,False,False,False,False,False,False,0,0,0.0,0,0,0,
100000001280798100,False,False,False,False,False,False,False,False,0,0,0.0,0,0,0,
100000006664478100,False,False,False,False,False,False,False,True,0,0,0.0,0,0,1,
100000003781406100,False,False,False,False,False,False,False,False,0,0,0.0,0,0,1,
100000008708595100,False,False,False,False,False,False,False,False,0,0,0.0,0,0,0,
100000004611571100,False,False,False,False,False,False,False,False,0,0,0.0,0,0,0,
100000008576243100,False,False,False,False,False,False,False,False,0,0,0.0,0,0,0,
100000008662216100,False,False,False,False,False,False,False,False,0,0,0.0,0,0,0,
100000002681544100,False,False,False,False,False,False,False,False,0,0,0.0,0,0,0,
100000007864477100,False,True,False,False,False,False,False,True,1,30000,0.0,0,0,0,переводит известному курьеру и получает деньги курьеров — возвратный поток
100000004746397100,False,False,False,False,True,False,False,False,0,0,0.0,0,0,0,стоит в замкнутом маршруте ≤ 6 шагов
100000003814002100,False,False,False,False,False,False,False,False,0,0,0.0,0,0,0,
100000003962994100,False,False,False,False,False,False,False,False,0,0,0.0,0,0,0,
100000003366471100,False,False,False,False,False,False,False,True,0,0,0.0,0,0,0,
100000003561031100,False,False,False,False,False,False,False,False,0,0,0.0,0,0,0,
100000001690439100,False,False,False,False,False,False,False,False,0,0,0.0,0,0,0,
100000002954780100,False,False,False,False,False,False,False,False,0,0,0.0,0,0,0,
100000008720668100,False,False,False,False,False,False,False,False,0,0,0.0,0,0,0,
100000002459164100,False,False,False,False,False,False,False,False,0,0,0.0,0,0,0,
100000005082652100,False,False,False,False,False,False,False,False,0,0,0.0,0,0,0,
100000005041905100,False,False,False,False,True,False,False,False,0,0,0.0,0,0,0,стоит в замкнутом маршруте ≤ 6 шагов
100000008653041100,False,False,False,False,False,False,False,False,0,0,0.0,0,0,0,
100000008722417100,False,False,False,False,False,False,False,True,0,0,0.0,0,0,0,
100000008625905100,False,False,False,False,False,False,False,False,0,0,0.0,0,0,0,
100000007487729100,False,False,False,False,False,False,False,False,0,0,0.0,0,0,0,
100000000838385100,False,False,False,False,True,False,False,True,0,0,0.0,0,0,1,стоит в замкнутом маршруте ≤ 6 шагов
100000004750321100,False,False,False,False,False,False,False,False,0,0,0.0,0,0,0,
100000008664774100,False,False,False,False,False,False,False,False,0,0,0.0,0,0,0,
100000006274203100,False,True,False,False,True,False,True,True,1,33000,0.0,0,0,12,переводит известному курьеру и получает деньги курьеров — возвратный поток; стоит в замкнутом маршруте ≤ 6 шагов; дробление: 12 раз получал несколько переводов от одного плательщика за день
100000002185328100,False,False,False,False,False,False,False,True,0,0,0.0,0,0,0,
100000008254576100,False,False,False,False,False,False,False,False,0,0,0.0,0,0,0,
100000001689968100,False,False,False,False,False,False,False,False,0,0,0.0,0,0,0,
100000002236528100,False,False,False,False,False,False,False,False,0,0,0.0,0,0,0,
100000002670960100,False,False,False,False,False,False,False,False,0,0,0.0,0,0,0,
100000003557488100,False,False,False,False,True,False,False,True,0,0,0.0,0,0,0,стоит в замкнутом маршруте ≤ 6 шагов
100000003888197100,False,False,False,False,False,False,False,False,0,0,0.0,0,0,0,
100000002799941100,False,False,False,False,False,False,False,False,0,0,0.0,0,0,0,
100000001632325100,False,False,False,False,False,False,False,False,0,0,0.0,0,0,1,
100000008620570100,False,False,False,False,False,False,False,True,0,0,0.0,0,0,0,
100000005308954100,False,False,False,False,False,False,False,True,0,0,0.0,0,0,0,
100000008468762100,False,False,False,False,False,False,False,False,0,0,0.0,0,0,0,
100000002305007100,False,False,False,False,False,False,False,False,0,0,0.0,0,0,0,
100000008314863100,False,False,False,False,False,False,False,False,0,0,0.0,0,0,0,
100000005709551100,False,False,False,False,False,False,False,False,0,0,0.0,0,0,0,
100000008297199100,False,False,False,False,False,False,False,False,0,0,0.0,0,0,0,
100000003271151100,False,False,False,False,False,False,False,False,0,0,0.0,0,0,0,
100000007005380100,False,False,False,False,False,False,False,False,0,0,0.0,0,0,0,
100000004451012100,False,False,False,False,False,False,False,False,0,0,0.0,0,0,0,
100000004779204100,False,False,False,False,False,False,False,True,0,0,0.0,0,0,0,
100000002793881100,False,False,False,False,False,False,False,False,0,0,0.0,0,0,0,
100000008671129100,False,False,False,False,False,False,False,False,0,0,0.0,0,0,0,
100000002095257100,False,False,False,False,False,False,False,False,0,0,0.0,0,0,0,
100000002194329100,False,False,False,False,False,False,False,False,0,0,0.0,0,0,0,
100000001884825100,False,False,False,False,False,False,False,False,0,0,0.0,0,0,0,
100000008692291100,False,False,False,False,False,False,False,True,0,0,0.0,0,0,0,
100000002697752100,False,False,False,False,False,False,False,False,0,0,0.0,0,0,0,
100000007170072100,False,False,False,False,False,False,False,True,0,0,0.0,0,0,0,
100000002373144100,False,False,False,False,False,False,False,True,0,0,0.0,0,0,0,
100000000287768100,False,False,False,False,False,False,False,False,0,0,0.0,0,0,0,
100000004508696100,False,False,False,False,True,False,False,True,0,0,0.0,0,0,0,стоит в замкнутом маршруте ≤ 6 шагов
100000008688109100,False,False,False,False,False,False,False,False,0,0,0.0,0,0,0,
100000008724461100,False,False,False,False,False,False,False,True,0,0,0.0,0,0,0,
100000001714413100,False,False,False,False,False,False,False,False,0,0,0.0,0,0,0,
100000008672493100,False,False,False,False,False,False,False,False,0,0,0.0,0,0,0,
100000003241965100,False,False,False,False,False,False,False,False,0,0,0.0,0,0,0,
100000002241986100,False,False,False,False,False,False,False,False,0,0,0.0,0,0,0,
100000004140994100,False,False,False,False,False,False,False,False,0,0,0.0,0,0,0,
100000008489922100,False,False,False,False,True,False,False,True,0,0,0.0,0,0,1,стоит в замкнутом маршруте ≤ 6 шагов
100000001252290100,False,False,False,False,False,False,False,False,0,0,0.0,0,0,0,
100000008667799100,False,False,False,False,False,False,False,False,0,0,0.0,0,0,0,
100000008684951100,False,False,False,False,False,False,False,False,0,0,0.0,0,0,0,
100000006126743100,False,False,False,False,False,False,False,False,0,0,0.0,0,0,0,
100000003009900100,False,False,False,False,False,False,False,False,0,0,0.0,0,0,0,
100000001745217100,False,False,False,False,False,False,False,False,0,0,0.0,0,0,0,
100000002886166100,False,False,False,False,False,False,False,False,0,0,0.0,0,0,1,
100000002956779100,False,False,False,False,False,False,False,False,0,0,0.0,0,0,0,
100000008568512100,False,False,False,False,False,False,False,False,0,0,0.0,0,0,0,
100000008583360100,False,False,False,False,False,False,False,True,0,0,0.0,0,0,0,
100000001130176100,False,False,False,False,False,False,False,False,0,0,0.0,0,0,0,
100000001145749100,False,False,False,False,False,False,False,False,0,0,0.0,0,0,0,
100000005367445100,False,False,False,False,True,False,False,True,0,0,0.0,0,0,0,стоит в замкнутом маршруте ≤ 6 шагов
100000003917461100,False,False,False,False,True,False,False,True,0,0,0.0,0,0,0,стоит в замкнутом маршруте ≤ 6 шагов
100000008200810100,False,False,False,False,False,False,False,False,0,0,0.0,0,0,0,
100000002554175100,False,False,False,False,False,False,False,False,0,0,0.0,0,0,0,
100000008751380100,False,False,False,False,False,False,False,False,0,0,0.0,0,0,0,
100000004071444100,False,False,False,False,False,False,False,False,0,0,0.0,0,0,0,
100000001141268100,False,False,False,False,False,False,False,True,0,0,0.0,0,0,0,
100000002645993100,False,False,False,False,True,False,False,True,0,0,0.0,0,0,1,стоит в замкнутом маршруте ≤ 6 шагов
100000002546921100,False,False,False,False,False,False,False,False,0,0,0.0,0,0,0,
100000008753897100,False,False,False,False,False,False,False,False,0,0,0.0,0,0,0,
100000000870121100,False,False,False,False,False,False,False,False,0,0,0.0,0,0,0,
100000003171006100,False,False,False,False,False,False,False,False,0,0,0.0,0,0,0,
100000001690558100,False,False,False,False,False,False,False,False,0,0,0.0,0,0,0,
100000008667795100,False,False,False,False,False,False,False,False,0,0,0.0,0,0,0,
100000005674387100,False,False,False,False,False,False,False,False,0,0,0.0,0,0,0,
100000003636627100,False,False,False,False,True,False,False,True,0,0,0.0,0,0,0,стоит в замкнутом маршруте ≤ 6 шагов
100000001275752100,False,False,False,False,False,False,False,False,0,0,0.0,0,0,0,
100000002459240100,False,False,False,False,False,False,False,False,0,0,0.0,0,0,0,
100000002644285100,False,False,False,False,False,False,False,False,0,0,0.0,0,0,0,
100000005186109100,False,False,False,False,False,False,False,False,0,0,0.0,0,0,0,
100000005317181100,False,False,False,False,False,False,False,False,0,0,0.0,0,0,0,
100000003001661100,False,False,False,False,True,False,False,True,0,0,0.0,0,0,0,стоит в замкнутом маршруте ≤ 6 шагов
100000000288317100,False,False,False,False,False,False,False,True,0,0,0.0,0,0,0,
100000004368189100,False,False,False,False,False,False,False,True,0,0,0.0,0,0,0,
100000004493586100,False,False,False,False,False,False,False,False,0,0,0.0,0,0,0,
100000004114962100,False,False,False,False,False,False,False,False,0,0,0.0,0,0,0,
100000008088082100,False,False,False,False,False,False,False,True,0,0,0.0,0,0,0,
100000008595687100,False,True,False,False,True,False,False,True,1,10400,0.0,0,0,0,переводит известному курьеру и получает деньги курьеров — возвратный поток; стоит в замкнутом маршруте ≤ 6 шагов
100000001248999100,False,False,False,False,False,False,False,False,0,0,0.0,0,0,0,
100000002736316100,False,False,False,False,False,False,False,False,0,0,0.0,0,0,0,
100000008596924100,False,False,False,False,False,False,False,False,0,0,0.0,0,0,0,
100000008598972100,False,False,False,False,False,False,False,False,0,0,0.0,0,0,0,
100000002769809100,False,False,False,False,False,False,False,False,0,0,0.0,0,0,0,
100000003089553100,False,False,False,False,False,False,False,False,0,0,0.0,0,0,0,
100000002343825100,False,False,False,False,False,False,False,True,0,0,0.0,0,0,0,
100000002015633100,False,False,False,False,False,False,False,False,0,0,0.0,0,0,0,
100000002906470100,False,False,False,False,False,False,False,False,0,0,0.0,0,0,0,
100000005628518100,False,False,False,False,False,False,False,False,0,0,0.0,0,0,0,
100000002958139100,False,False,False,False,False,False,False,False,0,0,0.0,0,0,0,
100000008754747100,False,False,False,False,False,False,False,False,0,0,0.0,0,0,0,
100000008776720100,False,False,False,False,False,False,False,False,0,0,0.0,0,0,0,
100000008576528100,False,False,False,False,False,False,False,False,0,0,0.0,0,0,0,
100000004603109100,False,False,False,False,True,False,False,True,0,0,0.0,0,0,1,стоит в замкнутом маршруте ≤ 6 шагов
100000008721637100,False,True,True,False,False,False,False,True,1,12000,0.91,1,0,0,"переводит известному курьеру и получает деньги курьеров — возвратный поток; платит в те же точки сбора, что известные курьеры (91% исходящих, 1 раз в тот же день) — кандидат в курьеры"
100000004491749100,False,False,False,False,False,False,False,False,0,0,0.0,0,0,0,
100000005171642100,False,False,False,False,True,True,False,True,0,0,0.0,0,2,0,стоит в замкнутом маршруте ≤ 6 шагов; последовательная цепочка транзитов длиной 3 узлов
100000008682426100,False,False,False,False,False,False,False,False,0,0,0.0,0,0,0,
100000006209210100,False,False,False,False,False,False,False,False,0,0,0.0,0,0,0,
100000003888527100,False,False,False,False,False,False,False,False,0,0,0.0,0,0,0,
100000008490127100,False,False,False,False,False,False,False,False,0,0,0.0,0,0,1,
100000004336228100,False,False,False,False,False,False,False,False,0,0,0.0,0,0,1,
100000006844004100,False,False,False,False,False,False,False,False,0,0,0.0,0,0,0,
100000001688676100,False,False,False,False,False,False,False,False,0,0,0.0,0,0,0,
100000008712036100,False,False,False,False,False,False,False,False,0,0,0.0,0,0,0,
100000004697956100,False,False,False,False,True,True,False,True,0,0,0.0,0,4,0,стоит в замкнутом маршруте ≤ 6 шагов; последовательная цепочка транзитов длиной 5 узлов
100000004921657100,False,False,False,False,False,False,False,True,0,0,0.0,0,0,0,
100000000408846100,False,False,False,False,False,False,False,False,0,0,0.0,0,0,0,
100000003406094100,False,False,False,False,True,False,False,True,0,0,0.0,0,0,0,стоит в замкнутом маршруте ≤ 6 шагов
100000008695566100,False,False,False,False,False,False,False,False,0,0,0.0,0,0,0,
100000005974542100,False,False,False,False,False,False,False,False,0,0,0.0,0,0,0,
100000001887715100,False,False,False,False,False,False,False,True,0,0,0.0,0,0,1,
100000002472632100,False,False,False,False,False,False,False,False,0,0,0.0,0,0,1,
100000004629688100,False,False,False,False,True,False,False,True,0,0,0.0,0,0,0,стоит в замкнутом маршруте ≤ 6 шагов
100000002459832100,False,False,False,False,False,False,False,False,0,0,0.0,0,0,0,
100000006100920100,False,False,False,False,False,False,False,False,0,0,0.0,0,0,0,
100000001439416100,False,False,False,False,True,False,False,True,0,0,0.0,0,0,0,стоит в замкнутом маршруте ≤ 6 шагов
100000002121357100,False,False,False,False,False,False,False,False,0,0,0.0,0,0,0,
100000002970466100,False,False,False,False,False,False,False,True,0,0,0.0,0,0,0,
100000002581346100,False,False,False,False,False,False,False,False,0,0,0.0,0,0,0,
100000008738658100,False,False,False,False,False,False,False,False,0,0,0.0,0,0,0,
100000005910114100,True,False,False,False,True,False,False,True,2,318389,0.0,0,0,0,переводит 2 известным курьерам 318 тыс. ₸ — признаки выплат курьерам; стоит в замкнутом маршруте ≤ 6 шагов
100000001046626100,False,False,False,False,False,False,False,False,0,0,0.0,0,0,0,
100000006492770100,False,False,False,False,False,False,False,True,0,0,0.0,0,0,0,
100000001674850100,False,False,False,False,False,False,False,False,0,0,0.0,0,0,0,
100000000860514100,False,False,False,False,False,False,False,True,0,0,0.0,0,0,0,
100000003650146100,False,False,False,False,False,False,False,False,0,0,0.0,0,0,0,
100000001227106100,False,False,False,False,False,False,False,False,0,0,0.0,0,0,0,
100000003647799100,False,False,False,False,False,False,False,False,0,0,0.0,0,0,0,
100000008293431100,False,False,False,False,True,False,False,False,0,0,0.0,0,0,0,стоит в замкнутом маршруте ≤ 6 шагов
100000002975287100,False,False,False,False,False,False,False,False,0,0,0.0,0,0,0,
100000008507703100,False,False,False,False,False,False,False,False,0,0,0.0,0,0,0,
100000001733687100,False,False,False,False,False,False,False,False,0,0,0.0,0,0,0,
100000004552204100,False,False,False,False,True,False,False,True,0,0,0.0,0,0,0,стоит в замкнутом маршруте ≤ 6 шагов
100000008223756100,False,False,False,False,False,False,False,False,0,0,0.0,0,0,0,
100000002956769100,False,False,False,False,False,False,False,False,0,0,0.0,0,0,0,
100000008555233100,False,False,False,False,False,False,False,False,0,0,0.0,0,0,0,
100000002346166100,False,False,False,False,False,False,False,False,0,0,0.0,0,0,0,
100000000878006100,False,False,False,False,False,False,False,False,0,0,0.0,0,0,0,
100000004997515100,False,False,False,False,False,False,False,True,0,0,0.0,0,0,0,
100000007653003100,False,False,False,False,False,False,False,False,0,0,0.0,0,0,0,
100000000661131100,False,False,False,False,False,False,False,False,0,0,0.0,0,0,0,
100000003880331100,False,True,False,False,True,False,False,True,1,402000,0.0,0,0,0,переводит известному курьеру и получает деньги курьеров — возвратный поток; стоит в замкнутом маршруте ≤ 6 шагов
100000003204491100,False,False,False,False,False,False,False,True,0,0,0.0,0,0,0,
100000008463968100,False,False,False,False,False,False,False,False,0,0,0.0,0,0,0,
100000002712416100,False,False,False,False,False,False,False,False,0,0,0.0,0,0,0,
100000008754997100,False,False,False,False,False,False,False,False,0,0,0.0,0,0,0,
100000008011573100,False,False,False,False,False,False,False,False,0,0,0.0,0,0,0,
100000003178549100,False,True,False,False,True,False,False,False,1,12000,0.0,0,0,0,переводит известному курьеру и получает деньги курьеров — возвратный поток; стоит в замкнутом маршруте ≤ 6 шагов
100000000534581100,False,False,False,False,False,False,False,True,0,0,0.0,0,0,0,
100000007138613100,False,False,False,False,False,False,False,False,0,0,0.0,0,0,0,
100000002380341100,False,False,False,False,False,False,False,False,0,0,0.0,0,0,0,
100000008309514100,False,False,False,False,False,False,False,False,0,0,0.0,0,0,0,
100000003134474100,False,False,False,False,False,False,False,False,0,0,0.0,0,0,0,
100000002373386100,False,False,False,False,False,False,False,False,0,0,0.0,0,0,0,
100000008684767100,False,False,False,False,False,False,False,False,0,0,0.0,0,0,0,
100000008332511100,False,False,False,False,False,False,False,False,0,0,0.0,0,0,0,
100000005754335100,False,False,False,False,False,False,False,False,0,0,0.0,0,0,0,
100000008547295100,False,False,False,False,False,False,False,False,0,0,0.0,0,0,0,
100000001875167100,False,False,False,False,False,False,False,False,0,0,0.0,0,0,1,
100000004670388100,False,False,False,False,True,False,False,True,0,0,0.0,0,0,0,стоит в замкнутом маршруте ≤ 6 шагов
100000004097972100,False,False,False,False,False,False,False,True,0,0,0.0,0,0,0,
100000000481716100,False,False,False,False,False,False,False,False,0,0,0.0,0,0,0,
100000005089460100,False,False,False,False,False,False,False,False,0,0,0.0,0,0,0,
100000003105929100,False,False,False,False,False,False,False,False,0,0,0.0,0,0,1,
100000008379273100,False,False,True,False,False,False,False,True,0,0,0.26,1,0,0,"платит в те же точки сбора, что известные курьеры (26% исходящих, 1 раз в тот же день) — кандидат в курьеры"
100000005357705100,False,False,False,False,False,False,False,True,0,0,0.0,0,0,0,
100000003111305100,False,False,False,False,False,False,False,False,0,0,0.0,0,0,0,
100000008503177100,False,False,False,False,False,False,False,False,0,0,0.0,0,0,0,
100000000955529100,False,False,False,False,False,False,False,True,0,0,0.0,0,0,0,
100000008695689100,False,False,False,False,False,False,False,False,0,0,0.0,0,0,0,
100000004184158100,False,False,False,False,False,False,False,False,0,0,0.0,0,0,0,
100000005475379100,False,False,False,False,False,False,False,True,0,0,0.0,0,0,0,
100000003093299100,False,False,False,False,False,False,False,False,0,0,0.0,0,0,0,
100000008767027100,False,False,False,False,False,False,False,False,0,0,0.0,0,0,0,
100000004539443100,False,False,False,False,False,False,False,False,0,0,0.0,0,0,0,
100000007863304100,False,False,False,False,False,False,False,False,0,0,0.0,0,0,0,
100000004959752100,False,False,False,False,False,False,False,False,0,0,0.0,0,0,0,
100000002214664100,False,False,False,False,False,False,False,True,0,0,0.0,0,0,0,
100000008192264100,False,False,False,False,False,False,False,True,0,0,0.0,0,0,0,
100000000942301100,False,False,False,False,False,False,False,False,0,0,0.0,0,0,0,
100000002578653100,False,False,False,False,False,False,False,False,0,0,0.0,0,0,0,
100000002511581100,False,False,False,False,False,False,False,False,0,0,0.0,0,0,0,
100000005610717100,False,False,False,False,False,False,False,True,0,0,0.0,0,0,0,
100000005704413100,False,False,False,False,True,False,False,True,0,0,0.05,0,0,0,стоит в замкнутом маршруте ≤ 6 шагов
100000000976943100,False,False,False,False,False,False,False,True,0,0,0.0,0,0,0,
100000008708061100,False,False,False,False,False,False,False,False,0,0,0.0,0,0,0,
100000003986141100,False,False,False,False,False,False,False,False,0,0,0.0,0,0,0,
100000005037490100,False,False,False,False,True,False,False,True,0,0,0.0,0,0,0,стоит в замкнутом маршруте ≤ 6 шагов
100000004257714100,False,False,False,False,False,False,False,False,0,0,0.0,0,0,0,
100000000569479100,False,False,False,False,False,False,False,False,0,0,0.0,0,0,0,
100000007303047100,False,False,False,False,False,False,False,False,0,0,0.0,0,0,0,
100000008708743100,False,False,False,False,False,False,False,False,0,0,0.0,0,0,0,
100000008745863100,False,False,False,False,False,False,False,False,0,0,0.0,0,0,0,
100000005048668100,False,False,False,False,True,False,False,True,0,0,0.0,0,0,0,стоит в замкнутом маршруте ≤ 6 шагов
100000006522972100,False,False,False,False,False,False,False,False,0,0,0.0,0,0,0,
100000008759857100,False,False,False,False,False,False,False,True,0,0,0.0,0,0,0,
100000005342513100,False,False,False,False,True,False,False,True,0,0,0.0,0,0,0,стоит в замкнутом маршруте ≤ 6 шагов
100000004750897100,False,False,False,False,False,False,False,False,0,0,0.0,0,0,0,
100000001140785100,False,False,False,False,False,False,False,False,0,0,0.0,0,0,0,
100000002821425100,False,False,False,False,False,False,False,False,0,0,0.0,0,0,0,
100000003221510100,False,False,False,False,False,False,False,False,0,0,0.0,0,0,0,
100000003031003100,False,False,False,False,False,False,False,False,0,0,0.0,0,0,0,
100000003060187100,False,False,False,False,False,False,False,False,0,0,0.0,0,0,0,
100000008718811100,False,False,False,False,False,False,False,False,0,0,0.0,0,0,0,
100000008043184100,False,False,False,False,False,False,False,False,0,0,0.0,0,0,0,
100000002530224100,False,False,False,False,False,False,False,False,0,0,0.0,0,0,0,
100000008754608100,False,False,False,False,False,False,False,False,0,0,0.0,0,0,0,
100000006989232100,False,False,False,False,False,False,False,False,0,0,0.0,0,0,0,
100000006532229100,False,False,False,False,False,False,False,False,0,0,0.0,0,0,0,
100000005661829100,False,False,False,False,False,False,False,True,0,0,0.0,0,0,0,
100000004553349100,False,False,False,False,False,False,False,False,0,0,0.0,0,0,0,
100000002945626100,False,False,False,False,False,False,False,False,0,0,0.0,0,0,0,
100000008775471100,False,False,False,False,False,False,False,False,0,0,0.0,0,0,1,
100000000404740100,False,False,False,False,False,False,False,False,0,0,0.0,0,0,0,
100000004268036100,False,False,False,False,False,False,False,False,0,0,0.0,0,0,0,
100000001256409100,False,False,False,False,False,False,False,False,0,0,0.0,0,0,0,
100000005360814100,False,False,False,False,False,False,False,False,0,0,0.0,0,0,0,
100000002369454100,False,False,False,False,False,False,False,False,0,0,0.0,0,0,0,
100000004272302100,False,False,False,False,False,False,False,False,0,0,0.0,0,0,0,
100000008727982100,False,False,False,False,False,False,False,False,0,0,0.0,0,0,1,
100000000600707100,False,False,False,False,False,False,False,False,0,0,0.0,0,0,0,
100000004500781100,False,False,False,False,False,False,True,False,0,0,0.0,0,0,2,дробление: 2 раз получал несколько переводов от одного плательщика за день
100000008703533100,False,False,False,False,False,False,False,False,0,0,0.0,0,0,0,
100000004549591100,False,False,False,False,False,False,False,False,0,0,0.0,0,0,0,
100000002700161100,False,False,False,False,False,False,False,False,0,0,0.0,0,0,0,
100000003134550100,False,False,False,False,False,False,False,False,0,0,0.0,0,0,0,
100000001957974100,False,False,False,False,False,False,False,False,0,0,0.0,0,0,0,
100000001246806100,False,False,False,False,False,False,False,False,0,0,0.0,0,0,0,
100000003622955100,False,False,False,False,False,False,False,False,0,0,0.0,0,0,0,
100000003692843100,False,False,False,False,False,False,False,False,0,0,0.0,0,0,0,
100000008629504100,False,False,False,False,False,False,False,False,0,0,0.0,0,0,0,
100000005621418100,False,False,False,False,False,False,False,False,0,0,0.0,0,0,0,
100000004167082100,False,False,False,False,False,False,False,False,0,0,0.0,0,0,0,
100000004379306100,False,False,False,False,False,False,False,False,0,0,0.0,0,0,0,
100000004856746100,False,False,False,False,False,False,False,False,0,0,0.0,0,0,0,
100000004891562100,False,False,False,False,False,False,False,False,0,0,0.0,0,0,0,
100000007042175100,False,False,False,False,False,False,False,False,0,0,0.0,0,0,0,
100000002670463100,False,False,False,False,False,False,False,False,0,0,0.0,0,0,0,
100000005567828100,False,False,False,False,False,False,False,False,0,0,0.0,0,0,0,
100000004200745100,False,False,False,False,False,False,False,False,0,0,0.0,0,0,0,
100000003989033100,False,False,False,False,False,False,False,False,0,0,0.0,0,0,1,
100000005146665100,False,False,False,False,False,False,False,False,0,0,0.0,0,0,0,
100000003096787100,False,False,False,False,False,False,False,False,0,0,0.0,0,0,0,
100000003074515100,False,False,False,False,False,False,False,False,0,0,0.0,0,0,0,
100000004377043100,False,False,False,False,False,False,False,False,0,0,0.0,0,0,0,
100000008680061100,False,False,False,False,False,False,False,False,0,0,0.0,0,0,0,
100000008471634100,False,False,False,False,False,False,False,False,0,0,0.0,0,0,0,
100000002119762100,False,False,False,False,False,False,True,False,0,0,0.0,0,0,2,дробление: 2 раз получал несколько переводов от одного плательщика за день
100000008628818100,False,False,False,False,False,False,False,False,0,0,0.0,0,0,0,
100000007510567100,False,False,False,False,False,False,False,False,0,0,0.0,0,0,0,
100000004780327100,False,False,False,False,False,False,False,False,0,0,0.0,0,0,0,
100000008376785100,False,False,False,False,False,False,False,False,0,0,0.0,0,0,0,
100000005745873100,False,False,False,False,False,False,False,False,0,0,0.0,0,0,0,
100000002594214100,False,False,False,False,False,False,False,False,0,0,0.0,0,0,0,
100000001299323100,False,False,False,False,False,False,False,False,0,0,0.0,0,0,0,
100000003838587100,False,False,False,False,False,False,False,False,0,0,0.0,0,0,0,
100000000673915100,False,False,False,False,False,False,False,False,0,0,0.0,0,0,0,
100000003061115100,False,False,False,False,False,False,False,False,0,0,0.0,0,0,0,
100000004326224100,False,False,False,False,False,False,False,False,0,0,0.0,0,0,0,
100000004988240100,False,False,False,False,False,False,False,False,0,0,0.0,0,0,0,
100000008525136100,False,False,False,False,False,False,False,False,0,0,0.0,0,0,0,
100000001991973100,False,False,False,False,False,False,False,False,0,0,0.0,0,0,0,
100000004569637100,False,False,False,False,False,False,False,False,0,0,0.0,0,0,0,
100000008675322100,False,False,False,False,False,False,False,False,0,0,0.0,0,0,0,
100000004235471100,False,False,False,False,False,False,False,False,0,0,0.0,0,0,0,
100000003194831100,False,False,False,False,False,False,False,False,0,0,0.0,0,0,0,
100000008588665100,False,False,False,False,False,False,False,False,0,0,0.0,0,0,0,
100000003230329100,False,False,False,False,False,False,False,False,0,0,0.0,0,0,0,
100000002217806100,False,False,False,False,False,False,False,False,0,0,0.0,0,0,0,
100000004041294100,False,False,False,False,False,False,False,False,0,0,0.0,0,0,1,
100000008583971100,False,False,False,False,False,False,False,False,0,0,0.0,0,0,0,
100000008251939100,False,False,False,False,False,False,False,False,0,0,0.0,0,0,0,
100000004049912100,False,False,False,False,False,False,False,False,0,0,0.0,0,0,0,
100000002227960100,False,False,False,False,False,False,False,False,0,0,0.0,0,0,0,
100000008677368100,False,False,False,False,False,False,False,False,0,0,0.0,0,0,0,
100000008631800100,False,False,False,False,False,False,False,False,0,0,0.0,0,0,0,
100000003220685100,False,False,False,False,False,False,False,False,0,0,0.0,0,0,1,
100000003072205100,False,False,False,False,False,False,False,False,0,0,0.0,0,0,0,
100000001202637100,False,False,False,False,False,False,False,False,0,0,0.0,0,0,0,
100000002835874100,False,False,False,False,False,False,False,False,0,0,0.0,0,0,0,
100000002707106100,False,False,False,False,False,False,False,False,0,0,0.0,0,0,0,
100000008343415100,False,False,False,False,False,False,False,False,0,0,0.0,0,0,1,
100000004981068100,False,False,False,False,False,False,False,False,0,0,0.0,0,0,0,
100000004241142100,False,False,False,False,False,False,False,False,0,0,0.0,0,0,0,
100000008190411100,False,False,False,False,False,False,True,False,0,0,0.0,0,0,3,дробление: 3 раз получал несколько переводов от одного плательщика за день
100000008699083100,False,False,False,False,False,False,False,False,0,0,0.0,0,0,0,
100000008136608100,False,False,False,False,False,False,False,False,0,0,0.0,0,0,0,
100000008695157100,False,False,False,False,False,False,False,False,0,0,0.0,0,0,0,
100000000369781100,False,False,False,False,False,False,False,False,0,0,0.0,0,0,0,
100000003133045100,False,False,False,False,False,False,False,False,0,0,0.0,0,0,0,
100000002474570100,False,False,False,False,False,False,False,False,0,0,0.0,0,0,0,
100000002514975100,False,False,False,False,False,False,False,False,0,0,0.0,0,0,0,
100000001089055100,False,False,False,False,False,False,False,False,0,0,0.0,0,0,0,
100000000608031100,False,False,False,False,False,False,False,False,0,0,0.0,0,0,0,
100000002659103100,False,False,False,False,False,False,False,False,0,0,0.0,0,0,0,
100000000733940100,False,False,False,False,False,False,False,False,0,0,0.0,0,0,0,
100000001537524100,False,False,False,False,False,False,False,False,0,0,0.0,0,0,0,
100000002971593100,False,False,False,False,False,False,False,False,0,0,0.0,0,0,0,
100000006918814100,False,False,False,False,False,False,False,False,0,0,0.0,0,0,0,
100000007381662100,False,False,False,False,False,False,False,False,0,0,0.0,0,0,0,
100000003199390100,False,False,False,False,False,False,False,False,0,0,0.0,0,0,0,
100000007749747100,False,False,False,False,False,False,False,False,0,0,0.0,0,0,0,
100000003447411100,False,False,False,False,False,False,False,False,0,0,0.0,0,0,0,
100000000500040100,False,False,False,False,False,False,False,False,0,0,0.0,0,0,0,
100000008551752100,False,False,False,False,False,False,False,False,0,0,0.0,0,0,0,
100000002876914100,False,False,False,False,False,False,False,False,0,0,0.0,0,0,0,
100000004571634100,False,False,False,False,False,False,False,False,0,0,0.0,0,0,0,
100000004610802100,False,False,False,False,False,False,True,False,0,0,0.0,0,0,4,дробление: 4 раз получал несколько переводов от одного плательщика за день
100000001311175100,False,False,False,False,False,False,False,False,0,0,0.0,0,0,0,
100000008740295100,False,False,False,False,False,False,False,False,0,0,0.0,0,0,0,
100000002596039100,False,False,False,False,False,False,False,False,0,0,0.0,0,0,0,
100000002126791100,False,False,False,False,False,False,False,False,0,0,0.0,0,0,0,
100000005783452100,False,False,False,False,False,False,False,False,0,0,0.0,0,0,0,
100000006693788100,False,False,False,False,False,False,False,False,0,0,0.0,0,0,0,
100000002832753100,False,False,False,False,False,False,False,False,0,0,0.0,0,0,0,
100000002981489100,False,False,False,False,False,False,False,False,0,0,0.0,0,0,0,
100000003084870100,False,False,False,False,False,False,False,False,0,0,0.0,0,0,0,
100000002791494100,False,False,False,False,False,False,False,False,0,0,0.0,0,0,0,
100000003345947100,False,False,False,False,False,False,False,False,0,0,0.0,0,0,1,
100000002733083100,False,False,False,False,False,False,False,False,0,0,0.0,0,0,0,
100000003247600100,False,False,False,False,False,False,False,False,0,0,0.0,0,0,0,
100000001378288100,False,False,False,False,False,False,False,False,0,0,0.0,0,0,0,
100000002305477100,False,False,False,False,False,False,False,False,0,0,0.0,0,0,0,
100000006638021100,False,False,False,False,False,False,False,False,0,0,0.0,0,0,0,
100000008517061100,False,False,False,False,False,False,False,False,0,0,0.0,0,0,1,
100000005910895100,False,False,False,False,False,False,False,False,0,0,0.0,0,0,0,
100000002723439100,False,False,False,False,False,False,False,False,0,0,0.0,0,0,0,
100000002320495100,False,False,False,False,False,False,False,False,0,0,0.0,0,0,0,
100000002229615100,False,False,False,False,False,False,False,False,0,0,0.0,0,0,0,
100000008327791100,False,False,False,False,False,False,False,False,0,0,0.0,0,0,0,
100000002208836100,False,False,False,False,False,False,False,False,0,0,0.0,0,0,0,
100000001724740100,False,False,False,False,False,False,True,False,0,0,0.0,0,0,2,дробление: 2 раз получал несколько переводов от одного плательщика за день
100000004386286100,False,False,False,False,False,False,False,False,0,0,0.0,0,0,0,
100000001714883100,False,False,False,False,False,False,False,False,0,0,0.0,0,0,0,
100000008337304100,False,False,False,False,False,False,False,False,0,0,0.0,0,0,1,
100000000655469100,False,False,False,False,False,False,False,False,0,0,0.0,0,0,0,
100000008722541100,False,False,False,False,False,False,False,False,0,0,0.0,0,0,0,
100000004222274100,False,False,False,False,False,False,False,False,0,0,0.0,0,0,0,
100000006232642100,False,False,False,False,False,False,False,False,0,0,0.0,0,0,0,
100000004066370100,False,False,False,False,False,False,False,False,0,0,0.0,0,0,0,
100000005685783100,False,False,False,False,False,False,False,False,0,0,0.0,0,0,0,
100000006171671100,False,False,False,False,False,False,False,False,0,0,0.0,0,0,0,
100000003481025100,False,False,False,False,False,False,False,False,0,0,0.0,0,0,0,
100000003646145100,False,False,False,False,False,False,False,False,0,0,0.0,0,0,0,
100000002659265100,False,False,False,False,False,False,False,False,0,0,0.0,0,0,0,
100000003289281100,False,False,False,False,False,False,False,False,0,0,0.0,0,0,0,
100000004840086100,False,False,False,False,False,False,False,False,0,0,0.0,0,0,1,
100000008554390100,False,False,False,False,False,False,False,False,0,0,0.0,0,0,0,
100000004691350100,False,False,False,False,False,False,False,False,0,0,0.0,0,0,0,
100000004652395100,False,False,False,False,False,False,True,False,0,0,0.0,0,0,2,дробление: 2 раз получал несколько переводов от одного плательщика за день
100000004979264100,False,False,False,False,False,False,False,False,0,0,0.0,0,0,0,
100000008074304100,False,False,False,False,False,False,False,False,0,0,0.0,0,0,0,
100000002227989100,False,False,False,False,False,False,False,False,0,0,0.0,0,0,0,
100000003207060100,False,False,False,False,False,False,False,False,0,0,0.0,0,0,0,
100000004601193100,False,False,False,False,False,False,False,False,0,0,0.0,0,0,0,
100000004991593100,False,False,False,False,False,False,False,False,0,0,0.0,0,0,0,
100000003128638100,False,False,False,False,False,False,False,False,0,0,0.0,0,0,0,
100000005878334100,False,False,False,False,False,False,False,False,0,0,0.0,0,0,0,
100000002878483100,False,False,False,False,False,False,False,False,0,0,0.0,0,0,0,
100000000981693100,False,False,False,False,False,False,False,False,0,0,0.0,0,0,0,
100000006416061100,False,False,False,False,False,False,False,False,0,0,0.0,0,0,0,
100000008168850100,False,False,False,False,False,False,False,False,0,0,0.0,0,0,0,
100000004747154100,False,False,False,False,False,False,False,False,0,0,0.0,0,0,0,
100000008524903100,False,False,False,False,False,False,False,False,0,0,0.0,0,0,0,
100000005049404100,False,False,False,False,False,False,False,False,0,0,0.0,0,0,0,
100000002258492100,False,False,False,False,False,False,False,False,0,0,0.0,0,0,0,
100000005497148100,False,False,False,False,False,False,False,False,0,0,0.0,0,0,0,
100000004596284100,False,False,False,False,False,False,False,False,0,0,0.0,0,0,0,
100000007960337100,False,False,False,False,False,False,False,False,0,0,0.0,0,0,0,
100000003180305100,False,False,False,False,False,False,False,False,0,0,0.0,0,0,0,
100000007653094100,False,False,False,False,False,False,False,False,0,0,0.0,0,0,0,
100000008175078100,False,False,False,False,False,False,True,False,0,0,0.0,0,0,4,дробление: 4 раз получал несколько переводов от одного плательщика за день
100000004263867100,False,False,False,False,False,False,False,False,0,0,0.0,0,0,0,
100000002194320100,False,False,False,False,False,False,False,False,0,0,0.0,0,0,0,
100000001222245100,False,False,False,False,False,False,False,False,0,0,0.0,0,0,0,
100000008151098100,False,False,False,False,False,False,False,False,0,0,0.0,0,0,0,
100000008735802100,False,False,False,False,False,False,False,False,0,0,0.0,0,0,0,
100000004047887100,False,False,False,False,False,False,False,False,0,0,0.0,0,0,0,
100000003146511100,False,False,False,False,False,False,False,False,0,0,0.0,0,0,0,
100000007511780100,False,False,False,False,False,False,False,False,0,0,0.0,0,0,0,
100000007867364100,False,False,False,False,False,False,False,False,0,0,0.0,0,0,0,
100000006288612100,False,False,False,False,False,False,False,False,0,0,0.0,0,0,0,
100000006735545100,False,False,False,False,False,False,False,False,0,0,0.0,0,0,0,
100000004403641100,False,False,False,False,False,False,False,False,0,0,0.0,0,0,0,
100000003370425100,False,False,False,False,False,False,False,False,0,0,0.0,0,0,0,
100000004350094100,False,False,False,False,False,False,False,False,0,0,0.0,0,0,0,
100000004911971100,False,False,False,False,False,False,False,False,0,0,0.0,0,0,1,
100000001202787100,False,False,False,False,False,False,False,False,0,0,0.0,0,0,0,
100000008469048100,False,False,False,False,False,False,False,False,0,0,0.0,0,0,1,
100000002635746100,False,False,False,False,False,False,False,False,0,0,0.0,0,0,0,
100000008321975100,False,False,False,False,False,False,False,False,0,0,0.0,0,0,0,
100000003078839100,False,False,False,False,False,False,False,False,0,0,0.0,0,0,0,
100000004006327100,False,False,False,False,False,False,False,False,0,0,0.0,0,0,0,
100000007865484100,False,False,False,False,False,False,False,False,0,0,0.0,0,0,0,
100000005367180100,False,False,False,False,False,False,False,False,0,0,0.0,0,0,0,
100000001669260100,False,False,False,False,False,False,False,False,0,0,0.0,0,0,0,
100000001297206100,False,False,False,False,False,False,False,False,0,0,0.0,0,0,0,
100000002645046100,False,False,False,False,False,False,False,False,0,0,0.0,0,0,0,
100000006308406100,False,False,False,False,False,False,False,False,0,0,0.0,0,0,0,
100000002728246100,False,False,False,False,False,False,False,False,0,0,0.0,0,0,0,
100000001590795100,False,False,False,False,False,False,False,False,0,0,0.0,0,0,0,
100000006257675100,False,False,False,False,False,False,False,False,0,0,0.0,0,0,1,
100000002130400100,False,False,False,False,False,False,False,False,0,0,0.0,0,0,0,
100000000557536100,False,False,False,False,False,False,False,False,0,0,0.0,0,0,1,
100000002689717100,False,False,False,False,False,False,False,False,0,0,0.0,0,0,0,
100000005189258100,False,False,False,False,False,False,False,False,0,0,0.0,0,0,0,
100000002748511100,False,False,False,False,False,False,False,False,0,0,0.0,0,0,0,
100000002371892100,False,False,False,False,False,False,False,False,0,0,0.0,0,0,0,
100000008130868100,False,False,False,False,False,False,False,False,0,0,0.0,0,0,0,
100000007153161100,False,False,False,False,False,False,False,False,0,0,0.0,0,0,0,
100000002994441100,False,False,False,False,False,False,False,False,0,0,0.0,0,0,0,
100000001065481100,False,False,False,False,False,False,False,False,0,0,0.0,0,0,0,
100000007731977100,False,False,False,False,False,False,False,False,0,0,0.0,0,0,0,
100000003252446100,False,False,False,False,False,False,False,False,0,0,0.0,0,0,0,
100000002671326100,False,False,False,False,False,False,False,False,0,0,0.0,0,0,0,
100000005087923100,False,False,False,False,False,False,False,False,0,0,0.0,0,0,0,
100000008770483100,False,False,False,False,False,False,False,False,0,0,0.0,0,0,0,
100000002748040100,False,False,False,False,False,False,False,False,0,0,0.0,0,0,0,
100000004800648100,False,False,False,False,False,False,False,False,0,0,0.0,0,0,0,
100000005025629100,False,False,False,False,False,False,False,False,0,0,0.0,0,0,0,
100000000581682100,False,False,False,False,False,False,False,False,0,0,0.0,0,0,0,
100000004976946100,False,False,False,False,False,False,False,False,0,0,0.0,0,0,0,
100000000957746100,False,False,False,False,False,False,False,False,0,0,0.0,0,0,0,
100000003001138100,False,False,False,False,False,False,False,False,0,0,0.0,0,0,0,
100000001325618100,False,False,False,False,False,False,False,False,0,0,0.0,0,0,0,
100000003792647100,False,False,False,False,False,False,False,False,0,0,0.0,0,0,0,
100000004107228100,False,False,False,False,False,False,False,False,0,0,0.0,0,0,0,
100000003500764100,False,False,False,False,False,False,False,False,0,0,0.0,0,0,0,
100000004261340100,False,False,False,False,False,False,False,False,0,0,0.0,0,0,0,
100000008172721100,False,False,False,False,False,False,False,False,0,0,0.0,0,0,0,
100000005079473100,False,False,False,False,False,False,False,False,0,0,0.0,0,0,0,
100000004850609100,False,False,False,False,False,False,False,False,0,0,0.0,0,0,0,
100000005042822100,False,False,False,False,False,False,False,False,0,0,0.0,0,0,0,
100000002794374100,False,False,False,False,False,False,False,False,0,0,0.0,0,0,0,
100000002860934100,False,False,False,False,False,False,False,False,0,0,0.0,0,0,0,
100000003097947100,False,False,False,False,False,False,False,False,0,0,0.0,0,0,0,
100000004260869100,False,False,False,False,False,False,False,False,0,0,0.0,0,0,0,
100000008762885100,False,False,False,False,False,False,False,False,0,0,0.0,0,0,0,
100000002986245100,False,False,False,False,False,False,False,False,0,0,0.0,0,0,0,
100000001471706100,False,False,False,False,False,False,False,False,0,0,0.0,0,0,1,
100000002304943100,False,False,False,False,False,False,False,False,0,0,0.0,0,0,0,
100000002695812100,False,False,False,False,False,False,False,False,0,0,0.0,0,0,0,
100000008761220100,False,False,False,False,False,False,False,False,0,0,0.0,0,0,0,
100000004890713100,False,False,False,False,False,False,False,False,0,0,0.0,0,0,0,
100000003083865100,False,False,False,False,False,False,False,False,0,0,0.0,0,0,0,
100000004030553100,False,False,False,False,False,False,False,False,0,0,0.0,0,0,0,
100000002653187100,False,False,False,False,False,False,False,False,0,0,0.0,0,0,0,
100000006412162100,False,False,False,False,False,False,False,False,0,0,0.0,0,0,1,
100000004674178100,False,False,False,False,False,False,False,False,0,0,0.0,0,0,0,
100000004070530100,False,False,False,False,False,False,False,False,0,0,0.0,0,0,0,
100000006706519100,False,False,False,False,False,False,False,False,0,0,0.0,0,0,0,
100000005636951100,False,False,False,False,False,False,False,False,0,0,0.0,0,0,0,
100000003040087100,False,False,False,False,False,False,False,False,0,0,0.0,0,0,0,
100000008766764100,False,False,False,False,False,False,False,False,0,0,0.0,0,0,0,
100000000299820100,False,False,False,False,False,False,False,False,0,0,0.0,0,0,0,
100000008349740100,False,False,False,False,False,False,False,False,0,0,0.0,0,0,0,
100000008761132100,False,False,False,False,False,False,False,False,0,0,0.0,0,0,0,
100000002540033100,False,False,False,False,False,False,False,False,0,0,0.0,0,0,0,
100000001845505100,False,False,False,False,False,False,False,False,0,0,0.0,0,0,0,
100000003782913100,False,False,False,False,False,False,False,False,0,0,0.0,0,0,0,
100000008778753100,False,False,False,False,False,False,False,False,0,0,0.0,0,0,0,
100000008710913100,False,False,False,False,False,False,False,False,0,0,0.0,0,0,0,
100000005495211100,False,False,False,False,False,False,False,False,0,0,0.0,0,0,0,
100000004013952100,False,False,False,False,False,False,False,False,0,0,0.0,0,0,0,
100000007330432100,False,False,False,False,False,False,False,False,0,0,0.0,0,0,0,
100000000737152100,False,False,False,False,False,False,False,False,0,0,0.0,0,0,0,
100000004674389100,False,False,False,False,False,False,False,False,0,0,0.0,0,0,0,
100000002529877100,False,False,False,False,False,False,False,False,0,0,0.0,0,0,0,
100000004035925100,False,False,False,False,False,False,False,False,0,0,0.0,0,0,0,
100000002188586100,False,False,False,False,False,False,False,False,0,0,0.0,0,0,0,
100000008050986100,False,False,False,False,False,False,False,False,0,0,0.0,0,0,0,
100000004777215100,False,False,False,False,False,False,False,False,0,0,0.0,0,0,0,
100000000926078100,False,False,False,False,False,False,False,False,0,0,0.0,0,0,0,
100000003486846100,False,False,False,False,False,False,False,False,0,0,0.0,0,0,0,
100000002516862100,False,False,False,False,False,False,True,False,0,0,0.0,0,0,2,дробление: 2 раз получал несколько переводов от одного плательщика за день
100000008730238100,False,False,False,False,False,False,False,False,0,0,0.0,0,0,0,
100000000803368100,False,False,False,False,False,False,False,False,0,0,0.0,0,0,0,
100000002528978100,False,False,False,False,False,False,False,False,0,0,0.0,0,0,0,
100000002597074100,False,False,False,False,False,False,False,False,0,0,0.0,0,0,0,
100000003631015100,False,False,False,False,False,False,False,False,0,0,0.0,0,0,0,
100000008255655100,False,False,False,False,False,False,False,False,0,0,0.0,0,0,0,
100000004265639100,False,False,False,False,False,False,False,False,0,0,0.0,0,0,0,
100000002726055100,False,False,False,False,False,False,False,False,0,0,0.0,0,0,0,
100000003696422100,False,False,False,False,False,False,False,False,0,0,0.0,0,0,0,
100000007745062100,False,False,False,False,False,False,False,False,0,0,0.0,0,0,0,
100000005041147100,False,False,False,False,False,False,False,False,0,0,0.0,0,0,0,
100000003819173100,False,False,False,False,False,False,False,False,0,0,0.0,0,0,0,
100000001275557100,False,False,False,False,False,False,False,False,0,0,0.0,0,0,0,
100000002706810100,False,False,False,False,False,False,False,False,0,0,0.0,0,0,0,
100000002896506100,False,False,False,False,False,False,False,False,0,0,0.0,0,0,0,
100000008766031100,False,False,False,False,False,False,False,False,0,0,0.0,0,0,0,
100000008758607100,False,False,False,False,False,False,False,False,0,0,0.0,0,0,0,
100000008648783100,False,False,False,False,False,False,False,False,0,0,0.0,0,0,0,
100000004291663100,False,False,False,False,False,False,False,False,0,0,0.0,0,0,0,
100000003037476100,False,False,False,False,False,False,False,False,0,0,0.0,0,0,0,
100000008715513100,False,False,False,False,False,False,False,False,0,0,0.0,0,0,0,
100000001276409100,False,False,False,False,False,False,False,False,0,0,0.0,0,0,0,
100000003232675100,False,False,False,False,False,False,False,False,0,0,0.0,0,0,1,
100000007988344100,False,False,False,False,False,False,False,False,0,0,0.0,0,0,0,
100000003047800100,False,False,False,False,False,False,False,False,0,0,0.0,0,0,0,
100000003230328100,False,False,False,False,False,False,False,False,0,0,0.0,0,0,0,
100000002702968100,False,False,False,False,False,False,False,False,0,0,0.0,0,0,0,
100000004788983100,False,False,False,False,False,False,False,False,0,0,0.0,0,0,0,
100000006490615100,False,False,False,False,False,False,False,False,0,0,0.0,0,0,1,
100000008745676100,False,False,False,False,False,False,False,False,0,0,0.0,0,0,0,
100000001598625100,False,False,False,False,False,False,False,False,0,0,0.0,0,0,0,
100000008461217100,False,False,False,False,False,False,False,False,0,0,0.0,0,0,0,
100000005711521100,False,False,False,False,False,False,False,False,0,0,0.0,0,0,0,
100000002713974100,False,False,False,False,False,False,False,False,0,0,0.0,0,0,0,
100000005272139100,False,False,False,False,False,False,False,False,0,0,0.0,0,0,0,
100000002968096100,False,False,False,False,False,False,False,False,0,0,0.0,0,0,0,
100000004449824100,False,False,False,False,False,False,False,False,0,0,0.0,0,0,0,
100000004502048100,False,False,False,False,False,False,False,False,0,0,0.0,0,0,0,
100000002660298100,False,False,False,False,False,False,False,False,0,0,0.0,0,0,0,
100000001299828100,False,False,False,False,False,False,False,False,0,0,0.0,0,0,0,
100000000581662100,False,False,False,False,False,False,False,False,0,0,0.0,0,0,0,
100000001249054100,False,False,False,False,False,False,False,False,0,0,0.0,0,0,0,
100000008759795100,False,False,False,False,False,False,False,False,0,0,0.0,0,0,0,
100000001299443100,False,False,False,False,False,False,False,False,0,0,0.0,0,0,0,
100000007997939100,False,False,False,False,False,False,False,False,0,0,0.0,0,0,0,
100000003470579100,False,False,False,False,False,False,False,False,0,0,0.0,0,0,0,
100000008649416100,False,False,False,False,False,False,False,False,0,0,0.0,0,0,0,
100000008183752100,False,False,False,False,False,False,False,False,0,0,0.0,0,0,0,
100000003950749100,False,False,False,False,False,False,False,False,0,0,0.0,0,0,0,
100000005979037100,False,False,False,False,False,False,False,False,0,0,0.0,0,0,0,
100000008734279100,False,False,False,False,False,False,False,False,0,0,0.0,0,0,0,
100000005589319100,False,False,False,False,False,False,False,False,0,0,0.0,0,0,0,
100000003626268100,False,False,False,False,False,False,False,False,0,0,0.0,0,0,0,
100000001220124100,False,False,False,False,False,False,False,False,0,0,0.0,0,0,0,
100000003904497100,False,False,False,False,False,False,False,False,0,0,0.0,0,0,0,
100000001270470100,False,False,False,False,False,False,False,False,0,0,0.0,0,0,0,
100000003091142100,False,False,False,False,False,False,False,False,0,0,0.0,0,0,0,
100000001053894100,False,False,False,False,False,False,False,False,0,0,0.0,0,0,0,
100000004722630100,False,False,False,False,False,False,False,False,0,0,0.0,0,0,0,
100000004655046100,False,False,False,False,False,False,False,False,0,0,0.0,0,0,0,
100000004019056100,False,False,False,False,False,False,False,False,0,0,0.0,0,0,0,
100000008071749100,False,False,False,False,False,False,False,False,0,0,0.0,0,0,0,
100000008221765100,False,False,False,False,False,False,False,False,0,0,0.0,0,0,0,
100000008778010100,False,False,False,False,False,False,False,False,0,0,0.0,0,0,1,
100000004584730100,False,False,False,False,False,False,False,False,0,0,0.0,0,0,0,
100000004797167100,False,False,False,False,False,False,False,False,0,0,0.0,0,0,0,
100000005010159100,False,False,False,False,False,False,False,False,0,0,0.0,0,0,0,
100000003025903100,False,False,False,False,False,False,False,False,0,0,0.0,0,0,0,
100000003005167100,False,False,False,False,False,False,False,False,0,0,0.0,0,0,0,
100000002214383100,False,False,False,False,False,False,False,False,0,0,0.0,0,0,0,
100000004800452100,False,False,False,False,False,False,False,False,0,0,0.0,0,0,0,
100000006903193100,False,False,False,False,False,False,False,False,0,0,0.0,0,0,0,
100000007811950100,False,False,False,False,False,False,False,False,0,0,0.0,0,0,0,
100000000375150100,False,False,False,False,False,False,False,False,0,0,0.0,0,0,0,
100000008775747100,False,False,False,False,False,False,False,False,0,0,0.0,0,0,0,
100000006689603100,False,False,False,False,False,False,False,False,0,0,0.0,0,0,0,
100000005075949100,False,False,False,False,False,False,True,False,0,0,0.0,0,0,2,дробление: 2 раз получал несколько переводов от одного плательщика за день
100000003985389100,False,False,False,False,False,False,False,False,0,0,0.0,0,0,1,
100000002478829100,False,False,False,False,False,False,False,False,0,0,0.0,0,0,0,
100000003125997100,False,False,False,False,False,False,False,False,0,0,0.0,0,0,0,
100000003214786100,False,False,False,False,False,False,False,False,0,0,0.0,0,0,0,
100000008308418100,False,False,False,False,False,False,False,False,0,0,0.0,0,0,0,
100000008619159100,False,False,False,False,False,False,False,False,0,0,0.0,0,0,1,
100000004418967100,False,False,False,False,False,False,False,False,0,0,0.0,0,0,0,
100000003173783100,False,False,False,False,False,False,False,False,0,0,0.0,0,0,0,
100000002242455100,False,False,False,False,False,False,False,False,0,0,0.0,0,0,0,
100000004848236100,False,False,False,False,False,False,False,False,0,0,0.0,0,0,0,
100000004674412100,False,False,False,False,False,False,False,False,0,0,0.0,0,0,0,
100000007071852100,False,False,False,False,False,False,False,False,0,0,0.0,0,0,0,
100000001498732100,False,False,False,False,False,False,False,False,0,0,0.0,0,0,0,
100000000627521100,False,False,False,False,False,False,False,False,0,0,0.0,0,0,0,
100000003105089100,False,False,False,False,False,False,False,False,0,0,0.0,0,0,0,
100000003166017100,False,False,False,False,False,False,False,False,0,0,0.0,0,0,0,
100000002506987100,False,False,False,False,False,False,False,False,0,0,0.0,0,0,0,
100000005767403100,False,False,False,False,False,False,False,False,0,0,0.0,0,0,0,
100000005553088100,False,False,False,False,False,False,False,False,0,0,0.0,0,0,0,
100000003632533100,False,False,False,False,False,False,False,False,0,0,0.0,0,0,0,
100000008762005100,False,False,False,False,False,False,False,False,0,0,0.0,0,0,0,
100000002214207100,False,False,False,False,False,False,False,False,0,0,0.0,0,0,0,
100000003180820100,False,False,False,False,False,False,False,False,0,0,0.0,0,0,0,
100000003786516100,False,False,False,False,False,False,False,False,0,0,0.0,0,0,0,
100000005226217100,False,False,False,False,False,False,False,False,0,0,0.0,0,0,0,
100000001533161100,False,False,False,False,False,False,False,False,0,0,0.0,0,0,0,
100000007034089100,False,False,False,False,False,False,False,False,0,0,0.0,0,0,0,
100000008336318100,False,False,False,False,False,False,False,False,0,0,0.0,0,0,0,
100000005370558100,False,False,False,False,False,False,False,False,0,0,0.0,0,0,0,
100000002729875100,False,False,False,False,False,False,False,False,0,0,0.0,0,0,0,
100000006512787100,False,False,False,False,False,False,False,False,0,0,0.0,0,0,0,
100000003186579100,False,False,False,False,False,False,False,False,0,0,0.0,0,0,0,
100000004472936100,False,False,False,False,False,False,False,False,0,0,0.0,0,0,0,
100000002231144100,False,False,False,False,False,False,False,False,0,0,0.0,0,0,0,
100000002505277100,False,False,False,False,False,False,False,False,0,0,0.0,0,0,0,
100000003177533100,False,False,False,False,False,False,False,False,0,0,0.0,0,0,1,
100000005888829100,False,False,False,False,False,False,False,False,0,0,0.0,0,0,0,
100000002242066100,False,False,False,False,False,False,False,False,0,0,0.0,0,0,0,
100000008027922100,False,False,False,False,False,False,False,False,0,0,0.0,0,0,0,
100000002686226100,False,False,False,False,False,False,False,False,0,0,0.0,0,0,0,
100000001065234100,False,False,False,False,False,False,False,False,0,0,0.0,0,0,0,
100000000424935100,False,False,False,False,False,False,False,False,0,0,0.0,0,0,0,
100000005723580100,False,False,False,False,False,False,False,False,0,0,0.0,0,0,0,
100000000704700100,False,False,False,False,False,False,False,False,0,0,0.0,0,0,0,
100000005293969100,False,False,False,False,False,False,False,False,0,0,0.0,0,0,0,
100000002512742100,False,False,False,False,False,False,False,False,0,0,0.0,0,0,0,
100000001816678100,False,False,False,False,False,False,False,False,0,0,0.0,0,0,0,
100000004586598100,False,False,False,False,False,False,False,False,0,0,0.0,0,0,0,
100000005782886100,False,False,False,False,False,False,False,False,0,0,0.0,0,0,0,
100000002622822100,False,False,False,False,False,False,False,False,0,0,0.0,0,0,0,
100000003718715100,False,False,False,False,False,False,False,False,0,0,0.0,0,0,0,
100000006491963100,False,False,False,False,False,False,False,False,0,0,0.0,0,0,0,
100000004526651100,False,False,False,False,False,False,False,False,0,0,0.0,0,0,0,
100000008331280100,False,False,False,False,False,False,False,False,0,0,0.0,0,0,0,
100000004177936100,False,False,False,False,False,False,False,False,0,0,0.0,0,0,0,
100000002922000100,False,False,False,False,False,False,False,False,0,0,0.0,0,0,0,
100000002404112100,False,False,False,False,False,False,False,False,0,0,0.0,0,0,0,
100000000634341100,False,False,False,False,False,False,False,False,0,0,0.0,0,0,0,
100000001822650100,False,False,False,False,False,False,False,False,0,0,0.0,0,0,0,
100000004791226100,False,False,False,False,False,False,False,False,0,0,0.0,0,0,0,
100000007841978100,False,False,False,False,False,False,False,False,0,0,0.0,0,0,0,
100000006866831100,False,False,False,False,False,False,False,False,0,0,0.0,0,0,0,
100000002999140100,False,False,False,False,False,False,False,False,0,0,0.0,0,0,0,
100000002884708100,False,False,False,False,False,False,False,False,0,0,0.0,0,0,0,
100000001130553100,False,False,False,False,False,False,False,False,0,0,0.0,0,0,1,
100000006351075100,False,False,False,False,False,False,False,False,0,0,0.0,0,0,1,
100000005616568100,False,False,False,False,False,False,False,False,0,0,0.0,0,0,0,
100000006381453100,False,False,False,False,False,False,False,False,0,0,0.0,0,0,0,
100000004616845100,False,False,False,False,False,False,False,False,0,0,0.0,0,0,0,
100000004908173100,False,False,False,False,False,False,False,False,0,0,0.0,0,0,0,
100000004433250100,False,False,False,False,False,False,False,False,0,0,0.0,0,0,0,
100000003664994100,False,False,False,False,False,False,False,False,0,0,0.0,0,0,0,
100000004673335100,False,False,False,False,False,False,False,False,0,0,0.0,0,0,0,
100000002487222100,False,False,False,False,False,False,False,False,0,0,0.0,0,0,0,
100000000018102100,False,False,False,False,False,False,False,False,0,0,0.0,0,0,0,
100000008638859100,False,False,False,False,False,False,False,False,0,0,0.0,0,0,0,
100000001131403100,False,False,False,False,False,False,False,False,0,0,0.0,0,0,0,
100000001733216100,False,False,False,False,False,False,False,False,0,0,0.0,0,0,1,
100000004400480100,False,False,False,False,False,False,False,False,0,0,0.0,0,0,0,
100000007539296100,False,False,False,False,False,False,False,False,0,0,0.0,0,0,0,
100000008757301100,False,False,False,False,False,False,False,False,0,0,0.0,0,0,0,
100000002752565100,False,False,False,False,False,False,False,False,0,0,0.0,0,0,0,
100000002734815100,False,False,False,False,False,False,False,False,0,0,0.0,0,0,0,
100000008333492100,False,False,False,False,False,False,False,False,0,0,0.0,0,0,0,
100000006527156100,False,False,False,False,False,False,False,False,0,0,0.0,0,0,0,
100000003448713100,False,False,False,False,False,False,False,False,0,0,0.0,0,0,0,
100000004780083100,False,False,False,False,False,False,False,False,0,0,0.0,0,0,0,
100000004798515100,False,False,False,False,False,False,False,False,0,0,0.0,0,0,0,
100000004232712100,False,False,False,False,False,False,False,False,0,0,0.0,0,0,0,
100000005209352100,False,False,False,False,False,False,False,False,0,0,0.0,0,0,0,
100000000561160100,False,False,False,False,False,False,False,False,0,0,0.0,0,0,0,
100000003568904100,False,False,False,False,False,False,False,False,0,0,0.0,0,0,0,
100000000470237100,False,False,False,False,False,False,False,False,0,0,0.0,0,0,0,
100000008560263100,False,False,False,False,False,False,False,False,0,0,0.0,0,0,0,
100000000542087100,False,False,False,False,False,False,False,False,0,0,0.0,0,0,0,
100000004403548100,False,False,False,False,False,False,False,False,0,0,0.0,0,0,0,
100000003010908100,False,False,False,False,False,False,False,False,0,0,0.0,0,0,0,
100000006756956100,False,False,False,False,False,False,True,False,0,0,0.0,0,0,3,дробление: 3 раз получал несколько переводов от одного плательщика за день
100000007357489100,False,False,False,False,False,False,False,False,0,0,0.0,0,0,0,
100000002599729100,False,False,False,False,False,False,False,False,0,0,0.0,0,0,0,
100000005849862100,False,False,False,False,False,False,False,False,0,0,0.0,0,0,0,
100000008762843100,False,False,False,False,False,False,False,False,0,0,0.0,0,0,0,
100000002723674100,False,False,False,False,False,False,False,False,0,0,0.0,0,0,0,
100000008758106100,False,False,False,False,False,False,False,False,0,0,0.0,0,0,0,
100000001286703100,False,False,False,False,False,False,False,False,0,0,0.0,0,0,0,
