gid,role,rule_id,role_score,cluster_id,priority_score,evidence,depth,is_seed,truncated,in_deg,out_deg,in_kzt,out_kzt,in_tx,out_tx,pass_through,seed_reach,seed_direct,seed_money,seed_money_share,rep_in,betweenness,pagerank,fast_share,seq_ok,reciprocal,sync_payers_day,p_money,p_turnover,p_betweenness,p_role,p_reach,p_multiplier,priority_raw
100000000343175100,distributor,R2,0.673,11,0.5914,"рассылает 4,0 млн ₸ 31 получателю (33 переводов), плательщиков 8 — признаки веерной раздачи; seed: входящие извне выборки не видны",0,True,False,8.0,31.0,178712.0,4000039.0,14.0,33.0,22.382598818210305,7,1,74168.06362706542,0.0013413358471579247,2,0.001113447146722526,0.0007166946382018727,0.04330257779986645,True,0,2,0.0618,0.1485,0.0984,0.225,0.0543,0.85,0.4998
100000000456947100,peripheral,R0,0.5,0,0.0,нет переводов от 5 000 ₸ внутри банка за июль — вне сети,0,True,False,0.0,0.0,0.0,0.0,0.0,0.0,,0,0,0.0,0.0,0,0.0,0.0,,True,0,0,0.0,0.0007,0.0367,0.03,0.0011,0.85,0.0582
100000000580561100,transit,R5,0.55,47,0.3441,"seed-курьер, транзит: передаёт дальше 1,5 млн ₸ 3 получателям; входящие извне выборки не видны",0,True,False,2.0,3.0,27980.0,1488077.0,3.0,13.0,53.183595425303785,0,0,18188.876905041034,0.0003289474123923511,1,1.2092493060924398e-06,0.0008384348345170707,0.015913155031628066,True,2,1,0.0306,0.1431,0.076,0.12,0.0011,0.85,0.3152
100000001415126100,peripheral,R8a,0.5,20,0.1254,"разовый входящий 27 тыс ₸ от 1 плательщика, дальше не отправлял; меньше 100 тыс ₸ — признаков роли нет",0,True,False,1.0,0.0,27000.0,0.0,1.0,0.0,0.0,7,0,4329.031393003198,7.829090725766527e-05,0,0.0,0.0004114090098163562,,True,0,1,0.0149,0.0428,0.0367,0.03,0.0543,0.85,0.1519
100000001429930100,peripheral,R8a,0.5,14,0.1099,"разовый входящий 26 тыс ₸ от 1 плательщика, дальше не отправлял; меньше 100 тыс ₸ — признаков роли нет",0,True,False,1.0,0.0,26000.0,0.0,1.0,0.0,0.0,7,0,207.77334668922398,3.757598949860226e-06,0,0.0,0.0003523464564592315,,True,0,1,0.0033,0.0407,0.0367,0.03,0.0543,0.85,0.1402
100000001616816100,transit,R5,0.55,10,0.4741,"seed-курьер, транзит: передаёт дальше 181 тыс ₸ 3 получателям; входящие извне выборки не видны",0,True,False,5.0,3.0,176195.0,181326.0,12.0,10.0,1.0291211441868384,10,0,57745.80943654579,0.0010443379593925892,2,0.0001064947274559291,0.0024461862547303496,0.6713598711712606,True,2,1,0.0545,0.1211,0.0933,0.12,0.0961,0.85,0.4122
100000001732159100,transit,R5,0.55,38,0.8258,"seed-курьер, транзит: передаёт дальше 1,5 млн ₸ 4 получателям; входящие извне выборки не видны",0,True,False,2.0,4.0,2378100.0,1505966.0,30.0,23.0,0.633264370716118,9,2,2378100.0,0.04300814423530706,2,2.0618231041378772e-05,0.001099397432375524,0.6309279226755451,True,2,2,0.35,0.1482,0.0848,0.12,0.0909,0.85,0.6748
100000002527114100,distributor,R2,0.95,2,0.5086,"рассылает 3,3 млн ₸ 111 получателям (113 переводов), плательщиков 3 — признаки веерной раздачи; seed: входящие извне выборки не видны",0,True,False,3.0,111.0,129000.0,3289249.0,4.0,113.0,25.49805426356589,0,0,40546.65093273082,0.000733289689909396,1,0.00019670455379103686,0.0008146179725184579,0.039218678792636255,True,3,1,0.0457,0.1479,0.0956,0.225,0.0011,0.85,0.438
100000002916006100,transit,R5,0.55,20,0.1577,"seed-курьер, транзит: передаёт дальше 32 тыс ₸ 1 получателю; входящие извне выборки не видны",0,True,False,0.0,1.0,0.0,32000.0,0.0,1.0,,0,0,0.0,0.0,0,0.0,0.0002868488506751384,,True,0,0,0.0,0.0492,0.0367,0.12,0.0011,0.85,0.176
100000003016635100,coordinator,R1,0.902,4,0.6652,"получает от 8 плательщиков и рассылает 73 получателям (587 тыс ₸ → 9,4 млн ₸); узел-посредник, betweenness в топ-1% — признаки координатора; seed: входящие извне выборки не видны",0,True,False,8.0,73.0,586981.0,9414081.0,36.0,151.0,16.038135817002594,6,0,106066.21256168254,0.001918216630228157,4,0.00733908623831256,0.0011952566810188184,0.062351386184163915,True,6,3,0.0739,0.1498,0.1,0.3,0.0291,0.85,0.5549
100000003200071100,transit,R5,0.55,67,0.1543,"seed-курьер, транзит: передаёт дальше 30 тыс ₸ 1 получателю; входящие извне выборки не видны",0,True,False,0.0,1.0,0.0,30000.0,0.0,1.0,,0,0,0.0,0.0,0,0.0,0.0002868488506751384,,True,0,0,0.0,0.0462,0.0367,0.12,0.0011,0.85,0.1734
100000003265658100,peripheral,R0,0.5,0,0.0,нет переводов от 5 000 ₸ внутри банка за июль — вне сети,0,True,False,0.0,0.0,0.0,0.0,0.0,0.0,,0,0,0.0,0.0,0,0.0,0.0,,True,0,0,0.0,0.0007,0.0367,0.03,0.0011,0.85,0.0582
100000003349739100,peripheral,R0,0.5,0,0.0,нет переводов от 5 000 ₸ внутри банка за июль — вне сети,0,True,False,0.0,0.0,0.0,0.0,0.0,0.0,,0,0,0.0,0.0,0,0.0,0.0,,True,0,0,0.0,0.0007,0.0367,0.03,0.0011,0.85,0.0582
100000003684369100,coordinator,R1,0.915,3,0.8333,"получает от 24 плательщиков и рассылает 62 получателям (3,8 млн ₸ → 8,6 млн ₸); узел-посредник, betweenness в топ-1% — признаки координатора; seed: входящие извне выборки не видны",0,True,False,24.0,62.0,3848436.0,8588655.0,58.0,67.0,2.2317260830113845,9,1,500392.25159962656,0.009049637160349355,11,0.002342531671550131,0.002028869963852267,0.43805019528668926,True,1,6,0.1605,0.1499,0.0992,0.3,0.0909,0.85,0.6804
100000003770083100,peripheral,R0,0.5,0,0.0,нет переводов от 5 000 ₸ внутри банка за июль — вне сети,0,True,False,0.0,0.0,0.0,0.0,0.0,0.0,,0,0,0.0,0.0,0,0.0,0.0,,True,0,0,0.0,0.0007,0.0367,0.03,0.0011,0.85,0.0582
100000003975102100,transit,R5,0.55,4,0.3549,"seed-курьер, транзит: передаёт дальше 88 тыс ₸ 2 получателям; входящие извне выборки не видны",0,True,False,1.0,2.0,25650.0,88500.0,1.0,2.0,3.4502923976608186,7,0,25647.6402654328,0.0004638397930410844,0,6.016015297809888e-06,0.000346992529923579,0.28983050847457625,True,0,1,0.0363,0.0911,0.0786,0.12,0.0543,0.85,0.3233
100000003977183100,transit,R5,0.55,10,0.3909,"seed-курьер, транзит: передаёт дальше 766 тыс ₸ 4 получателям; входящие извне выборки не видны",0,True,False,2.0,4.0,123800.0,766000.0,2.0,6.0,6.187399030694669,1,1,76057.77777777778,0.0013755114910573981,0,1.612332408123253e-06,0.00033293228527307104,0.10704960835509138,True,1,1,0.0626,0.1377,0.0768,0.12,0.0148,0.85,0.3501
100000004007116100,transit,R5,0.55,23,0.3246,"seed-курьер, транзит: передаёт дальше 148 тыс ₸ 4 получателям; входящие извне выборки не видны",0,True,False,3.0,4.0,764704.0,148000.0,24.0,6.0,0.19353893794200108,0,0,8032.405511680512,0.0001452667485819902,3,4.0308310203081327e-07,0.0006304640304726743,0.6621621621621622,True,2,1,0.0203,0.138,0.0742,0.12,0.0011,0.85,0.3006
100000004019124100,consolidator,R3,0.413,4,0.5893,получает 193 тыс ₸ от 3 плательщиков; seed: входящие извне выборки не видны — признаки консолидации,0,True,False,3.0,0.0,193000.0,0.0,3.0,0.0,0.0,11,2,157359.67078189302,0.0028458632596644754,0,0.0,0.0012079590546220128,,True,0,1,0.09,0.1053,0.0367,0.255,0.0992,0.85,0.4983
100000004021459100,peripheral,R0,0.5,0,0.0,нет переводов от 5 000 ₸ внутри банка за июль — вне сети,0,True,False,0.0,0.0,0.0,0.0,0.0,0.0,,0,0,0.0,0.0,0,0.0,0.0,,True,0,0,0.0,0.0007,0.0367,0.03,0.0011,0.85,0.0582
100000004041163100,transit,R5,0.55,20,0.486,"seed-курьер, транзит: передаёт дальше 866 тыс ₸ 2 получателям; входящие извне выборки не видны",0,True,False,1.0,2.0,50000.0,866000.0,1.0,6.0,17.32,14,1,50000.0,0.0009042543256235452,0,2.3781903019817984e-05,0.002092903857705781,0.05542725173210162,True,1,1,0.0508,0.1383,0.0864,0.12,0.0999,0.85,0.4211
100000004174835100,peripheral,R0,0.5,0,0.0,нет переводов от 5 000 ₸ внутри банка за июль — вне сети,0,True,False,0.0,0.0,0.0,0.0,0.0,0.0,,0,0,0.0,0.0,0,0.0,0.0,,True,0,0,0.0,0.0007,0.0367,0.03,0.0011,0.85,0.0582
100000004193835100,transit,R5,0.55,4,0.3342,"seed-курьер, транзит: передаёт дальше 5 тыс ₸ 1 получателю; входящие извне выборки не видны",0,True,False,1.0,1.0,47000.0,5000.0,1.0,1.0,0.10638297872340426,7,0,35339.64670189406,0.0006391205679239112,0,6.791950269219204e-06,0.00047199654932406684,1.0,True,0,1,0.0427,0.0665,0.0786,0.12,0.0543,0.85,0.3078
100000004269433100,transit,R5,0.55,16,0.2633,"seed-курьер, транзит: передаёт дальше 1,4 млн ₸ 1 получателю; входящие извне выборки не видны",0,True,False,0.0,1.0,0.0,1372000.0,0.0,67.0,,0,0,0.0,0.0,0,0.0,0.0002868488506751384,,True,0,0,0.0,0.142,0.0367,0.12,0.0011,0.85,0.2548
100000004358004100,distributor,R2,0.603,3,0.3791,"рассылает 981 тыс ₸ 11 получателям (17 переводов), плательщиков 0 — признаки веерной раздачи; seed: входящие извне выборки не видны",0,True,False,0.0,11.0,0.0,980850.0,0.0,17.0,,0,0,0.0,0.0,0,0.0,0.0002868488506751384,,True,0,0,0.0,0.1387,0.0367,0.225,0.0011,0.85,0.3413
100000004388983100,transit,R5,0.55,63,0.246,"seed-курьер, транзит: передаёт дальше 451 тыс ₸ 2 получателям; входящие извне выборки не видны",0,True,False,0.0,2.0,0.0,450816.0,0.0,23.0,,0,0,0.0,0.0,0,0.0,0.0002868488506751384,,True,0,0,0.0,0.1268,0.0367,0.12,0.0011,0.85,0.2419
100000004714705100,transit,R5,0.55,20,0.1618,"seed-курьер, транзит: передаёт дальше 37 тыс ₸ 1 получателю; входящие извне выборки не видны",0,True,False,0.0,1.0,0.0,36550.0,0.0,1.0,,0,0,0.0,0.0,0,0.0,0.0002868488506751384,,True,0,0,0.0,0.0528,0.0367,0.12,0.0011,0.85,0.179
100000004723755100,transit,R5,0.55,3,0.1984,"seed-курьер, транзит: передаёт дальше 95 тыс ₸ 1 получателю; входящие извне выборки не видны",0,True,False,0.0,1.0,0.0,95000.0,0.0,5.0,,0,0,0.0,0.0,0,0.0,0.0002868488506751384,,True,0,0,0.0,0.085,0.0367,0.12,0.0011,0.85,0.2064
100000004813068100,transit,R5,0.55,24,0.2341,"seed-курьер, транзит: передаёт дальше 297 тыс ₸ 3 получателям; входящие извне выборки не видны",0,True,False,0.0,3.0,0.0,297000.0,0.0,5.0,,0,0,0.0,0.0,0,0.0,0.0002868488506751384,,True,0,0,0.0,0.1163,0.0367,0.12,0.0011,0.85,0.233
100000004971871100,transit,R5,0.55,58,0.1712,"seed-курьер, транзит: передаёт дальше 6 тыс ₸ 1 получателю; входящие извне выборки не видны",0,True,False,1.0,1.0,25400.0,5650.0,3.0,1.0,0.22244094488188976,0,0,3306.682027649769,5.980163053927878e-05,1,0.0,0.0007461346034888536,1.0,True,1,1,0.0131,0.048,0.0367,0.12,0.0011,0.85,0.1861
100000005017150100,peripheral,R0,0.5,0,0.0,нет переводов от 5 000 ₸ внутри банка за июль — вне сети,0,True,False,0.0,0.0,0.0,0.0,0.0,0.0,,0,0,0.0,0.0,0,0.0,0.0,,True,0,0,0.0,0.0007,0.0367,0.03,0.0011,0.85,0.0582
100000005087431100,peripheral,R0,0.5,0,0.0,нет переводов от 5 000 ₸ внутри банка за июль — вне сети,0,True,False,0.0,0.0,0.0,0.0,0.0,0.0,,0,0,0.0,0.0,0,0.0,0.0,,True,0,0,0.0,0.0007,0.0367,0.03,0.0011,0.85,0.0582
100000005235389100,peripheral,R0,0.5,0,0.0,нет переводов от 5 000 ₸ внутри банка за июль — вне сети,0,True,False,0.0,0.0,0.0,0.0,0.0,0.0,,0,0,0.0,0.0,0,0.0,0.0,,True,0,0,0.0,0.0007,0.0367,0.03,0.0011,0.85,0.0582
100000005264990100,transit,R5,0.55,20,0.3471,"seed-курьер, транзит: передаёт дальше 122 тыс ₸ 2 получателям; входящие извне выборки не видны",0,True,False,1.0,2.0,17070.0,122000.0,1.0,2.0,7.147041593438781,7,0,2736.9098473542444,4.949725136623505e-05,0,7.898413384293786e-05,0.0003655985512877528,0.0,True,0,1,0.0119,0.095,0.0922,0.12,0.0543,0.85,0.3174
100000005370580100,peripheral,R8a,0.5,14,0.1063,"разовый входящий 24 тыс ₸ от 1 плательщика, дальше не отправлял; меньше 100 тыс ₸ — признаков роли нет",0,True,False,1.0,0.0,24075.0,0.0,1.0,0.0,0.0,7,0,192.39012775165642,3.479392104534036e-06,0,0.0,0.00034749711449252456,,True,0,1,0.0031,0.0378,0.0367,0.03,0.0543,0.85,0.1376
100000005382566100,consolidator,R3,0.493,20,0.7221,получает 393 тыс ₸ от 7 плательщиков; seed: входящие извне выборки не видны — признаки консолидации,0,True,False,7.0,1.0,393066.0,50000.0,11.0,1.0,0.12720510041570626,14,6,339962.36993433494,0.006148248871247085,2,4.7160722937605155e-05,0.0021219671978348763,1.0,True,1,2,0.1323,0.1258,0.0898,0.255,0.0999,0.85,0.5974
100000005386383100,transit,R5,0.55,20,0.3094,"seed-курьер, транзит: передаёт дальше 29 тыс ₸ 1 получателю; входящие извне выборки не видны",0,True,False,2.0,1.0,37500.0,29000.0,2.0,1.0,0.7733333333333333,7,0,504.8101013095187,9.129534354551848e-06,0,2.9011906268667784e-05,0.0005266275322641048,0.0,False,0,2,0.0051,0.0738,0.0871,0.12,0.0543,0.85,0.2893
100000005392290100,transit,R5,0.55,68,0.1914,"seed-курьер, транзит: передаёт дальше 81 тыс ₸ 1 получателю; входящие извне выборки не видны",0,True,False,0.0,1.0,0.0,81465.0,0.0,1.0,,0,0,0.0,0.0,0,0.0,0.0002868488506751384,,True,0,0,0.0,0.0788,0.0367,0.12,0.0011,0.85,0.2011
100000005395727100,peripheral,R8a,0.5,16,0.0927,"разовый входящий 17 тыс ₸ от 1 плательщика, дальше не отправлял; меньше 100 тыс ₸ — признаков роли нет",0,True,False,1.0,0.0,17000.0,0.0,1.0,0.0,0.0,7,0,308.19443103992495,5.573722948018791e-06,0,0.0,0.00037285017574889003,,True,0,1,0.004,0.0249,0.0367,0.03,0.0543,0.85,0.1274
100000005409680100,terminal,R6,0.5,19,0.264,"конечный получатель в выборке: получил 55 тыс ₸ от 2 плательщиков, исходящих от 5 000 ₸ в банке не наблюдается",0,True,False,2.0,0.0,55060.0,0.0,2.0,0.0,0.0,9,0,3606.066654444956,6.521602741537355e-05,0,0.0,0.0006362170091600229,,True,0,1,0.0136,0.0692,0.0367,0.09,0.0909,0.85,0.2553
100000005417257100,transit,R5,0.55,20,0.203,"seed-курьер, транзит: передаёт дальше 106 тыс ₸ 2 получателям; входящие извне выборки не видны",0,True,False,0.0,2.0,0.0,106000.0,0.0,2.0,,0,0,0.0,0.0,0,0.0,0.0002868488506751384,,True,0,0,0.0,0.089,0.0367,0.12,0.0011,0.85,0.2098
100000005454368100,terminal,R6,0.5,14,0.2095,"конечный получатель в выборке: получил 49 тыс ₸ от 2 плательщиков, исходящих от 5 000 ₸ в банке не наблюдается",0,True,False,2.0,0.0,48600.0,0.0,2.0,0.0,0.0,7,0,1608.1871620383538,2.9084203953708693e-05,0,0.0,0.00039592373535834356,,True,0,1,0.0091,0.0624,0.0367,0.09,0.0543,0.85,0.2146
100000005480435100,peripheral,R0,0.5,0,0.0,нет переводов от 5 000 ₸ внутри банка за июль — вне сети,0,True,False,0.0,0.0,0.0,0.0,0.0,0.0,,0,0,0.0,0.0,0,0.0,0.0,,True,0,0,0.0,0.0007,0.0367,0.03,0.0011,0.85,0.0582
100000005485830100,transit,R5,0.55,43,0.2321,"seed-курьер, транзит: передаёт дальше 276 тыс ₸ 5 получателям; входящие извне выборки не видны",0,True,False,0.0,5.0,0.0,275885.0,0.0,9.0,,0,0,0.0,0.0,0,0.0,0.0002868488506751384,,True,0,0,0.0,0.1146,0.0367,0.12,0.0011,0.85,0.2315
100000005493505100,consolidator,R3,0.413,3,0.4885,получает 62 тыс ₸ от 3 плательщиков; seed: входящие извне выборки не видны — признаки консолидации,0,True,False,3.0,0.0,62020.0,0.0,3.0,0.0,0.0,11,1,23099.749971394096,0.00041776097664910955,0,0.0,0.0006201052363006153,,True,0,1,0.0345,0.0722,0.0367,0.255,0.0992,0.85,0.423
100000005495722100,peripheral,R0,0.5,0,0.0,нет переводов от 5 000 ₸ внутри банка за июль — вне сети,0,True,False,0.0,0.0,0.0,0.0,0.0,0.0,,0,0,0.0,0.0,0,0.0,0.0,,True,0,0,0.0,0.0007,0.0367,0.03,0.0011,0.85,0.0582
100000005498992100,distributor,R2,0.621,9,0.3877,"рассылает 2,3 млн ₸ 16 получателям (19 переводов), плательщиков 0 — признаки веерной раздачи; seed: входящие извне выборки не видны",0,True,False,0.0,16.0,0.0,2262868.0,0.0,19.0,,0,0,0.0,0.0,0,0.0,0.0002868488506751384,,True,0,0,0.0,0.1463,0.0367,0.225,0.0011,0.85,0.3477
100000005519347100,transit,R5,0.55,4,0.436,"seed-курьер, транзит: передаёт дальше 99 тыс ₸ 1 получателю; входящие извне выборки не видны",0,True,False,2.0,1.0,73100.0,99000.0,2.0,1.0,1.3543091655266757,9,1,73097.88405867269,0.0013219815570796633,0,1.5451518911181176e-06,0.0005591119636921243,0.0,True,0,1,0.0614,0.1026,0.0766,0.12,0.0909,0.85,0.3838
100000005523088100,terminal,R6,0.669,20,0.5494,"конечный получатель в выборке: получил 700 тыс ₸ от 1 плательщика, исходящих от 5 000 ₸ в банке не наблюдается",0,True,False,1.0,0.0,700000.0,0.0,2.0,0.0,0.0,15,1,700000.0,0.012659560558729634,1,0.0,0.0017270161361158103,,True,0,1,0.1899,0.1345,0.0367,0.09,0.1,0.85,0.4684
100000005543136100,transit,R5,0.55,3,0.1151,"seed-курьер, транзит: передаёт дальше 10 тыс ₸ 1 получателю; входящие извне выборки не видны",0,True,False,0.0,1.0,0.0,10000.0,0.0,1.0,,0,0,0.0,0.0,0,0.0,0.0002868488506751384,,True,0,0,0.0,0.0118,0.0367,0.12,0.0011,0.85,0.1442
100000005550592100,peripheral,R0,0.5,0,0.0,нет переводов от 5 000 ₸ внутри банка за июль — вне сети,0,True,False,0.0,0.0,0.0,0.0,0.0,0.0,,0,0,0.0,0.0,0,0.0,0.0,,True,0,0,0.0,0.0007,0.0367,0.03,0.0011,0.85,0.0582
100000005560900100,peripheral,R0,0.5,0,0.0,нет переводов от 5 000 ₸ внутри банка за июль — вне сети,0,True,False,0.0,0.0,0.0,0.0,0.0,0.0,,0,0,0.0,0.0,0,0.0,0.0,,True,0,0,0.0,0.0007,0.0367,0.03,0.0011,0.85,0.0582
100000005568407100,peripheral,R0,0.5,0,0.0,нет переводов от 5 000 ₸ внутри банка за июль — вне сети,0,True,False,0.0,0.0,0.0,0.0,0.0,0.0,,0,0,0.0,0.0,0,0.0,0.0,,True,0,0,0.0,0.0007,0.0367,0.03,0.0011,0.85,0.0582
100000005668605100,consolidator,R3,0.413,20,0.5245,получает 94 тыс ₸ от 3 плательщиков; seed: входящие извне выборки не видны — признаки консолидации,0,True,False,3.0,0.0,94500.0,0.0,3.0,0.0,0.0,10,1,63068.237496047885,0.0011405945313050874,0,0.0,0.0008418642511074627,,True,0,1,0.057,0.0844,0.0367,0.255,0.0961,0.85,0.4498
100000005744674100,transit,R5,0.55,20,0.1759,"seed-курьер, транзит: передаёт дальше 50 тыс ₸ 1 получателю; входящие извне выборки не видны",0,True,False,0.0,1.0,0.0,50066.0,0.0,2.0,,0,0,0.0,0.0,0,0.0,0.0002868488506751384,,True,0,0,0.0,0.0652,0.0367,0.12,0.0011,0.85,0.1895
100000006232815100,transit,R5,0.55,30,0.3531,"seed-курьер, транзит: передаёт дальше 296 тыс ₸ 5 получателям; входящие извне выборки не видны",0,True,False,1.0,5.0,160000.0,296500.0,2.0,5.0,1.853125,0,0,54398.64003399915,0.000983804111175638,1,2.821581714215693e-06,0.0005589743134767571,0.0,True,1,1,0.0529,0.1271,0.0776,0.12,0.0011,0.85,0.3219
100000006249740100,transit,R5,0.55,50,0.1972,"seed-курьер, транзит: передаёт дальше 93 тыс ₸ 3 получателям; входящие извне выборки не видны",0,True,False,0.0,3.0,0.0,93007.0,0.0,5.0,,0,0,0.0,0.0,0,0.0,0.0002868488506751384,,True,0,0,0.0,0.0839,0.0367,0.12,0.0011,0.85,0.2054
100000006831291100,transit,R5,0.55,50,0.1253,"seed-курьер, транзит: передаёт дальше 15 тыс ₸ 1 получателю; входящие извне выборки не видны",0,True,False,0.0,1.0,0.0,15000.0,0.0,3.0,,0,0,0.0,0.0,0,0.0,0.0002868488506751384,,True,0,0,0.0,0.0208,0.0367,0.12,0.0011,0.85,0.1518
100000006866783100,coordinator,R1,0.9,1,0.6307,"получает от 13 плательщиков и рассылает 67 получателям (839 тыс ₸ → 3,9 млн ₸); узел-посредник, betweenness в топ-1% — признаки координатора; seed: входящие извне выборки не видны",0,True,False,13.0,67.0,838812.0,3948037.0,31.0,90.0,4.706700667133994,6,0,38421.925245047234,0.0006948638420323691,6,0.006148793520652797,0.0008741047179040808,0.21246305442426197,True,8,5,0.0445,0.149,0.0999,0.3,0.0291,0.85,0.5291
100000007018630100,transit,R5,0.55,64,0.223,"seed-курьер, транзит: передаёт дальше 200 тыс ₸ 1 получателю; входящие извне выборки не видны",0,True,False,0.0,1.0,0.0,200000.0,0.0,5.0,,0,0,0.0,0.0,0,0.0,0.0002868488506751384,,True,0,0,0.0,0.1066,0.0367,0.12,0.0011,0.85,0.2247
100000007747786100,distributor,R2,0.673,9,0.3902,"рассылает 4,2 млн ₸ 31 получателю (35 переводов), плательщиков 0 — признаки веерной раздачи; seed: входящие извне выборки не видны",0,True,False,0.0,31.0,0.0,4238009.4,0.0,35.0,,0,0,0.0,0.0,0,0.0,0.0002868488506751384,,True,0,0,0.0,0.1485,0.0367,0.225,0.0011,0.85,0.3496
100000007982728100,transit,R5,0.55,10,0.2662,"seed-курьер, транзит: передаёт дальше 1,8 млн ₸ 8 получателям; входящие извне выборки не видны",0,True,False,0.0,8.0,0.0,1804384.0,0.0,12.0,,0,0,0.0,0.0,0,0.0,0.0002868488506751384,,True,0,0,0.0,0.1445,0.0367,0.12,0.0011,0.85,0.257
100000008117324100,peripheral,R0,0.5,0,0.0,нет переводов от 5 000 ₸ внутри банка за июль — вне сети,0,True,False,0.0,0.0,0.0,0.0,0.0,0.0,,0,0,0.0,0.0,0,0.0,0.0,,True,0,0,0.0,0.0007,0.0367,0.03,0.0011,0.85,0.0582
100000008205000100,peripheral,R0,0.5,0,0.0,нет переводов от 5 000 ₸ внутри банка за июль — вне сети,0,True,False,0.0,0.0,0.0,0.0,0.0,0.0,,0,0,0.0,0.0,0,0.0,0.0,,True,0,0,0.0,0.0007,0.0367,0.03,0.0011,0.85,0.0582
100000008314203100,transit,R5,0.55,38,0.5168,"seed-курьер, транзит: передаёт дальше 327 тыс ₸ 2 получателям; входящие извне выборки не видны",0,True,False,2.0,2.0,382076.0,327000.0,10.0,13.0,0.8558506684533967,9,2,382076.0,0.006909877514338834,1,0.0,0.0005050728131960835,0.42507645259938837,True,2,1,0.1403,0.1346,0.0367,0.12,0.0909,0.85,0.4441
100000008418835100,transit,R5,0.55,16,0.6514,"seed-курьер, транзит: передаёт дальше 186 тыс ₸ 4 получателям; входящие извне выборки не видны",0,True,False,1.0,4.0,1372000.0,186179.0,67.0,6.0,0.13569897959183674,1,1,1372000.0,0.02481273869511008,1,0.0003220633985226198,0.0005309030338467371,0.8549782735969148,True,0,1,0.2658,0.1433,0.0968,0.12,0.0148,0.85,0.5446
100000008513251100,peripheral,R0,0.5,0,0.0,нет переводов от 5 000 ₸ внутри банка за июль — вне сети,0,True,False,0.0,0.0,0.0,0.0,0.0,0.0,,0,0,0.0,0.0,0,0.0,0.0,,True,0,0,0.0,0.0007,0.0367,0.03,0.0011,0.85,0.0582
100000008516839100,consolidator,R3,0.413,20,0.5588,получает 155 тыс ₸ от 3 плательщиков; seed: входящие извне выборки не видны — признаки консолидации,0,True,False,3.0,0.0,155000.0,0.0,4.0,0.0,0.0,10,1,101500.0,0.0018356362810157969,1,0.0,0.0010741596212647685,,True,0,2,0.0723,0.0993,0.0367,0.255,0.0961,0.85,0.4755
100000008522127100,transit,R5,0.55,65,0.2114,"seed-курьер, транзит: передаёт дальше 145 тыс ₸ 1 получателю; входящие извне выборки не видны",0,True,False,0.0,1.0,0.0,145000.0,0.0,3.0,,0,0,0.0,0.0,0,0.0,0.0002868488506751384,,True,0,0,0.0,0.0964,0.0367,0.12,0.0011,0.85,0.2161
100000008571433100,transit,R5,0.55,51,0.4612,"seed-курьер, транзит: передаёт дальше 1,4 млн ₸ 2 получателям; входящие извне выборки не видны",0,True,False,2.0,2.0,350000.0,1434000.0,2.0,3.0,4.097142857142857,0,0,342027.92064658337,0.0061856045345739935,0,1.0077077550770332e-06,0.0016372326866585755,0.24407252440725244,True,1,1,0.1327,0.1443,0.0755,0.12,0.0011,0.85,0.4026
100000008575624100,transit,R5,0.55,46,0.1953,"seed-курьер, транзит: передаёт дальше 90 тыс ₸ 3 получателям; входящие извне выборки не видны",0,True,False,0.0,3.0,0.0,89500.0,0.0,5.0,,0,0,0.0,0.0,0,0.0,0.0002868488506751384,,True,0,0,0.0,0.0823,0.0367,0.12,0.0011,0.85,0.2041
100000008601794100,transit,R5,0.55,55,0.4876,"seed-курьер, транзит: передаёт дальше 871 тыс ₸ 1 получателю; входящие извне выборки не видны",0,True,False,2.0,1.0,494400.0,871400.0,8.0,13.0,1.7625404530744337,0,0,494400.0,0.008941266771765615,1,4.0308310203081327e-07,0.002387285088965427,0.04957539591462015,True,1,1,0.1596,0.1419,0.0742,0.12,0.0011,0.85,0.4223
100000008637537100,transit,R5,0.55,38,0.6375,"seed-курьер, транзит: передаёт дальше 2,4 млн ₸ 3 получателям; входящие извне выборки не видны",0,True,False,3.0,3.0,619890.0,2351495.0,22.0,30.0,3.793406894771653,9,2,614599.875264889,0.011115091914719344,2,7.886373928483128e-05,0.0008320760827428095,0.23239896321276465,True,2,2,0.1779,0.1475,0.0922,0.12,0.0909,0.85,0.5342
100000008650785100,transit,R5,0.55,4,0.4497,"seed-курьер, транзит: передаёт дальше 120 тыс ₸ 2 получателям; входящие извне выборки не видны",0,True,False,2.0,2.0,92000.0,120120.0,2.0,2.0,1.3056521739130436,8,1,83192.71187057956,0.0015045473913864965,0,2.2807785523243515e-05,0.0006151829911466896,0.47036297036297037,True,0,1,0.0655,0.1079,0.0862,0.12,0.0839,0.85,0.394
100000008654653100,transit,R5,0.55,4,0.1794,"seed-курьер, транзит: передаёт дальше 54 тыс ₸ 1 получателю; входящие извне выборки не видны",0,True,False,0.0,1.0,0.0,54000.0,0.0,1.0,,0,0,0.0,0.0,0,0.0,0.0002868488506751384,,True,0,0,0.0,0.0683,0.0367,0.12,0.0011,0.85,0.1922
100000008659445100,transit,R5,0.55,44,0.3773,"seed-курьер, транзит: передаёт дальше 875 тыс ₸ 4 получателям; входящие извне выборки не видны",0,True,False,3.0,4.0,138490.0,875150.0,7.0,18.0,6.319228825185934,0,0,79623.89985054433,0.0014400051172574133,2,1.0077077550770332e-06,0.0024576486184352342,0.11815117408444267,True,3,2,0.064,0.1393,0.0755,0.12,0.0011,0.85,0.3399
100000008669037100,peripheral,R0,0.5,0,0.0,нет переводов от 5 000 ₸ внутри банка за июль — вне сети,0,True,False,0.0,0.0,0.0,0.0,0.0,0.0,,0,0,0.0,0.0,0,0.0,0.0,,True,0,0,0.0,0.0007,0.0367,0.03,0.0011,0.85,0.0582
100000008673001100,peripheral,R8a,0.5,20,0.1768,"разовый входящий 80 тыс ₸ от 1 плательщика, дальше не отправлял; меньше 100 тыс ₸ — признаков роли нет",0,True,False,1.0,0.0,80000.0,0.0,1.0,0.0,0.0,1,1,80000.0,0.0014468069209976724,0,0.0,0.000471040687031062,,True,0,1,0.0642,0.0781,0.0367,0.03,0.0148,0.85,0.1902
100000008680731100,distributor,R2,0.659,12,0.3836,"рассылает 1,5 млн ₸ 27 получателям (28 переводов), плательщиков 0 — признаки веерной раздачи; seed: входящие извне выборки не видны",0,True,False,0.0,27.0,0.0,1464354.0,0.0,28.0,,0,0,0.0,0.0,0,0.0,0.0002868488506751384,,True,0,0,0.0,0.1427,0.0367,0.225,0.0011,0.85,0.3447
100000008701222100,peripheral,R0,0.5,0,0.0,нет переводов от 5 000 ₸ внутри банка за июль — вне сети,0,True,False,0.0,0.0,0.0,0.0,0.0,0.0,,0,0,0.0,0.0,0,0.0,0.0,,True,0,0,0.0,0.0007,0.0367,0.03,0.0011,0.85,0.0582
100000008738325100,transit,R5,0.55,20,0.3034,"seed-курьер, транзит: передаёт дальше 54 тыс ₸ 1 получателю; входящие извне выборки не видны",0,True,False,1.0,1.0,36550.0,54000.0,1.0,1.0,1.4774281805745555,1,1,36550.0,0.0006610099120308116,0,2.0154155101540663e-07,0.0005309030338467371,0.0,False,0,1,0.0434,0.0832,0.0736,0.12,0.0148,0.85,0.2847
100000003134937100,peripheral,R8a,0.5,4,0.1338,"разовый входящий 10 тыс ₸ от 1 плательщика, дальше не отправлял; меньше 100 тыс ₸ — признаков роли нет",1,False,False,1.0,0.0,10286.0,0.0,1.0,0.0,0.0,7,1,10286.0,0.00018602319986727573,0,0.0,0.0002879597204265753,,True,0,1,0.023,0.0141,0.0367,0.03,0.0543,1.0,0.1581
100000005074393100,peripheral,R8b,0.4,14,0.5445,отдаёт 122% от полученного в выборке (563 тыс ₸ → 686 тыс ₸): входящие извне не видны — признаков роли по данным недостаточно,1,False,False,4.0,6.0,563026.0,685500.0,5.0,10.0,1.2175281425724567,10,1,201070.8017176264,0.0036363828441951566,1,0.00022068799836187026,0.001064513470901251,0.06637490882567469,True,2,1,0.1018,0.1411,0.0958,0.03,0.0961,1.0,0.4648
100000001924185100,terminal,R6,0.536,11,0.4742,"конечный получатель в выборке: получил 151 тыс ₸ от 2 плательщиков, исходящих от 5 000 ₸ в банке не наблюдается",1,False,False,2.0,0.0,151000.0,0.0,2.0,0.0,0.0,11,2,151000.0,0.0027308480633831066,0,0.0,0.0003116111345159545,,True,0,1,0.0882,0.0982,0.0367,0.09,0.0992,1.0,0.4123
100000004070318100,distributor,R2,0.631,1,0.6881,"рассылает 552 тыс ₸ 19 получателям (37 переводов), плательщиков 4 — признаки веерной раздачи",1,False,False,4.0,19.0,207246.55,551860.0,6.0,37.0,2.662818753798314,7,1,65291.96061361062,0.001180810756265991,2,0.002108784807773284,0.00031551856613583904,0.3755418946834342,True,2,2,0.058,0.1355,0.0992,0.225,0.0543,1.0,0.572
100000005807278100,peripheral,R8a,0.5,43,0.07,"разовый входящий 8 тыс ₸ от 1 плательщика, дальше не отправлял; меньше 100 тыс ₸ — признаков роли нет",1,False,False,1.0,0.0,8385.0,0.0,1.0,0.0,0.0,1,1,8385.0,0.00015164345040706855,0,0.0,0.000294266413521592,,True,0,1,0.0208,0.0082,0.0367,0.03,0.0148,1.0,0.1105
100000003377795100,peripheral,R8a,0.5,9,0.0659,"разовый входящий 7 тыс ₸ от 1 плательщика, дальше не отправлял; меньше 100 тыс ₸ — признаков роли нет",1,False,False,1.0,0.0,7000.0,0.0,1.0,0.0,0.0,1,1,7000.0,0.00012659560558729634,0,0.0,0.0002872519595691869,,True,0,1,0.019,0.0069,0.0367,0.03,0.0148,1.0,0.1074
100000004330371100,peripheral,R8c,0.5,4,0.4374,"вход 2 / выход 2, оборот 355 тыс ₸ — признаков роли нет",1,False,False,2.0,2.0,264171.0,90681.0,12.0,6.0,0.3432662934235779,7,1,132683.234050844,0.0023995877665639394,2,0.00034040367966502183,0.0012610864292053746,0.6495296699418842,True,2,2,0.0827,0.1208,0.097,0.03,0.0543,1.0,0.3848
100000008165763100,transit,R4,0.65,3,0.6626,"пропускает дальше 109% полученного (1,2 млн ₸ → 1,3 млн ₸); 50% ушло за ≤2 дн. — признаки транзита",1,False,False,15.0,17.0,1165815.0,1267858.0,26.0,17.0,1.087529324978663,9,1,188882.23484446987,0.0034159515578310842,7,0.00035120969385587,0.0009141720501285515,0.4975872692367757,True,0,4,0.0986,0.1465,0.097,0.12,0.0909,1.0,0.553
100000001684867100,peripheral,R8a,0.5,4,0.201,"разовый входящий 31 тыс ₸ от 1 плательщика, дальше не отправлял; меньше 100 тыс ₸ — признаков роли нет",1,False,False,1.0,0.0,30550.0,0.0,1.0,0.0,0.0,7,1,30550.0,0.0005524993929559861,0,0.0,0.0002901481964758771,,True,0,1,0.0397,0.0476,0.0367,0.03,0.0543,1.0,0.2083
100000003900547100,peripheral,R8a,0.5,4,0.18,"разовый входящий 24 тыс ₸ от 1 плательщика, дальше не отправлял; меньше 100 тыс ₸ — признаков роли нет",1,False,False,1.0,0.0,23700.0,0.0,1.0,0.0,0.0,7,1,23700.0,0.00042861655034556046,0,0.0,0.0002894084086285756,,True,0,1,0.0349,0.0367,0.0367,0.03,0.0543,1.0,0.1926
100000006656003100,transit,R4,0.65,2,0.2544,пропускает дальше 45% полученного (20 тыс ₸ → 9 тыс ₸); 100% ушло за ≤2 дн. — признаки транзита,1,False,False,1.0,1.0,20000.0,9000.0,1.0,1.0,0.45,1,1,20000.0,0.0003617017302494181,0,0.0,0.00029106374333946164,1.0,True,1,1,0.0321,0.0446,0.0367,0.12,0.0148,1.0,0.2482
100000008237827100,peripheral,R8a,0.5,3,0.2759,"разовый входящий 40 тыс ₸ от 1 плательщика, дальше не отправлял; меньше 100 тыс ₸ — признаков роли нет",1,False,False,1.0,0.0,40001.0,0.0,1.0,0.0,0.0,10,1,40001.0,0.0007234215455853486,0,0.0,0.00029489033300801034,,True,0,1,0.0454,0.056,0.0367,0.03,0.0961,1.0,0.2642
100000003014659100,terminal,R6,0.589,11,0.5188,"конечный получатель в выборке: получил 280 тыс ₸ от 1 плательщика, исходящих от 5 000 ₸ в банке не наблюдается",1,False,False,1.0,0.0,280000.0,0.0,1.0,0.0,0.0,8,1,280000.0,0.005063824223491853,0,0.0,0.00032951873404572074,,True,0,1,0.1201,0.1149,0.0367,0.09,0.0839,1.0,0.4456
100000007939160100,consolidator,R3b,0.621,47,0.8365,"сюда дошло 795 тыс ₸ денег курьеров (1% от всех) от 1 плательщика, дальше ушло 2% — признаки консолидации",1,False,False,1.0,2.0,795000.0,14300.0,2.0,2.0,0.017987421383647798,1,1,795000.0,0.01437764377741437,1,4.0308310203081327e-07,0.0006680900198229337,0.0,False,1,1,0.2024,0.1364,0.0742,0.255,0.0148,1.0,0.6828
100000007274584100,peripheral,R8a,0.5,3,0.2717,"разовый входящий 38 тыс ₸ от 1 плательщика, дальше не отправлял; меньше 100 тыс ₸ — признаков роли нет",1,False,False,1.0,0.0,38000.0,0.0,1.0,0.0,0.0,10,1,38000.0,0.0006872332874738944,0,0.0,0.00029448806791093586,,True,0,1,0.0442,0.0541,0.0367,0.03,0.0961,1.0,0.2611
100000001524952100,terminal,R6,0.503,1,0.3809,"конечный получатель в выборке: получил 104 тыс ₸ от 1 плательщика, исходящих от 5 000 ₸ в банке не наблюдается",1,False,False,1.0,0.0,103807.0,0.0,1.0,0.0,0.0,7,1,103807.0,0.0018773585756000672,0,0.0,0.0003064069407623941,,True,0,1,0.0731,0.0885,0.0367,0.09,0.0543,1.0,0.3426
100000003131693100,terminal,R6,0.61,3,0.5627,"конечный получатель в выборке: получил 353 тыс ₸ от 1 плательщика, исходящих от 5 000 ₸ в банке не наблюдается",1,False,False,1.0,0.0,353277.0,0.0,1.0,0.0,0.0,10,1,353277.0,0.006389045107866184,0,0.0,0.0003578688440280549,,True,0,1,0.1349,0.1207,0.0367,0.09,0.0961,1.0,0.4784
100000008383405100,peripheral,R8a,0.5,24,0.1316,"разовый входящий 25 тыс ₸ от 1 плательщика, дальше не отправлял; меньше 100 тыс ₸ — признаков роли нет",1,False,False,1.0,0.0,25000.0,0.0,2.0,0.0,0.0,1,1,25000.0,0.0004521271628117726,1,0.0,0.0003073921320868891,,True,0,1,0.0359,0.0391,0.0367,0.03,0.0148,1.0,0.1565
100000008736173100,peripheral,R8a,0.5,2,0.1492,"разовый входящий 31 тыс ₸ от 1 плательщика, дальше не отправлял; меньше 100 тыс ₸ — признаков роли нет",1,False,False,1.0,0.0,31060.0,0.0,1.0,0.0,0.0,1,1,31060.0,0.0005617227870773463,0,0.0,0.0002933945789828324,,True,0,1,0.04,0.0481,0.0367,0.03,0.0148,1.0,0.1696
100000002861485100,peripheral,R8a,0.5,4,0.1962,"разовый входящий 29 тыс ₸ от 1 плательщика, дальше не отправлял; меньше 100 тыс ₸ — признаков роли нет",1,False,False,1.0,0.0,29323.0,0.0,1.0,0.0,0.0,7,1,29323.0,0.0005303089918051844,0,0.0,0.0002900156826527181,,True,0,1,0.0389,0.0448,0.0367,0.03,0.0543,1.0,0.2047
100000008745474100,peripheral,R8a,0.5,2,0.1679,"разовый входящий 41 тыс ₸ от 1 плательщика, дальше не отправлял; меньше 100 тыс ₸ — признаков роли нет",1,False,False,1.0,0.0,40559.0,0.0,1.0,0.0,0.0,1,1,40559.0,0.0007335130238593074,0,0.0,0.00029539644225375273,,True,0,1,0.0457,0.0564,0.0367,0.03,0.0148,1.0,0.1836
100000008691330100,peripheral,R8a,0.5,2,0.1209,"разовый входящий 21 тыс ₸ от 1 плательщика, дальше не отправлял; меньше 100 тыс ₸ — признаков роли нет",1,False,False,1.0,0.0,21440.0,0.0,1.0,0.0,0.0,1,1,21440.0,0.0003877442548273762,0,0.0,0.00029136721561129293,,True,0,1,0.0332,0.0338,0.0367,0.03,0.0148,1.0,0.1485
100000007639767100,peripheral,R8b,0.4,25,0.3996,отдаёт 904% от полученного в выборке (91 тыс ₸ → 822 тыс ₸): входящие извне не видны — признаков роли по данным недостаточно,1,False,False,4.0,10.0,90913.0,822244.0,4.0,13.0,9.044295095310902,7,1,23508.732142169392,0.0004251574545896389,0,0.0025542440466601903,0.00030278321457567146,0.04868019711910333,True,3,1,0.0348,0.1381,0.0994,0.03,0.0543,1.0,0.3566
100000002921047100,transit,R4,0.65,9,0.6205,пропускает дальше 48% полученного (338 тыс ₸ → 163 тыс ₸); 100% ушло за ≤2 дн. — признаки транзита,1,False,False,2.0,1.0,338000.0,163000.02,2.0,1.0,0.48224857988165676,9,1,175107.96622344223,0.0031668427181737856,0,2.1968029060679322e-05,0.0003184621242533609,0.9999998773006287,True,0,1,0.095,0.1299,0.0857,0.12,0.0909,1.0,0.5215
100000004783447100,peripheral,R8a,0.5,2,0.1362,"разовый входящий 26 тыс ₸ от 1 плательщика, дальше не отправлял; меньше 100 тыс ₸ — признаков роли нет",1,False,False,1.0,0.0,26200.0,0.0,1.0,0.0,0.0,1,1,26200.0,0.0004738292666267377,0,0.0,0.00029237036006540183,,True,0,1,0.0367,0.0417,0.0367,0.03,0.0148,1.0,0.1599
100000008696919100,peripheral,R8a,0.5,2,0.151,"разовый входящий 32 тыс ₸ от 1 плательщика, дальше не отправлял; меньше 100 тыс ₸ — признаков роли нет",1,False,False,1.0,0.0,31945.0,0.0,1.0,0.0,0.0,1,1,31945.0,0.000577728088640883,0,0.0,0.00029358108798322873,,True,0,1,0.0406,0.0489,0.0367,0.03,0.0148,1.0,0.171
100000008736940100,transit,R4,0.65,44,0.5619,пропускает дальше 40% полученного (451 тыс ₸ → 182 тыс ₸); 93% ушло за ≤2 дн. — признаки транзита,1,False,False,3.0,3.0,451090.0,182100.0,13.0,6.0,0.40368884258130305,1,1,349755.63891108887,0.006325360987931577,3,8.061662040616265e-07,0.0024481745423749293,0.9308072487644151,True,3,2,0.1342,0.1336,0.0752,0.12,0.0148,1.0,0.4778
100000005940652100,peripheral,R8a,0.5,38,0.179,"разовый входящий 8 тыс ₸ от 1 плательщика, дальше не отправлял; меньше 100 тыс ₸ — признаков роли нет",1,False,False,1.0,0.0,8395.0,0.0,1.0,0.0,0.0,10,1,8395.0,0.00015182430127219326,0,0.0,0.0002893773976301022,,True,0,1,0.0208,0.0083,0.0367,0.03,0.0961,1.0,0.1919
100000004180097100,peripheral,R8c,0.5,1,0.3905,"вход 3 / выход 3, оборот 153 тыс ₸ — признаков роли нет",1,False,False,3.0,3.0,104854.0,47800.0,5.0,7.0,0.4558719743643542,7,1,95692.60003227562,0.0017306089501869805,1,0.0003190402752573887,0.0008599843237032203,0.5439330543933054,True,2,1,0.0702,0.0986,0.0967,0.03,0.0543,1.0,0.3498
100000005539201100,peripheral,R8c,0.5,4,0.321,"вход 1 / выход 1, оборот 71 тыс ₸ — признаков роли нет",1,False,False,1.0,1.0,45504.0,25000.0,1.0,1.0,0.5494022503516175,7,1,45504.0,0.0008229437766634761,0,4.2693218556763636e-05,0.00029176320194573786,0.0,False,0,1,0.0484,0.0757,0.0895,0.03,0.0543,1.0,0.2979
100000005620225100,terminal,R6,0.5,1,0.3128,"конечный получатель в выборке: получил 50 тыс ₸ от 2 плательщиков, исходящих от 5 000 ₸ в банке не наблюдается",1,False,False,2.0,0.0,49845.66,0.0,2.0,0.0,0.0,7,1,43927.63651260334,0.0007944351066188071,0,0.0,0.00029755896877035047,,True,0,1,0.0476,0.0632,0.0367,0.09,0.0543,1.0,0.2918
100000004388353100,terminal,R6,0.5,11,0.3581,"конечный получатель в выборке: получил 63 тыс ₸ от 2 плательщиков, исходящих от 5 000 ₸ в банке не наблюдается",1,False,False,2.0,0.0,62960.0,0.0,2.0,0.0,0.0,8,1,35299.65171026417,0.0006383972550402189,0,0.0,0.000342271741802324,,True,0,1,0.0426,0.0724,0.0367,0.09,0.0839,1.0,0.3256
100000007442518100,peripheral,R8b,0.4,31,0.3894,"отдаёт 867% от полученного в выборке (510 тыс ₸ → 4,4 млн ₸): входящие извне не видны — признаков роли по данным недостаточно",1,False,False,5.0,9.0,510000.0,4419999.0,8.0,12.0,8.666664705882352,7,1,7293.080515081625,0.00013189599205766706,2,0.00025656239444261263,0.0006515232072674919,0.07579187235110234,True,0,1,0.0194,0.1492,0.0961,0.03,0.0543,1.0,0.349
100000000267734100,peripheral,R8b,0.4,9,0.3758,отдаёт 157% от полученного в выборке (180 тыс ₸ → 282 тыс ₸): входящие извне не видны — признаков роли по данным недостаточно,1,False,False,2.0,7.0,180000.0,282000.0,4.0,8.0,1.5666666666666667,1,1,152432.43243243243,0.0027567537278469162,1,3.6277479182773194e-06,0.0005396268570373788,0.14184397163120568,True,1,1,0.0886,0.1275,0.0779,0.03,0.0148,1.0,0.3388
100000001987030100,peripheral,R8c,0.5,16,0.2677,"вход 2 / выход 1, оборот 50 тыс ₸ — признаков роли нет",1,False,False,2.0,1.0,30864.0,19000.0,2.0,1.0,0.6156039398652151,7,1,7852.084349150292,0.00014200562475760183,0,5.804396669243711e-05,0.0002951862409947939,0.0,True,0,1,0.0201,0.0633,0.0904,0.03,0.0543,1.0,0.2581
100000002603478100,peripheral,R8a,0.5,12,0.1259,"разовый входящий 24 тыс ₸ от 1 плательщика, дальше не отправлял; меньше 100 тыс ₸ — признаков роли нет",1,False,False,1.0,0.0,23500.0,0.0,1.0,0.0,0.0,1,1,23500.0,0.00042499953304306624,0,0.0,0.00029076544004118823,,True,0,1,0.0348,0.0359,0.0367,0.03,0.0148,1.0,0.1522
100000001380054100,peripheral,R8b,0.4,30,0.3645,отдаёт 283% от полученного в выборке (127 тыс ₸ → 360 тыс ₸): входящие извне не видны — признаков роли по данным недостаточно,1,False,False,2.0,3.0,127050.0,360000.0,2.0,4.0,2.833530106257379,1,1,122396.94007649808,0.002213559250145185,0,2.821581714215693e-06,0.0007193751577744339,0.019583333333333335,True,2,1,0.0794,0.1286,0.0776,0.03,0.0148,1.0,0.3304
100000002992171100,peripheral,R8a,0.5,2,0.0941,"разовый входящий 15 тыс ₸ от 1 плательщика, дальше не отправлял; меньше 100 тыс ₸ — признаков роли нет",1,False,False,1.0,0.0,14627.0,0.0,1.0,0.0,0.0,1,1,14627.0,0.0002645305604179119,0,0.0,0.0002899314124251912,,True,0,1,0.0274,0.0196,0.0367,0.03,0.0148,1.0,0.1285
100000002781227100,transit,R4,0.65,65,0.5258,пропускает дальше 111% полученного (191 тыс ₸ → 212 тыс ₸); 20% ушло за ≤2 дн. — признаки транзита,1,False,False,2.0,3.0,191167.62,212420.0,8.0,10.0,1.1111714421092862,1,1,185265.9192006755,0.003350550176556661,2,0.00013523438073133784,0.0023373647787345683,0.1985105922229545,True,1,1,0.0977,0.124,0.0943,0.12,0.0148,1.0,0.4508
100000008745643100,peripheral,R8a,0.5,2,0.1181,"разовый входящий 20 тыс ₸ от 1 плательщика, дальше не отправлял; меньше 100 тыс ₸ — признаков роли нет",1,False,False,1.0,0.0,20313.0,0.0,1.0,0.0,0.0,1,1,20313.0,0.0003673623623278215,0,0.0,0.0002911297064096583,,True,0,1,0.0323,0.0326,0.0367,0.03,0.0148,1.0,0.1464
100000002836736100,terminal,R6,0.641,10,0.478,"конечный получатель в выборке: получил 509 тыс ₸ от 2 плательщиков, исходящих от 5 000 ₸ в банке не наблюдается",1,False,False,2.0,0.0,509000.0,0.0,2.0,0.0,0.0,3,1,325017.77777777775,0.005877974629202154,0,0.0,0.00045376548996403247,,True,0,2,0.1294,0.13,0.0367,0.09,0.029,1.0,0.4151
100000004188160100,peripheral,R8b,0.4,4,0.3997,отдаёт 152% от полученного в выборке (88 тыс ₸ → 134 тыс ₸): входящие извне не видны — признаков роли по данным недостаточно,1,False,False,2.0,5.0,87862.0,133846.0,5.0,6.0,1.5233661878855478,7,1,79500.39468492025,0.0014377715156523648,1,0.00250225193563317,0.0002981560916449918,0.3075624224855431,True,1,1,0.064,0.1091,0.0993,0.03,0.0543,1.0,0.3567
100000004841728100,peripheral,R8a,0.5,2,0.19,"разовый входящий 52 тыс ₸ от 1 плательщика, дальше не отправлял; меньше 100 тыс ₸ — признаков роли нет",1,False,False,1.0,0.0,52208.0,0.0,1.0,0.0,0.0,1,1,52208.0,0.000944186196643081,0,0.0,0.00029785140648608786,,True,0,1,0.0519,0.0667,0.0367,0.03,0.0148,1.0,0.2001
100000001554432100,peripheral,R8a,0.5,3,0.3018,"разовый входящий 54 тыс ₸ от 1 плательщика, дальше не отправлял; меньше 100 тыс ₸ — признаков роли нет",1,False,False,1.0,0.0,53920.0,0.0,1.0,0.0,0.0,10,1,53920.0,0.0009751478647524312,0,0.0,0.00029768849786866996,,True,0,1,0.0527,0.0681,0.0367,0.03,0.0961,1.0,0.2836
100000008768896100,peripheral,R8a,0.5,2,0.1793,"разовый входящий 47 тыс ₸ от 1 плательщика, дальше не отправлял; меньше 100 тыс ₸ — признаков роли нет",1,False,False,1.0,0.0,47060.0,0.0,1.0,0.0,0.0,1,1,47060.0,0.0008510841712768808,0,0.0,0.00029676649311429106,,True,0,1,0.0492,0.0614,0.0367,0.03,0.0148,1.0,0.1921
100000008232832100,peripheral,R8c,0.5,38,0.488,"вход 1 / выход 1, оборот 475 тыс ₸ — признаков роли нет",1,False,False,1.0,1.0,337000.0,138000.0,2.0,1.0,0.4094955489614243,10,1,337000.0,0.006094674154702695,1,0.0,0.0004962754348031017,0.0,False,0,1,0.1318,0.128,0.0367,0.03,0.0961,1.0,0.4226
100000002864256100,terminal,R6,0.527,3,0.4591,"конечный получатель в выборке: получил 136 тыс ₸ от 1 плательщика, исходящих от 5 000 ₸ в банке не наблюдается",1,False,False,1.0,0.0,135780.0,0.0,1.0,0.0,0.0,10,1,135780.0,0.0024555930466632994,0,0.0,0.00031414498005083794,,True,0,1,0.0836,0.0946,0.0367,0.09,0.0961,1.0,0.401
100000001929088100,terminal,R6,0.62,9,0.4857,"конечный получатель в выборке: получил 396 тыс ₸ от 2 плательщиков, исходящих от 5 000 ₸ в банке не наблюдается",1,False,False,2.0,0.0,396010.0,0.0,2.0,0.0,0.0,2,2,396010.0,0.007161875109803603,0,0.0,0.00031900361406278716,,True,0,1,0.1428,0.1233,0.0367,0.09,0.0281,1.0,0.4209
100000002794197100,peripheral,R8a,0.5,9,0.1473,"разовый входящий 30 тыс ₸ от 1 плательщика, дальше не отправлял; меньше 100 тыс ₸ — признаков роли нет",1,False,False,1.0,0.0,30100.0,0.0,1.0,0.0,0.0,1,1,30100.0,0.0005443611040253742,0,0.0,0.00028858221891954694,,True,0,1,0.0394,0.0473,0.0367,0.03,0.0148,1.0,0.1682
100000005669845100,peripheral,R8a,0.5,30,0.1153,"разовый входящий 20 тыс ₸ от 1 плательщика, дальше не отправлял; меньше 100 тыс ₸ — признаков роли нет",1,False,False,1.0,0.0,20000.0,0.0,1.0,0.0,0.0,1,1,20000.0,0.0003617017302494181,0,0.0,0.0003189386946552999,,True,0,1,0.0321,0.0307,0.0367,0.03,0.0148,1.0,0.1443
100000002211413100,peripheral,R8a,0.5,2,0.1608,"разовый входящий 37 тыс ₸ от 1 плательщика, дальше не отправлял; меньше 100 тыс ₸ — признаков роли нет",1,False,False,1.0,0.0,37000.0,0.0,1.0,0.0,0.0,1,1,37000.0,0.0006691482009614234,0,0.0,0.00029464640210413647,,True,0,1,0.0437,0.0531,0.0367,0.03,0.0148,1.0,0.1783
100000002784085100,terminal,R6,0.56,9,0.3902,"конечный получатель в выборке: получил 200 тыс ₸ от 1 плательщика, исходящих от 5 000 ₸ в банке не наблюдается",1,False,False,1.0,0.0,200000.0,0.0,1.0,0.0,0.0,1,1,200000.0,0.003617017302494181,0,0.0,0.0003084191926634115,,True,0,1,0.1015,0.1066,0.0367,0.09,0.0148,1.0,0.3496
100000008782421100,peripheral,R8a,0.5,2,0.1833,"разовый входящий 50 тыс ₸ от 1 плательщика, дальше не отправлял; меньше 100 тыс ₸ — признаков роли нет",1,False,False,1.0,0.0,49680.0,0.0,1.0,0.0,0.0,1,1,49680.0,0.0008984670979395546,0,0.0,0.0002973186440533174,,True,0,1,0.0506,0.063,0.0367,0.03,0.0148,1.0,0.1951
100000003739818100,peripheral,R8a,0.5,3,0.3064,"разовый входящий 57 тыс ₸ от 1 плательщика, дальше не отправлял; меньше 100 тыс ₸ — признаков роли нет",1,False,False,1.0,0.0,57293.0,0.0,1.0,0.0,0.0,10,1,57293.0,0.0010361488615589956,0,0.0,0.0002983665789143632,,True,0,1,0.0543,0.0699,0.0367,0.03,0.0961,1.0,0.287
100000002214570100,peripheral,R8a,0.5,2,0.1371,"разовый входящий 26 тыс ₸ от 1 плательщика, дальше не отправлял; меньше 100 тыс ₸ — признаков роли нет",1,False,False,1.0,0.0,26471.0,0.0,1.0,0.0,0.0,1,1,26471.0,0.0004787303250716173,0,0.0,0.00029242747186100345,,True,0,1,0.0369,0.0422,0.0367,0.03,0.0148,1.0,0.1606
100000006443391100,peripheral,R8c,0.5,9,0.2804,"вход 3 / выход 2, оборот 147 тыс ₸ — признаков роли нет",1,False,False,3.0,2.0,86775.93,60041.71000000001,7.0,6.0,0.6919166409394865,1,1,48657.331581950006,0.0008799720511255486,1,1.2092493060924398e-06,0.0024348970700620114,0.1849202829166591,True,2,1,0.0501,0.0967,0.076,0.03,0.0148,1.0,0.2676
100000005473151100,transit,R4,0.65,8,0.599,"пропускает дальше 18% полученного (1,2 млн ₸ → 225 тыс ₸); 91% ушло за ≤2 дн. — признаки транзита",1,False,False,3.0,4.0,1220000.0,225000.0,4.0,6.0,0.18442622950819673,9,1,61167.893165352994,0.0011062266396809867,1,0.00024573673398807077,0.0004703173260136694,0.9111111111111111,True,1,2,0.0561,0.1425,0.096,0.12,0.0909,1.0,0.5055
100000005124479100,peripheral,R8c,0.5,1,0.4125,"вход 2 / выход 2, оборот 160 тыс ₸ — признаков роли нет",1,False,False,2.0,2.0,137753.0,22000.0,2.0,2.0,0.15970614070110994,10,1,49237.38944551128,0.0008904624477702934,0,4.836997224369759e-05,0.00030458050269059774,0.0,True,0,1,0.0504,0.0998,0.0899,0.03,0.0961,1.0,0.3662
100000005527892100,peripheral,R8b,0.4,18,0.4674,отдаёт 251% от полученного в выборке (220 тыс ₸ → 552 тыс ₸): входящие извне не видны — признаков роли по данным недостаточно,1,False,False,3.0,8.0,220001.0,552419.0,3.0,8.0,2.510984040981632,8,1,70294.666907863,0.0012712851323940279,0,0.000504061585139276,0.0003138247999831619,0.18102201408713314,True,0,1,0.0602,0.1357,0.0974,0.03,0.0839,1.0,0.4072
100000008028628100,peripheral,R8a,0.5,2,0.1972,"разовый входящий 57 тыс ₸ от 1 плательщика, дальше не отправлял; меньше 100 тыс ₸ — признаков роли нет",1,False,False,1.0,0.0,57224.0,0.0,1.0,0.0,0.0,1,1,57224.0,0.0010349009905896351,0,0.0,0.0002989085015663001,,True,0,1,0.0543,0.0697,0.0367,0.03,0.0148,1.0,0.2055
100000001953577100,peripheral,R8a,0.5,2,0.0995,"разовый входящий 16 тыс ₸ от 1 плательщика, дальше не отправлял; меньше 100 тыс ₸ — признаков роли нет",1,False,False,1.0,0.0,15600.0,0.0,1.0,0.0,0.0,1,1,15600.0,0.0002821273495945461,0,0.0,0.0002901364669533105,,True,0,1,0.0283,0.0227,0.0367,0.03,0.0148,1.0,0.1325
100000008193577100,peripheral,R8b,0.4,44,0.3756,отдаёт 311% от полученного в выборке (154 тыс ₸ → 480 тыс ₸): входящие извне не видны — признаков роли по данным недостаточно,1,False,False,2.0,5.0,154300.0,480180.0,6.0,16.0,3.1119896305897603,1,1,139181.50368821362,0.0025171095351371317,2,1.0077077550770332e-06,0.0012553919287856344,0.10410679328585114,True,2,1,0.0847,0.1337,0.0755,0.03,0.0148,1.0,0.3387
100000008753193100,peripheral,R8a,0.5,2,0.158,"разовый входящий 35 тыс ₸ от 1 плательщика, дальше не отправлял; меньше 100 тыс ₸ — признаков роли нет",1,False,False,1.0,0.0,35225.0,0.0,1.0,0.0,0.0,1,1,35225.0,0.0006370471724017876,0,0.0,0.00029427233038017774,,True,0,1,0.0426,0.0521,0.0367,0.03,0.0148,1.0,0.1762
100000008746025100,peripheral,R8a,0.5,2,0.1222,"разовый входящий 22 тыс ₸ от 1 плательщика, дальше не отправлял; меньше 100 тыс ₸ — признаков роли нет",1,False,False,1.0,0.0,22000.0,0.0,1.0,0.0,0.0,1,1,22000.0,0.0003978719032743599,0,0.0,0.000291485232605894,,True,0,1,0.0337,0.0343,0.0367,0.03,0.0148,1.0,0.1495
100000002934441100,terminal,R6,0.5,1,0.3184,"конечный получатель в выборке: получил 61 тыс ₸ от 2 плательщиков, исходящих от 5 000 ₸ в банке не наблюдается",1,False,False,2.0,0.0,60845.6,0.0,2.0,0.0,0.0,7,1,36087.396969382076,0.0006526436962011552,0,0.0,0.0003038298398555054,,True,0,2,0.0431,0.0719,0.0367,0.09,0.0543,1.0,0.296
100000003701161100,transit,R4,0.65,22,0.6359,"пропускает дальше 23% полученного (1,5 млн ₸ → 349 тыс ₸); 77% ушло за ≤2 дн. — признаки транзита",1,False,False,4.0,3.0,1527103.0,349000.0,13.0,7.0,0.22853730232996727,7,1,269263.33831426076,0.0048696507680501275,2,0.00021665716734156214,0.001660640474476564,0.7736389684813754,True,2,2,0.1178,0.1451,0.0958,0.12,0.0543,1.0,0.533
100000006707582100,distributor,R2,0.614,8,0.6053,"рассылает 961 тыс ₸ 14 получателям (15 переводов), плательщиков 2 — признаки веерной раздачи",1,False,False,2.0,14.0,39520.0,961138.0,2.0,15.0,24.320293522267207,1,1,22408.470376783825,0.00040525912537627695,0,0.0003696943850792609,0.0005404098122016996,0.018228391760600454,True,1,1,0.034,0.1392,0.0972,0.225,0.0148,1.0,0.5102
100000003239379100,peripheral,R8a,0.5,12,0.2357,"разовый входящий 92 тыс ₸ от 1 плательщика, дальше не отправлял; меньше 100 тыс ₸ — признаков роли нет",1,False,False,1.0,0.0,92500.0,0.0,1.0,0.0,0.0,1,1,92500.0,0.0016728705024035588,0,0.0,0.0003022652130734197,,True,0,1,0.069,0.0837,0.0367,0.03,0.0148,1.0,0.2342
100000000979923100,peripheral,R8a,0.5,11,0.3338,"разовый входящий 98 тыс ₸ от 1 плательщика, дальше не отправлял; меньше 100 тыс ₸ — признаков роли нет",1,False,False,1.0,0.0,97900.0,0.0,1.0,0.0,0.0,8,1,97900.0,0.0017705299695709015,0,0.0,0.0003017680706107813,,True,0,1,0.071,0.0859,0.0367,0.03,0.0839,1.0,0.3075
100000001111763100,peripheral,R8a,0.5,2,0.1048,"разовый входящий 17 тыс ₸ от 1 плательщика, дальше не отправлял; меньше 100 тыс ₸ — признаков роли нет",1,False,False,1.0,0.0,17144.0,0.0,1.0,0.0,0.0,1,1,17144.0,0.0003100507231698012,0,0.0,0.00029046185666699623,,True,0,1,0.0297,0.0253,0.0367,0.03,0.0148,1.0,0.1365
100000003865939100,peripheral,R8a,0.5,68,0.2235,"разовый входящий 81 тыс ₸ от 1 плательщика, дальше не отправлял; меньше 100 тыс ₸ — признаков роли нет",1,False,False,1.0,0.0,81465.0,0.0,1.0,0.0,0.0,1,1,81465.0,0.0014733015727384422,0,0.0,0.0005309030338467371,,True,0,1,0.0648,0.0788,0.0367,0.03,0.0148,1.0,0.2251
100000002858835100,peripheral,R8a,0.5,2,0.1295,"разовый входящий 24 тыс ₸ от 1 плательщика, дальше не отправлял; меньше 100 тыс ₸ — признаков роли нет",1,False,False,1.0,0.0,24400.0,0.0,1.0,0.0,0.0,1,1,24400.0,0.0004412761109042901,0,0.0,0.00029199101972561276,,True,0,1,0.0355,0.0379,0.0367,0.03,0.0148,1.0,0.1549
100000003404627100,consolidator,R3,0.577,38,0.8677,"получает 878 тыс ₸ от 4 плательщиков, отдаёт дальше 0% полученного — признаки консолидации",1,False,False,4.0,0.0,877700.0,0.0,5.0,0.0,0.0,11,1,614284.2134622427,0.011109383143709805,1,0.0,0.001384218616675345,,True,0,3,0.1779,0.1373,0.0367,0.255,0.0992,1.0,0.7061
100000008691027100,peripheral,R8a,0.5,2,0.1068,"разовый входящий 18 тыс ₸ от 1 плательщика, дальше не отправлял; меньше 100 тыс ₸ — признаков роли нет",1,False,False,1.0,0.0,17534.0,0.0,1.0,0.0,0.0,1,1,17534.0,0.00031710390690966483,0,0.0,0.0002905440470739506,,True,0,1,0.0301,0.0264,0.0367,0.03,0.0148,1.0,0.138
100000004071080100,consolidator,R3,0.71,1,0.6885,"получает 239 тыс ₸ от 9 плательщиков, отдаёт дальше 19% полученного — признаки консолидации",1,False,False,9.0,2.0,238600.0,46500.0,16.0,5.0,0.19488683989941324,7,1,71355.08701830088,0.001290462921830861,5,2.861890024418774e-05,0.0013756642514148798,0.8709677419354839,True,1,2,0.0606,0.1154,0.087,0.255,0.0543,1.0,0.5723
100000002864680100,peripheral,R8a,0.5,12,0.1962,"разовый входящий 56 тыс ₸ от 1 плательщика, дальше не отправлял; меньше 100 тыс ₸ — признаков роли нет",1,False,False,1.0,0.0,55932.0,0.0,1.0,0.0,0.0,1,1,55932.0,0.0010115350588155226,0,0.0,0.0002961706666930916,,True,0,1,0.0537,0.0695,0.0367,0.03,0.0148,1.0,0.2047
100000001330685100,consolidator,R3,0.55,5,0.7533,"получает 2,4 млн ₸ от 3 плательщиков, отдаёт дальше 4% полученного — признаки консолидации",1,False,False,3.0,1.0,2435923.0,100500.0,7.0,1.0,0.04125746175063826,7,1,135739.3580207966,0.0024548580329533678,1,1.9549530448494444e-05,0.00044009946636472093,0.0,False,0,2,0.0836,0.1468,0.081,0.255,0.0543,1.0,0.6207
100000008745725100,peripheral,R8a,0.5,2,0.1793,"разовый входящий 47 тыс ₸ от 1 плательщика, дальше не отправлял; меньше 100 тыс ₸ — признаков роли нет",1,False,False,1.0,0.0,47060.0,0.0,1.0,0.0,0.0,1,1,47060.0,0.0008510841712768808,0,0.0,0.00029676649311429106,,True,0,1,0.0492,0.0614,0.0367,0.03,0.0148,1.0,0.1921
100000002621949100,terminal,R6,0.543,3,0.4788,"конечный получатель в выборке: получил 165 тыс ₸ от 1 плательщика, исходящих от 5 000 ₸ в банке не наблюдается",1,False,False,1.0,0.0,164612.0,0.0,1.0,0.0,0.0,10,1,164612.0,0.0029770222609908606,0,0.0,0.00031994113561248296,,True,0,1,0.0921,0.1008,0.0367,0.09,0.0961,1.0,0.4157
100000007908818100,peripheral,R8c,0.5,3,0.6065,"вход 4 / выход 6, оборот 1,0 млн ₸ — признаков роли нет",1,False,False,4.0,6.0,727475.0,302000.0,4.0,13.0,0.4151345407058662,11,2,418681.82898278814,0.007571897098353272,0,0.00018058122970980434,0.0004774440730320631,0.04966887417218543,True,0,2,0.1469,0.1397,0.0953,0.03,0.0992,1.0,0.5111
100000008691495100,peripheral,R8a,0.5,2,0.1384,"разовый входящий 27 тыс ₸ от 1 плательщика, дальше не отправлял; меньше 100 тыс ₸ — признаков роли нет",1,False,False,1.0,0.0,27000.0,0.0,1.0,0.0,0.0,1,1,27000.0,0.0004882973358367144,0,0.0,0.00029253895577197476,,True,0,1,0.0373,0.0428,0.0367,0.03,0.0148,1.0,0.1616
100000003832231100,peripheral,R8a,0.5,3,0.2659,"разовый входящий 35 тыс ₸ от 1 плательщика, дальше не отправлял; меньше 100 тыс ₸ — признаков роли нет",1,False,False,1.0,0.0,35000.0,0.0,1.0,0.0,0.0,10,1,35000.0,0.0006329780279364817,0,0.0,0.0002938849718133729,,True,0,1,0.0425,0.0515,0.0367,0.03,0.0961,1.0,0.2568
100000002371751100,peripheral,R8b,0.4,64,0.3861,отдаёт 125% от полученного в выборке (200 тыс ₸ → 250 тыс ₸): входящие извне не видны — признаков роли по данным недостаточно,1,False,False,1.0,1.0,200000.0,250000.0,5.0,1.0,1.25,1,1,200000.0,0.003617017302494181,1,2.0154155101540663e-07,0.0005309030338467371,0.68,True,0,1,0.1015,0.1266,0.0736,0.03,0.0148,1.0,0.3465
100000002894076100,consolidator,R3,0.577,9,0.9049,"получает 1,1 млн ₸ от 4 плательщиков, отдаёт дальше 0% полученного — признаки консолидации",1,False,False,4.0,0.0,1122782.0,0.0,6.0,0.0,0.0,10,2,822302.2008379006,0.014871406441548657,1,0.0,0.00038438193192336144,,True,0,3,0.2058,0.1403,0.0367,0.255,0.0961,1.0,0.7339
100000001362940100,peripheral,R8a,0.5,3,0.3316,"разовый входящий 81 тыс ₸ от 1 плательщика, дальше не отправлял; меньше 100 тыс ₸ — признаков роли нет",1,False,False,1.0,0.0,81000.0,0.0,1.0,0.0,0.0,10,1,81000.0,0.0014648920075101433,0,0.0,0.0003031324453093383,,True,0,1,0.0646,0.0784,0.0367,0.03,0.0961,1.0,0.3058
100000008741372100,peripheral,R8a,0.5,2,0.1589,"разовый входящий 36 тыс ₸ от 1 плательщика, дальше не отправлял; меньше 100 тыс ₸ — признаков роли нет",1,False,False,1.0,0.0,35975.0,0.0,1.0,0.0,0.0,1,1,35975.0,0.0006506109872861408,0,0.0,0.0002944303888550899,,True,0,1,0.043,0.0524,0.0367,0.03,0.0148,1.0,0.1769
100000002618492100,terminal,R6,0.594,11,0.4889,"конечный получатель в выборке: получил 296 тыс ₸ от 2 плательщиков, исходящих от 5 000 ₸ в банке не наблюдается",1,False,False,2.0,0.0,296500.0,0.0,2.0,0.0,0.0,8,1,180762.7705279043,0.003269110343231075,0,0.0,0.00037066846997843073,,True,0,1,0.0965,0.1162,0.0367,0.09,0.0839,1.0,0.4233
100000002750332100,peripheral,R8a,0.5,9,0.0838,"разовый входящий 11 тыс ₸ от 1 плательщика, дальше не отправлял; меньше 100 тыс ₸ — признаков роли нет",1,False,False,1.0,0.0,11360.0,0.0,1.0,0.0,0.0,1,1,11360.0,0.00020544658278166946,0,0.0,0.00028807404610007225,,True,0,1,0.0242,0.0151,0.0367,0.03,0.0148,1.0,0.1208
100000004948177100,consolidator,R3,0.55,4,0.7316,"получает 437 тыс ₸ от 3 плательщиков, отдаёт дальше 0% полученного — признаки консолидации",1,False,False,3.0,0.0,437163.0,0.0,8.0,0.0,0.0,7,1,343503.49224487675,0.006212290374584474,1,0.0,0.00042401244562977747,,True,0,1,0.133,0.1255,0.0367,0.255,0.0543,1.0,0.6045
100000002511825100,peripheral,R8a,0.5,1,0.2595,"разовый входящий 65 тыс ₸ от 1 плательщика, дальше не отправлял; меньше 100 тыс ₸ — признаков роли нет",1,False,False,1.0,0.0,65000.0,0.0,1.0,0.0,0.0,7,1,65000.0,0.0011755306233106088,0,0.0,0.0002990953837188794,,True,0,1,0.0579,0.0731,0.0367,0.03,0.0543,1.0,0.252
100000008566737100,terminal,R6,0.572,1,0.4663,"конечный получатель в выборке: получил 230 тыс ₸ от 2 плательщиков, исходящих от 5 000 ₸ в банке не наблюдается",1,False,False,2.0,0.0,230000.0,0.0,2.0,0.0,0.0,10,1,105852.5821946994,0.001914353106559576,0,0.0,0.00035100729487815376,,True,0,2,0.0738,0.1098,0.0367,0.09,0.0961,1.0,0.4064
100000008661585100,peripheral,R8a,0.5,2,0.1715,"разовый входящий 43 тыс ₸ от 1 плательщика, дальше не отправлял; меньше 100 тыс ₸ — признаков роли нет",1,False,False,1.0,0.0,43141.0,0.0,1.0,0.0,0.0,1,1,43141.0,0.0007802087172345073,0,0.0,0.0002959405848967169,,True,0,1,0.0471,0.0577,0.0367,0.03,0.0148,1.0,0.1863
100000004759121100,consolidator,R3,0.63,1,0.7261,"получает 710 тыс ₸ от 6 плательщиков, отдаёт дальше 44% полученного — признаки консолидации",1,False,False,6.0,2.0,710000.0,312000.0,10.0,6.0,0.4394366197183099,7,1,68622.40680448596,0.0012410421637531006,2,7.839966334499319e-05,0.0014251342380562678,0.33653846153846156,True,1,1,0.0595,0.1395,0.0921,0.255,0.0543,1.0,0.6004
100000004360785100,peripheral,R8a,0.5,4,0.2909,"разовый входящий 95 тыс ₸ от 1 плательщика, дальше не отправлял; меньше 100 тыс ₸ — признаков роли нет",1,False,False,1.0,0.0,94705.0,0.0,1.0,0.0,0.0,7,1,94705.0,0.0017127481181635571,0,0.0,0.0002970768226574284,,True,0,1,0.0698,0.0846,0.0367,0.03,0.0543,1.0,0.2754
100000005092518100,peripheral,R8a,0.5,2,0.1352,"разовый входящий 26 тыс ₸ от 1 плательщика, дальше не отправлял; меньше 100 тыс ₸ — признаков роли нет",1,False,False,1.0,0.0,26144.0,0.0,1.0,0.0,0.0,1,1,26144.0,0.00047281650178203935,0,0.0,0.00029235855836594175,,True,0,1,0.0367,0.041,0.0367,0.03,0.0148,1.0,0.1592
100000008737958100,terminal,R6,0.5,2,0.2563,"конечный получатель в выборке: получил 53 тыс ₸ от 2 плательщиков, исходящих от 5 000 ₸ в банке не наблюдается",1,False,False,2.0,0.0,53373.0,0.0,2.0,0.0,0.0,1,1,31751.070228000866,0.0005742208519369349,0,0.0,0.0003009630124549007,,True,0,1,0.0404,0.0677,0.0367,0.09,0.0148,1.0,0.2496
100000003044518100,peripheral,R8a,0.5,9,0.1556,"разовый входящий 34 тыс ₸ от 1 плательщика, дальше не отправлял; меньше 100 тыс ₸ — признаков роли нет",1,False,False,1.0,0.0,34423.0,0.0,1.0,0.0,0.0,1,1,34423.0,0.000622542933018786,0,0.0,0.00028883116745511436,,True,0,1,0.0421,0.0508,0.0367,0.03,0.0148,1.0,0.1744
100000004159526100,peripheral,R8c,0.5,15,0.4596,"вход 4 / выход 4, оборот 343 тыс ₸ — признаков роли нет",1,False,False,4.0,4.0,275037.0,68000.0,4.0,6.0,0.24723946232688693,8,1,108289.23969110235,0.001958420268183284,0,9.956152620161088e-05,0.0008567019383121547,0.4411764705882353,True,1,2,0.0747,0.1196,0.0932,0.03,0.0839,1.0,0.4014
100000007544358100,transit,R4,0.65,4,0.6136,пропускает дальше 109% полученного (322 тыс ₸ → 350 тыс ₸); 6% ушло за ≤2 дн. — признаки транзита,1,False,False,2.0,1.0,322500.0,350000.0,2.0,3.0,1.0852713178294573,7,1,300361.6173558082,0.0054320658349054736,0,1.9952613550525257e-05,0.000342089268648019,0.06428571428571428,True,0,1,0.1244,0.1341,0.0836,0.12,0.0543,1.0,0.5164
100000005901606100,peripheral,R8a,0.5,2,0.1585,"разовый входящий 36 тыс ₸ от 1 плательщика, дальше не отправлял; меньше 100 тыс ₸ — признаков роли нет",1,False,False,1.0,0.0,35660.0,0.0,1.0,0.0,0.0,1,1,35660.0,0.0006449141850347125,0,0.0,0.00029436400429562676,,True,0,1,0.0429,0.0522,0.0367,0.03,0.0148,1.0,0.1766
100000006658598100,peripheral,R8a,0.5,4,0.1249,"разовый входящий 9 тыс ₸ от 1 плательщика, дальше не отправлял; меньше 100 тыс ₸ — признаков роли нет",1,False,False,1.0,0.0,9000.0,0.0,1.0,0.0,0.0,7,1,9000.0,0.00016276577861223815,0,0.0,0.0002878208347080892,,True,0,1,0.0215,0.009,0.0367,0.03,0.0543,1.0,0.1515
100000002793851100,peripheral,R8a,0.5,4,0.136,"разовый входящий 11 тыс ₸ от 1 плательщика, дальше не отправлял; меньше 100 тыс ₸ — признаков роли нет",1,False,False,1.0,0.0,11052.0,0.0,1.0,0.0,0.0,7,1,11052.0,0.00019987637613582844,0,0.0,0.00028804244706760203,,True,0,1,0.0239,0.0149,0.0367,0.03,0.0543,1.0,0.1598
100000005612411100,peripheral,R8b,0.4,3,0.4601,отдаёт 439% от полученного в выборке (116 тыс ₸ → 507 тыс ₸): входящие извне не видны — признаков роли по данным недостаточно,1,False,False,3.0,8.0,115500.0,506997.0,4.0,8.0,4.389584415584416,8,1,68843.64628476033,0.0012450432988938367,1,0.0001580085759960788,0.0003286627982415827,0.22781199888756737,True,0,2,0.0596,0.1333,0.095,0.03,0.0839,1.0,0.4018
100000007511163100,peripheral,R8b,0.4,4,0.3296,отдаёт 129% от полученного в выборке (64 тыс ₸ → 82 тыс ₸): входящие извне не видны — признаков роли по данным недостаточно,1,False,False,2.0,3.0,63666.0,82052.0,2.0,3.0,1.2887883642760658,7,1,16267.730258440373,0.0002942033090854348,0,0.00013879494813261005,0.0003410988058420594,0.5971822746550968,True,1,1,0.0289,0.0966,0.0945,0.03,0.0543,1.0,0.3043
100000002648315100,peripheral,R8c,0.5,9,0.336,"вход 1 / выход 2, оборот 208 тыс ₸ — признаков роли нет",1,False,False,1.0,2.0,132000.0,76000.0,1.0,3.0,0.5757575757575758,1,1,132000.0,0.0023872314196461595,0,4.0308310203081327e-07,0.000294450332677196,0.0,True,0,1,0.0825,0.1076,0.0742,0.03,0.0148,1.0,0.3091
100000004739664100,peripheral,R4x,0.4,2,0.1636,"вход 12 тыс ₸ → выход 10 тыс ₸, но все исходящие раньше первого входящего — временная последовательность не подтверждает транзит наблюдаемых поступлений",1,False,False,1.0,1.0,12000.0,10000.0,1.0,1.0,0.8333333333333334,1,1,12000.0,0.00021702103814965086,0,1.4107908571078464e-06,0.0002893777862737323,0.0,False,0,1,0.0249,0.0343,0.0764,0.03,0.0148,1.0,0.1804
100000003713616100,peripheral,R8a,0.5,4,0.1534,"разовый входящий 16 тыс ₸ от 1 плательщика, дальше не отправлял; меньше 100 тыс ₸ — признаков роли нет",1,False,False,1.0,0.0,15893.0,0.0,1.0,0.0,0.0,7,1,15893.0,0.00028742627994270007,0,0.0,0.00028856526647910366,,True,0,1,0.0286,0.0232,0.0367,0.03,0.0543,1.0,0.1728
100000003476560100,peripheral,R8a,0.5,3,0.2942,"разовый входящий 50 тыс ₸ от 1 плательщика, дальше не отправлял; меньше 100 тыс ₸ — признаков роли нет",1,False,False,1.0,0.0,50000.0,0.0,1.0,0.0,0.0,10,1,50000.0,0.0009042543256235452,0,0.0,0.00029690045230118767,,True,0,1,0.0508,0.0643,0.0367,0.03,0.0961,1.0,0.2779
100000008782800100,peripheral,R8a,0.5,2,0.1719,"разовый входящий 43 тыс ₸ от 1 плательщика, дальше не отправлял; меньше 100 тыс ₸ — признаков роли нет",1,False,False,1.0,0.0,43381.0,0.0,1.0,0.0,0.0,1,1,43381.0,0.0007845491379975003,0,0.0,0.0002959911636086888,,True,0,1,0.0473,0.0578,0.0367,0.03,0.0148,1.0,0.1866
100000004218576100,peripheral,R8a,0.5,2,0.1352,"разовый входящий 26 тыс ₸ от 1 плательщика, дальше не отправлял; меньше 100 тыс ₸ — признаков роли нет",1,False,False,1.0,0.0,26144.0,0.0,1.0,0.0,0.0,1,1,26144.0,0.00047281650178203935,0,0.0,0.00029235855836594175,,True,0,1,0.0367,0.041,0.0367,0.03,0.0148,1.0,0.1592
100000003299365100,transit,R4,0.85,3,0.5623,пропускает дальше 100% полученного (200 тыс ₸ → 200 тыс ₸); 100% ушло за ≤2 дн. — признаки транзита,1,False,False,1.0,1.0,200000.0,200000.0,1.0,1.0,1.0,10,1,200000.0,0.003617017302494181,0,0.0,0.0003270552571793357,1.0,True,1,1,0.1015,0.1238,0.0367,0.12,0.0961,1.0,0.4781
100000008730021100,peripheral,R8a,0.5,16,0.2357,"разовый входящий 76 тыс ₸ от 1 плательщика, дальше не отправлял; меньше 100 тыс ₸ — признаков роли нет",1,False,False,1.0,0.0,75555.0,0.0,3.0,0.0,0.0,2,1,75555.0,0.0013664187114497393,1,0.0,0.00047017474651074543,,True,0,1,0.0624,0.077,0.0367,0.03,0.0281,1.0,0.2342
100000002757797100,terminal,R6,0.5,12,0.3242,"конечный получатель в выборке: получил 100 тыс ₸ от 1 плательщика, исходящих от 5 000 ₸ в банке не наблюдается",1,False,False,1.0,0.0,100000.0,0.0,1.0,0.0,0.0,1,1,100000.0,0.0018085086512470904,0,0.0,0.0003035151884030101,,True,0,1,0.0718,0.087,0.0367,0.09,0.0148,1.0,0.3003
100000002845605100,peripheral,R8a,0.5,1,0.2508,"разовый входящий 58 тыс ₸ от 1 плательщика, дальше не отправлял; меньше 100 тыс ₸ — признаков роли нет",1,False,False,1.0,0.0,57567.0,0.0,1.0,0.0,0.0,7,1,57567.0,0.0010411041752634127,0,0.0,0.00029769494556327746,,True,0,1,0.0545,0.07,0.0367,0.03,0.0543,1.0,0.2455
100000000817146100,peripheral,R8a,0.5,4,0.3146,"разовый входящий 70 тыс ₸ от 1 плательщика, дальше не отправлял; меньше 100 тыс ₸ — признаков роли нет",1,False,False,1.0,0.0,70020.0,0.0,1.0,0.0,0.0,9,1,70020.0,0.0012663177576032127,0,0.0,0.0005919922486484179,,True,0,1,0.0601,0.0754,0.0367,0.03,0.0909,1.0,0.2931
100000002957306100,terminal,R6,0.62,11,0.582,"конечный получатель в выборке: получил 398 тыс ₸ от 2 плательщиков, исходящих от 5 000 ₸ в банке не наблюдается",1,False,False,2.0,0.0,398490.0,0.0,2.0,0.0,0.0,11,2,398490.0,0.007206726124354531,0,0.0,0.0003567681108089118,,True,0,1,0.1433,0.1236,0.0367,0.09,0.0992,1.0,0.4928
100000008188026100,peripheral,R8b,0.4,16,0.403,отдаёт 391% от полученного в выборке (86 тыс ₸ → 338 тыс ₸): входящие извне не видны — признаков роли по данным недостаточно,1,False,False,2.0,4.0,86468.0,337983.17,5.0,4.0,3.9087659018365173,7,1,63599.08904530054,0.001150195027498601,1,8.343820212037835e-05,0.0003006429930811252,0.0,True,0,1,0.0572,0.125,0.0926,0.03,0.0543,1.0,0.3591
100000004790991100,terminal,R6,0.576,4,0.4624,"конечный получатель в выборке: получил 239 тыс ₸ от 1 плательщика, исходящих от 5 000 ₸ в банке не наблюдается",1,False,False,1.0,0.0,239413.0,0.0,4.0,0.0,0.0,7,1,239413.0,0.004329804817210197,1,0.0,0.0003127050299285675,,True,0,1,0.1111,0.1114,0.0367,0.09,0.0543,1.0,0.4035
100000002973903100,consolidator,R3,0.55,12,0.6006,"получает 93 тыс ₸ от 3 плательщиков, отдаёт дальше 0% полученного — признаки консолидации",1,False,False,3.0,0.0,92880.0,0.0,3.0,0.0,0.0,8,1,43474.49543198507,0.0007862400109734712,0,0.0,0.00031828026758801,,True,0,1,0.0473,0.0838,0.0367,0.255,0.0839,1.0,0.5067
100000004325327100,transit,R4,0.65,1,0.4675,пропускает дальше 99% полученного (71 тыс ₸ → 70 тыс ₸); 68% ушло за ≤2 дн. — признаки транзита,1,False,False,2.0,1.0,70817.0,70000.0,3.0,1.0,0.988463222107686,7,1,47491.76020205516,0.0008588925918836902,1,3.909906089698889e-05,0.000297113253610291,0.6781714285714285,True,0,1,0.0495,0.0956,0.0879,0.12,0.0543,1.0,0.4073
100000001477796100,terminal,R6,0.552,3,0.3798,"конечный получатель в выборке: получил 182 тыс ₸ от 1 плательщика, исходящих от 5 000 ₸ в банке не наблюдается",1,False,False,1.0,0.0,182000.0,0.0,1.0,0.0,0.0,1,1,182000.0,0.0032914857452697047,0,0.0,0.0003321339211112203,,True,0,1,0.0968,0.1035,0.0367,0.09,0.0148,1.0,0.3418
100000007536804100,transit,R4,0.65,9,0.4324,пропускает дальше 55% полученного (100 тыс ₸ → 55 тыс ₸); 82% ушло за ≤2 дн. — признаки транзита,1,False,False,1.0,2.0,100000.0,55000.0,1.0,2.0,0.55,1,1,100000.0,0.0018085086512470904,0,8.061662040616265e-07,0.0002926075491615456,0.8181818181818182,True,0,1,0.0718,0.0993,0.0752,0.12,0.0148,1.0,0.3811
100000008665380100,transit,R4,0.65,1,0.4036,пропускает дальше 26% полученного (69 тыс ₸ → 18 тыс ₸); 100% ушло за ≤2 дн. — признаки транзита,1,False,False,2.0,1.0,69100.0,18200.0,2.0,1.0,0.2633863965267728,7,1,10050.024756541436,0.0001817555671745262,0,1.9549530448494444e-05,0.0002920753644667848,1.0,True,0,1,0.0228,0.0815,0.081,0.12,0.0543,1.0,0.3596
100000001870116100,peripheral,R8a,0.5,2,0.1281,"разовый входящий 24 тыс ₸ от 1 плательщика, дальше не отправлял; меньше 100 тыс ₸ — признаков роли нет",1,False,False,1.0,0.0,24000.0,0.0,1.0,0.0,0.0,1,1,24000.0,0.0004340420762993017,0,0.0,0.00029190672187232627,,True,0,1,0.0352,0.0372,0.0367,0.03,0.0148,1.0,0.1539
100000001074553100,terminal,R6,0.5,9,0.2405,"конечный получатель в выборке: получил 29 тыс ₸ от 2 плательщиков, исходящих от 5 000 ₸ в банке не наблюдается",1,False,False,2.0,0.0,28971.0,0.0,2.0,0.0,0.0,2,2,28971.0,0.0005239430413527946,0,0.0,0.00029079508036821983,,True,0,1,0.0386,0.0444,0.0367,0.09,0.0281,1.0,0.2378
100000000978041100,peripheral,R8a,0.5,2,0.1733,"разовый входящий 44 тыс ₸ от 1 плательщика, дальше не отправлял; меньше 100 тыс ₸ — признаков роли нет",1,False,False,1.0,0.0,44445.0,0.0,1.0,0.0,0.0,1,1,44445.0,0.0008037916700467694,0,0.0,0.00029621539589843075,,True,0,1,0.0478,0.0583,0.0367,0.03,0.0148,1.0,0.1876
100000002603769100,consolidator,R3,0.55,1,0.6993,"получает 1,2 млн ₸ от 3 плательщиков, отдаёт дальше 0% полученного — признаки консолидации",1,False,False,3.0,0.0,1185368.0,0.0,3.0,0.0,0.0,7,1,169725.65528934394,0.0030695031592936,0,0.0,0.0005438818121874442,,True,0,1,0.0935,0.1409,0.0367,0.255,0.0543,1.0,0.5804
100000005034574100,terminal,R6,0.583,63,0.418,"конечный получатель в выборке: получил 259 тыс ₸ от 1 плательщика, исходящих от 5 000 ₸ в банке не наблюдается",1,False,False,1.0,0.0,258816.0,0.0,16.0,0.0,0.0,1,1,258816.0,0.00468070975081167,1,0.0,0.0004269617292591738,,True,0,1,0.1155,0.1133,0.0367,0.09,0.0148,1.0,0.3703
100000002958286100,terminal,R6,0.582,9,0.4173,"конечный получатель в выборке: получил 257 тыс ₸ от 1 плательщика, исходящих от 5 000 ₸ в банке не наблюдается",1,False,False,1.0,0.0,257000.0,0.0,1.0,0.0,0.0,1,1,257000.0,0.004647867233705022,0,0.0,0.0003145667401300694,,True,0,1,0.1151,0.1132,0.0367,0.09,0.0148,1.0,0.3698
100000005634552100,peripheral,R8b,0.4,1,0.3894,"отдаёт 4627% от полученного в выборке (26 тыс ₸ → 1,2 млн ₸): входящие извне не видны — признаков роли по данным недостаточно",1,False,False,1.0,3.0,25850.0,1196000.0,1.0,4.0,46.2669245647969,7,1,25850.0,0.0004674994863473729,0,2.967699338701863e-05,0.000289640604814225,0.0,False,0,1,0.0365,0.1411,0.0871,0.03,0.0543,1.0,0.349
100000008736760100,peripheral,R8a,0.5,2,0.1943,"разовый входящий 55 тыс ₸ от 1 плательщика, дальше не отправлял; меньше 100 тыс ₸ — признаков роли нет",1,False,False,1.0,0.0,54757.0,0.0,1.0,0.0,0.0,1,1,54757.0,0.0009902850821633692,0,0.0,0.00029838859455615584,,True,0,1,0.0531,0.0687,0.0367,0.03,0.0148,1.0,0.2033
100000008701944100,peripheral,R8a,0.5,16,0.2076,"разовый входящий 52 тыс ₸ от 1 плательщика, дальше не отправлял; меньше 100 тыс ₸ — признаков роли нет",1,False,False,1.0,0.0,52124.0,0.0,1.0,0.0,0.0,2,1,52124.0,0.0009426670493760334,0,0.0,0.00041332200261128005,,True,0,1,0.0518,0.0666,0.0367,0.03,0.0281,1.0,0.2132
100000008748408100,distributor,R2,0.638,10,0.725,"рассылает 1,5 млн ₸ 21 получателю (22 переводов), плательщиков 1 — признаки веерной раздачи",1,False,False,1.0,21.0,360000.0,1499960.0,2.0,22.0,4.166555555555555,1,1,360000.0,0.006510631144489526,1,7.255495836554639e-06,0.000335541094644147,0.2400064001706712,True,0,1,0.1362,0.1449,0.0787,0.225,0.0148,1.0,0.5996
100000008486520100,peripheral,R8c,0.5,4,0.2854,"вход 1 / выход 1, оборот 50 тыс ₸ — признаков роли нет",1,False,False,1.0,1.0,35720.0,14000.0,2.0,1.0,0.3919372900335946,7,1,35720.0,0.0006459992902254607,1,1.9549530448494444e-05,0.0002907065473036944,0.0,False,0,1,0.0429,0.0631,0.081,0.03,0.0543,1.0,0.2713
100000003163256100,peripheral,R4x,0.4,4,0.2376,"вход 13 тыс ₸ → выход 15 тыс ₸, но все исходящие раньше первого входящего — временная последовательность не подтверждает транзит наблюдаемых поступлений",1,False,False,1.0,1.0,13485.0,15000.0,1.0,1.0,1.1123470522803114,7,1,13485.0,0.00024387739162067015,0,1.9549530448494444e-05,0.0002883052067511764,0.0,False,0,1,0.0264,0.0439,0.081,0.03,0.0543,1.0,0.2356
100000003102157100,peripheral,R8a,0.5,1,0.2931,"разовый входящий 97 тыс ₸ от 1 плательщика, дальше не отправлял; меньше 100 тыс ₸ — признаков роли нет",1,False,False,1.0,0.0,96746.0,0.0,2.0,0.0,0.0,7,1,96746.0,0.00174965977973551,1,0.0,0.0003050765904574425,,True,0,1,0.0706,0.0855,0.0367,0.03,0.0543,1.0,0.2771
100000004741837100,peripheral,R8a,0.5,4,0.1869,"разовый входящий 26 тыс ₸ от 1 плательщика, дальше не отправлял; меньше 100 тыс ₸ — признаков роли нет",1,False,False,1.0,0.0,25596.0,0.0,1.0,0.0,0.0,7,1,25596.0,0.0004629058743732053,0,0.0,0.0002896131732648506,,True,0,1,0.0363,0.0405,0.0367,0.03,0.0543,1.0,0.1978
100000008443341100,peripheral,R8b,0.4,1,0.3257,отдаёт 145% от полученного в выборке (34 тыс ₸ → 50 тыс ₸): входящие извне не видны — признаков роли по данным недостаточно,1,False,False,2.0,3.0,34500.0,50000.0,2.0,4.0,1.4492753623188406,7,1,30625.0,0.0005538557744444215,0,0.0003662682646506782,0.000671792314388838,0.49,True,1,1,0.0397,0.0803,0.0971,0.03,0.0543,1.0,0.3014
100000004792397100,peripheral,R8a,0.5,2,0.2157,"разовый входящий 74 тыс ₸ от 1 плательщика, дальше не отправлял; меньше 100 тыс ₸ — признаков роли нет",1,False,False,1.0,0.0,73520.0,0.0,1.0,0.0,0.0,1,1,73520.0,0.001329615560396861,0,0.0,0.0003023427961091907,,True,0,1,0.0615,0.0763,0.0367,0.03,0.0148,1.0,0.2193
100000003809101100,peripheral,R8c,0.5,11,0.4638,"вход 2 / выход 2, оборот 221 тыс ₸ — признаков роли нет",1,False,False,2.0,2.0,166050.0,55200.0,3.0,4.0,0.3324299909665763,8,1,147738.40342563274,0.002671861807166896,1,0.00013562402772996764,0.00036356101123662506,0.18478260869565216,True,1,1,0.0872,0.109,0.0944,0.03,0.0839,1.0,0.4045
100000002838861100,consolidator,R3,0.603,9,0.8566,"получает 555 тыс ₸ от 5 плательщиков, отдаёт дальше 2% полученного — признаки консолидации",1,False,False,5.0,1.0,554523.95,10000.0,5.0,1.0,0.018033486200190272,8,2,403408.4221533861,0.007295676214503372,0,1.975107199950985e-05,0.0021445334798070167,0.0,True,1,2,0.1442,0.1317,0.083,0.255,0.0839,1.0,0.6978
100000008560717100,consolidator,R3,0.657,5,0.6861,"получает 529 тыс ₸ от 7 плательщиков, отдаёт дальше 5% полученного — признаки консолидации",1,False,False,7.0,1.0,529000.0,25000.0,9.0,1.0,0.04725897920604915,7,1,46319.338262577294,0.0008376892396791141,2,1.9549530448494444e-05,0.0003322955354998574,0.0,True,0,2,0.0488,0.1314,0.081,0.255,0.0543,1.0,0.5705
100000008693069100,peripheral,R8a,0.5,2,0.1153,"разовый входящий 20 тыс ₸ от 1 плательщика, дальше не отправлял; меньше 100 тыс ₸ — признаков роли нет",1,False,False,1.0,0.0,20000.0,0.0,1.0,0.0,0.0,1,1,20000.0,0.0003617017302494181,0,0.0,0.00029106374333946164,,True,0,1,0.0321,0.0307,0.0367,0.03,0.0148,1.0,0.1443
100000008672162100,peripheral,R8a,0.5,2,0.0992,"разовый входящий 16 тыс ₸ от 1 плательщика, дальше не отправлял; меньше 100 тыс ₸ — признаков роли нет",1,False,False,1.0,0.0,15550.0,0.0,1.0,0.0,0.0,1,1,15550.0,0.00028122309526892257,0,0.0,0.00029012592972164973,,True,0,1,0.0283,0.0225,0.0367,0.03,0.0148,1.0,0.1323
100000007311010100,peripheral,R8c,0.5,3,0.3766,"вход 2 / выход 1, оборот 84 тыс ₸ — признаков роли нет",1,False,False,2.0,1.0,64480.0,20000.0,2.0,1.0,0.31017369727047145,10,1,41944.92252182939,0.0007585775525661738,0,2.43865276728642e-05,0.000310735293731328,0.0,False,0,1,0.0465,0.0802,0.0866,0.03,0.0961,1.0,0.3394
100000005505655100,peripheral,R8c,0.5,27,0.2895,"вход 2 / выход 1, оборот 53 тыс ₸ — признаков роли нет",1,False,False,2.0,1.0,33070.0,20000.0,2.0,1.0,0.6047777441790142,7,1,13452.647963133793,0.00024329230223509016,0,0.0002736934262789222,0.0003229334635277663,0.6535,True,1,1,0.0263,0.0676,0.0962,0.03,0.0543,1.0,0.2744
100000004707703100,transit,R4,0.65,4,0.6005,пропускает дальше 97% полученного (239 тыс ₸ → 232 тыс ₸); 60% ушло за ≤2 дн. — признаки транзита,1,False,False,2.0,5.0,239300.0,231650.0,3.0,6.0,0.9680317592979524,7,1,239277.98501045106,0.004327363059443723,1,0.00010893973006882227,0.0006383417067098009,0.604360025901144,True,0,1,0.111,0.1279,0.0934,0.12,0.0543,1.0,0.5066
100000004005964100,peripheral,R8c,0.5,23,0.2539,"вход 3 / выход 3, оборот 170 тыс ₸ — признаков роли нет",1,False,False,3.0,3.0,97900.0,72000.0,9.0,5.0,0.7354443309499489,1,1,13422.285208420375,0.00024274318918934105,2,5.038538775385166e-07,0.00040628580390527854,0.2777777777777778,True,2,1,0.0263,0.1021,0.0746,0.03,0.0148,1.0,0.2478
100000008244300100,consolidator,R3,0.603,5,0.5525,"получает 65 тыс ₸ от 5 плательщиков, отдаёт дальше 0% полученного — признаки консолидации",1,False,False,5.0,0.0,65430.0,0.0,6.0,0.0,0.0,8,1,9129.990884503319,0.00016511667500431328,1,0.0,0.0004814540293765088,,True,0,1,0.0217,0.0735,0.0367,0.255,0.0839,1.0,0.4708
100000002692044100,peripheral,R8a,0.5,12,0.2405,"разовый входящий 97 тыс ₸ от 1 плательщика, дальше не отправлял; меньше 100 тыс ₸ — признаков роли нет",1,False,False,1.0,0.0,97000.0,0.0,1.0,0.0,0.0,1,1,97000.0,0.0017542533917096778,0,0.0,0.00030301519827117396,,True,0,1,0.0707,0.0856,0.0367,0.03,0.0148,1.0,0.2378
100000001103905100,peripheral,R8a,0.5,2,0.1088,"разовый входящий 18 тыс ₸ от 1 плательщика, дальше не отправлял; меньше 100 тыс ₸ — признаков роли нет",1,False,False,1.0,0.0,18000.0,0.0,1.0,0.0,0.0,1,1,18000.0,0.0003255315572244763,0,0.0,0.00029064225407302935,,True,0,1,0.0305,0.0275,0.0367,0.03,0.0148,1.0,0.1395
100000008755361100,peripheral,R8a,0.5,2,0.0941,"разовый входящий 15 тыс ₸ от 1 плательщика, дальше не отправлял; меньше 100 тыс ₸ — признаков роли нет",1,False,False,1.0,0.0,14627.0,0.0,1.0,0.0,0.0,1,1,14627.0,0.0002645305604179119,0,0.0,0.0002899314124251912,,True,0,1,0.0274,0.0196,0.0367,0.03,0.0148,1.0,0.1285
100000002810870100,peripheral,R8a,0.5,2,0.1543,"разовый входящий 34 тыс ₸ от 1 плательщика, дальше не отправлял; меньше 100 тыс ₸ — признаков роли нет",1,False,False,1.0,0.0,33677.0,0.0,1.0,0.0,0.0,1,1,33677.0,0.0006090514584804826,0,0.0,0.00029394609768795913,,True,0,1,0.0417,0.0502,0.0367,0.03,0.0148,1.0,0.1734
100000005897462100,peripheral,R8a,0.5,11,0.3342,"разовый входящий 98 тыс ₸ от 1 плательщика, дальше не отправлял; меньше 100 тыс ₸ — признаков роли нет",1,False,False,1.0,0.0,98400.0,0.0,1.0,0.0,0.0,8,1,98400.0,0.001779572512827137,0,0.0,0.0003018442668310859,,True,0,1,0.0712,0.086,0.0367,0.03,0.0839,1.0,0.3078
100000000941942100,terminal,R6,0.523,3,0.4557,"конечный получатель в выборке: получил 130 тыс ₸ от 1 плательщика, исходящих от 5 000 ₸ в банке не наблюдается",1,False,False,1.0,0.0,130000.0,0.0,1.0,0.0,0.0,10,1,130000.0,0.0023510612466212176,0,0.0,0.0003129830149028666,,True,0,1,0.0818,0.0939,0.0367,0.09,0.0961,1.0,0.3985
100000008723830100,transit,R4,0.85,4,0.6571,пропускает дальше 99% полученного (460 тыс ₸ → 455 тыс ₸); 100% ушло за ≤2 дн. — признаки транзита,1,False,False,2.0,1.0,459785.0,455000.0,2.0,1.0,0.9895929619278576,7,1,454092.9758401489,0.008212310752774454,0,1.9952613550525257e-05,0.0003417527073129891,0.9978021978021978,True,0,1,0.1529,0.1381,0.0836,0.12,0.0543,1.0,0.5489
100000008776576100,peripheral,R8a,0.5,2,0.0947,"разовый входящий 15 тыс ₸ от 1 плательщика, дальше не отправлял; меньше 100 тыс ₸ — признаков роли нет",1,False,False,1.0,0.0,14765.0,0.0,1.0,0.0,0.0,1,1,14765.0,0.0002670263023566329,0,0.0,0.000289960495184575,,True,0,1,0.0276,0.0198,0.0367,0.03,0.0148,1.0,0.1289
100000005432267100,terminal,R6,0.609,3,0.5335,"конечный получатель в выборке: получил 350 тыс ₸ от 2 плательщиков, исходящих от 5 000 ₸ в банке не наблюдается",1,False,False,2.0,0.0,350001.0,0.0,2.0,0.0,0.0,10,1,250004.2798535971,0.00452134902964029,0,0.0,0.0003438402969096735,,True,0,2,0.1135,0.1203,0.0367,0.09,0.0961,1.0,0.4566
100000006745291100,peripheral,R8a,0.5,11,0.3171,"разовый входящий 83 тыс ₸ от 1 плательщика, дальше не отправлял; меньше 100 тыс ₸ — признаков роли нет",1,False,False,1.0,0.0,82534.0,0.0,1.0,0.0,0.0,8,1,82534.0,0.0014926345302202736,0,0.0,0.00029942640836837995,,True,0,1,0.0652,0.0792,0.0367,0.03,0.0839,1.0,0.295
100000008670667100,peripheral,R8a,0.5,2,0.0989,"разовый входящий 16 тыс ₸ от 1 плательщика, дальше не отправлял; меньше 100 тыс ₸ — признаков роли нет",1,False,False,1.0,0.0,15534.0,0.0,1.0,0.0,0.0,1,1,15534.0,0.00028093373388472304,0,0.0,0.00029012255780751825,,True,0,1,0.0283,0.0223,0.0367,0.03,0.0148,1.0,0.1321
100000002480800100,terminal,R6,0.651,3,0.5432,"конечный получатель в выборке: получил 569 тыс ₸ от 2 плательщиков, исходящих от 5 000 ₸ в банке не наблюдается",1,False,False,2.0,0.0,569251.0,0.0,2.0,0.0,0.0,10,1,231680.92321622558,0.004189969539654568,0,0.0,0.000643827768895838,,True,0,2,0.1092,0.1318,0.0367,0.09,0.0961,1.0,0.4638
100000002182176100,peripheral,R8a,0.5,1,0.2235,"разовый входящий 42 тыс ₸ от 1 плательщика, дальше не отправлял; меньше 100 тыс ₸ — признаков роли нет",1,False,False,1.0,0.0,42465.0,0.0,1.0,0.0,0.0,7,1,42465.0,0.0007679831987520769,0,0.0,0.00029484960491671467,,True,0,1,0.0468,0.0573,0.0367,0.03,0.0543,1.0,0.2251
100000008219168100,peripheral,R8a,0.5,9,0.1919,"разовый входящий 53 тыс ₸ от 1 плательщика, дальше не отправлял; меньше 100 тыс ₸ — признаков роли нет",1,False,False,1.0,0.0,53200.0,0.0,2.0,0.0,0.0,1,1,53200.0,0.0009621266024634522,1,0.0,0.00028991247826990705,,True,0,1,0.0523,0.0677,0.0367,0.03,0.0148,1.0,0.2015
100000004226848100,terminal,R6,0.596,3,0.5446,"конечный получатель в выборке: получил 302 тыс ₸ от 1 плательщика, исходящих от 5 000 ₸ в банке не наблюдается",1,False,False,1.0,0.0,301866.0,0.0,1.0,0.0,0.0,10,1,301866.0,0.005459272725173542,0,0.0,0.00034753358620411847,,True,0,1,0.1247,0.1174,0.0367,0.09,0.0961,1.0,0.4649
100000006326645100,peripheral,R8a,0.5,2,0.1332,"разовый входящий 25 тыс ₸ от 1 плательщика, дальше не отправлял; меньше 100 тыс ₸ — признаков роли нет",1,False,False,1.0,0.0,25264.0,0.0,1.0,0.0,0.0,1,1,25264.0,0.00045690162565106493,0,0.0,0.0002921731030887115,,True,0,1,0.0361,0.0401,0.0367,0.03,0.0148,1.0,0.1577
100000003589877100,peripheral,R8b,0.4,7,0.4348,отдаёт 236% от полученного в выборке (176 тыс ₸ → 416 тыс ₸): входящие извне не видны — признаков роли по данным недостаточно,1,False,False,2.0,6.0,176000.0,416129.0,2.0,6.0,2.364369318181818,9,1,26001.268116063504,0.00047023518331295986,0,9.709264220167214e-05,0.0003083459858879622,0.4229457692206023,True,0,1,0.0366,0.1325,0.0929,0.03,0.0909,1.0,0.3829
100000003942602100,transit,R4,0.85,2,0.2997,пропускает дальше 100% полученного (30 тыс ₸ → 30 тыс ₸); 100% ушло за ≤2 дн. — признаки транзита,1,False,False,1.0,1.0,30000.0,30000.0,1.0,1.0,1.0,1,1,30000.0,0.0005425525953741271,0,0.0,0.00029317118967162324,1.0,True,1,1,0.0393,0.0712,0.0367,0.12,0.0148,1.0,0.282
100000000922570100,peripheral,R4x,0.4,12,0.2614,"вход 47 тыс ₸ → выход 50 тыс ₸, но все исходящие раньше первого входящего — временная последовательность не подтверждает транзит наблюдаемых поступлений",1,False,False,1.0,1.0,47101.0,50000.0,1.0,1.0,1.0615485870788306,1,1,47101.0,0.0008518256598238921,0,2.0154155101540663e-07,0.00029469886240834323,0.0,False,0,1,0.0493,0.0857,0.0736,0.03,0.0148,1.0,0.2534
100000005079754100,peripheral,R8b,0.4,3,0.4363,отдаёт 174% от полученного в выборке (70 тыс ₸ → 122 тыс ₸): входящие извне не видны — признаков роли по данным недостаточно,1,False,False,1.0,2.0,70000.0,122000.0,1.0,2.0,1.7428571428571429,10,1,70000.0,0.0012659560558729633,0,9.673994448739518e-05,0.0003009210929516074,0.16393442622950818,True,0,1,0.06,0.1051,0.0928,0.03,0.0961,1.0,0.384
100000003187359100,peripheral,R8a,0.5,2,0.1117,"разовый входящий 19 тыс ₸ от 1 плательщика, дальше не отправлял; меньше 100 тыс ₸ — признаков роли нет",1,False,False,1.0,0.0,19072.0,0.0,1.0,0.0,0.0,1,1,19072.0,0.0003449187699658451,0,0.0,0.000290868172319837,,True,0,1,0.0313,0.0288,0.0367,0.03,0.0148,1.0,0.1416
100000000998559100,terminal,R6,0.5,3,0.4331,"конечный получатель в выборке: получил 100 тыс ₸ от 1 плательщика, исходящих от 5 000 ₸ в банке не наблюдается",1,False,False,1.0,0.0,100000.0,0.0,1.0,0.0,0.0,10,1,100000.0,0.0018085086512470904,0,0.0,0.000306952053927237,,True,0,1,0.0718,0.087,0.0367,0.09,0.0961,1.0,0.3816
100000008690932100,peripheral,R8a,0.5,2,0.1244,"разовый входящий 23 тыс ₸ от 1 плательщика, дальше не отправлял; меньше 100 тыс ₸ — признаков роли нет",1,False,False,1.0,0.0,23000.0,0.0,1.0,0.0,0.0,1,1,23000.0,0.0004159569897868308,0,0.0,0.00029169597723911013,,True,0,1,0.0344,0.0352,0.0367,0.03,0.0148,1.0,0.1511
100000008773876100,peripheral,R8a,0.5,2,0.1351,"разовый входящий 26 тыс ₸ от 1 плательщика, дальше не отправлял; меньше 100 тыс ₸ — признаков роли нет",1,False,False,1.0,0.0,26120.0,0.0,1.0,0.0,0.0,1,1,26120.0,0.00047238245970574003,0,0.0,0.0002923535004947446,,True,0,1,0.0367,0.0409,0.0367,0.03,0.0148,1.0,0.1591
100000006789108100,peripheral,R8a,0.5,11,0.2544,"разовый входящий 38 тыс ₸ от 1 плательщика, дальше не отправлял; меньше 100 тыс ₸ — признаков роли нет",1,False,False,1.0,0.0,37500.0,0.0,1.0,0.0,0.0,8,1,37500.0,0.0006781907442176589,0,0.0,0.0002925635671979842,,True,0,1,0.044,0.0536,0.0367,0.03,0.0839,1.0,0.2482
100000004058740100,peripheral,R8a,0.5,2,0.1457,"разовый входящий 30 тыс ₸ от 1 плательщика, дальше не отправлял; меньше 100 тыс ₸ — признаков роли нет",1,False,False,1.0,0.0,30000.0,0.0,1.0,0.0,0.0,1,1,30000.0,0.0005425525953741271,0,0.0,0.00029317118967162324,,True,0,1,0.0393,0.0462,0.0367,0.03,0.0148,1.0,0.167
100000007641801100,terminal,R6,0.56,9,0.3902,"конечный получатель в выборке: получил 200 тыс ₸ от 1 плательщика, исходящих от 5 000 ₸ в банке не наблюдается",1,False,False,1.0,0.0,200000.0,0.0,1.0,0.0,0.0,1,1,200000.0,0.003617017302494181,0,0.0,0.0002983662476479529,,True,0,1,0.1015,0.1066,0.0367,0.09,0.0148,1.0,0.3496
100000000555721100,terminal,R6,0.511,1,0.3799,"конечный получатель в выборке: получил 113 тыс ₸ от 2 плательщиков, исходящих от 5 000 ₸ в банке не наблюдается",1,False,False,2.0,0.0,113000.0,0.0,3.0,0.0,0.0,7,1,95218.34752802696,0.0017220320526188878,1,0.0,0.0003094618711002596,,True,0,2,0.07,0.0909,0.0367,0.09,0.0543,1.0,0.3419
100000008729801100,peripheral,R8a,0.5,2,0.1068,"разовый входящий 18 тыс ₸ от 1 плательщика, дальше не отправлял; меньше 100 тыс ₸ — признаков роли нет",1,False,False,1.0,0.0,17534.0,0.0,1.0,0.0,0.0,1,1,17534.0,0.00031710390690966483,0,0.0,0.0002905440470739506,,True,0,1,0.0301,0.0264,0.0367,0.03,0.0148,1.0,0.138
100000004664905100,terminal,R6,0.603,4,0.4718,"конечный получатель в выборке: получил 329 тыс ₸ от 2 плательщиков, исходящих от 5 000 ₸ в банке не наблюдается",1,False,False,2.0,0.0,329020.0,0.0,4.0,0.0,0.0,7,1,237705.7823754443,0.004298929638774492,1,0.0,0.00041365015812107607,,True,0,1,0.1107,0.1188,0.0367,0.09,0.0543,1.0,0.4105
100000003057225100,terminal,R6,0.575,4,0.4605,"конечный получатель в выборке: получил 236 тыс ₸ от 1 плательщика, исходящих от 5 000 ₸ в банке не наблюдается",1,False,False,1.0,0.0,236000.0,0.0,1.0,0.0,0.0,7,1,236000.0,0.004268080416943133,0,0.0,0.00031233643198362744,,True,0,1,0.1103,0.1108,0.0367,0.09,0.0543,1.0,0.4021
100000000703902100,peripheral,R8a,0.5,2,0.1338,"разовый входящий 25 тыс ₸ от 1 плательщика, дальше не отправлял; меньше 100 тыс ₸ — признаков роли нет",1,False,False,1.0,0.0,25499.0,0.0,1.0,0.0,0.0,1,1,25499.0,0.0004611516209814956,0,0.0,0.0002922226280775173,,True,0,1,0.0362,0.0404,0.0367,0.03,0.0148,1.0,0.1581
100000008720798100,peripheral,R8a,0.5,2,0.0989,"разовый входящий 16 тыс ₸ от 1 плательщика, дальше не отправлял; меньше 100 тыс ₸ — признаков роли нет",1,False,False,1.0,0.0,15534.0,0.0,1.0,0.0,0.0,1,1,15534.0,0.00028093373388472304,0,0.0,0.00029012255780751825,,True,0,1,0.0283,0.0223,0.0367,0.03,0.0148,1.0,0.1321
100000001411870100,consolidator,R3b,0.62,10,0.8039,"сюда дошло 784 тыс ₸ денег курьеров (1% от всех) от 2 плательщиков, дальше ушло 0% — признаки консолидации",1,False,False,2.0,0.0,900000.0,0.0,4.0,0.0,0.0,2,1,783555.5555555555,0.014170670009549424,1,0.0,0.0004801372969925954,,True,0,1,0.2009,0.1378,0.0367,0.255,0.0281,1.0,0.6585
100000008556318100,terminal,R6,0.551,3,0.4628,"конечный получатель в выборке: получил 180 тыс ₸ от 2 плательщиков, исходящих от 5 000 ₸ в банке не наблюдается",1,False,False,2.0,0.0,180132.0,0.0,2.0,0.0,0.0,10,1,116840.33532938696,0.0021130675725780737,0,0.0,0.0005629471177705023,,True,0,1,0.0776,0.1034,0.0367,0.09,0.0961,1.0,0.4038
100000002720627100,terminal,R6,0.56,11,0.4817,"конечный получатель в выборке: получил 199 тыс ₸ от 1 плательщика, исходящих от 5 000 ₸ в банке не наблюдается",1,False,False,1.0,0.0,199300.0,0.0,1.0,0.0,0.0,8,1,199300.0,0.0036043577419354513,0,0.0,0.00031722066408855645,,True,0,1,0.1013,0.106,0.0367,0.09,0.0839,1.0,0.4179
100000003022835100,terminal,R6,0.519,3,0.4525,"конечный получатель в выборке: получил 125 тыс ₸ от 1 плательщика, исходящих от 5 000 ₸ в банке не наблюдается",1,False,False,1.0,0.0,125000.0,0.0,1.0,0.0,0.0,10,1,125000.0,0.0022606358140588633,0,0.0,0.00031197785474026165,,True,0,1,0.0802,0.0931,0.0367,0.09,0.0961,1.0,0.3961
100000008304115100,peripheral,R8a,0.5,12,0.188,"разовый входящий 51 тыс ₸ от 1 плательщика, дальше не отправлял; меньше 100 тыс ₸ — признаков роли нет",1,False,False,1.0,0.0,51000.0,0.0,1.0,0.0,0.0,1,1,51000.0,0.0009223394121360162,0,0.0,0.00029534868291635294,,True,0,1,0.0513,0.0658,0.0367,0.03,0.0148,1.0,0.1986
100000003886323100,peripheral,R8c,0.5,4,0.2803,"вход 2 / выход 1, оборот 86 тыс ₸ — признаков роли нет",1,False,False,2.0,1.0,78168.0,7650.0,6.0,1.0,0.09786613447958244,7,1,8638.40755551774,0.00015622634797152063,1,1.9549530448494444e-05,0.0018299553035193094,0.0,True,1,1,0.0211,0.0811,0.081,0.03,0.0543,1.0,0.2675
100000000607731100,peripheral,R8b,0.4,30,0.2342,отдаёт 333% от полученного в выборке (20 тыс ₸ → 67 тыс ₸): входящие извне не видны — признаков роли по данным недостаточно,1,False,False,1.0,1.0,20000.0,66666.0,1.0,1.0,3.3333,1,1,20000.0,0.0003617017302494181,0,6.046246530462199e-07,0.0003189386946552999,0.0,False,0,1,0.0321,0.0814,0.0748,0.03,0.0148,1.0,0.2331
100000005961971100,peripheral,R8a,0.5,2,0.18,"разовый входящий 47 тыс ₸ от 1 плательщика, дальше не отправлял; меньше 100 тыс ₸ — признаков роли нет",1,False,False,1.0,0.0,47353.0,0.0,1.0,0.0,0.0,1,1,47353.0,0.0008563831016250347,0,0.0,0.00029682824129182334,,True,0,1,0.0494,0.0617,0.0367,0.03,0.0148,1.0,0.1926
100000000440392100,terminal,R6,0.505,4,0.3823,"конечный получатель в выборке: получил 106 тыс ₸ от 1 плательщика, исходящих от 5 000 ₸ в банке не наблюдается",1,False,False,1.0,0.0,105705.0,0.0,4.0,0.0,0.0,7,1,105705.0,0.0019116840698007369,1,0.0,0.0002982648031421461,,True,0,1,0.0738,0.0889,0.0367,0.09,0.0543,1.0,0.3437
100000004105288100,terminal,R6,0.566,3,0.469,"конечный получатель в выборке: получил 215 тыс ₸ от 2 плательщиков, исходящих от 5 000 ₸ в банке не наблюдается",1,False,False,2.0,0.0,215000.0,0.0,2.0,0.0,0.0,11,1,107131.6180793305,0.0019374845811856842,0,0.0,0.00046507021594303433,,True,0,1,0.0743,0.1082,0.0367,0.09,0.0992,1.0,0.4084
100000008169544100,peripheral,R8c,0.5,4,0.4113,"вход 1 / выход 4, оборот 180 тыс ₸ — признаков роли нет",1,False,False,1.0,4.0,137104.0,42800.0,2.0,7.0,0.31217178200490137,7,1,137104.0,0.002479537701205811,1,0.00012033348704726003,0.0003016558394366599,0.28738317757009346,True,1,1,0.084,0.1032,0.0938,0.03,0.0543,1.0,0.3653
100000004186824100,peripheral,R8c,0.5,4,0.5129,"вход 2 / выход 1, оборот 459 тыс ₸ — признаков роли нет",1,False,False,2.0,1.0,451700.0,7000.0,7.0,1.0,0.015497011290679655,7,1,450279.4041743919,0.00814334197927773,1,2.2169570611694728e-06,0.00038362670399067405,0.0,True,0,1,0.1523,0.1272,0.0774,0.03,0.0543,1.0,0.4412
100000008672200100,peripheral,R8a,0.5,2,0.0707,"разовый входящий 9 тыс ₸ от 1 плательщика, дальше не отправлял; меньше 100 тыс ₸ — признаков роли нет",1,False,False,1.0,0.0,8511.0,0.0,1.0,0.0,0.0,1,1,8511.0,0.00015392217130763986,0,0.0,0.00028864249824844113,,True,0,1,0.0209,0.0086,0.0367,0.03,0.0148,1.0,0.111
100000002188829100,terminal,R6,0.62,3,0.5784,"конечный получатель в выборке: получил 400 тыс ₸ от 1 плательщика, исходящих от 5 000 ₸ в банке не наблюдается",1,False,False,1.0,0.0,400000.0,0.0,1.0,0.0,0.0,10,1,400000.0,0.007234034604988362,0,0.0,0.00036726166368353296,,True,0,1,0.1435,0.1238,0.0367,0.09,0.0961,1.0,0.4901
100000008717341100,peripheral,R8a,0.5,2,0.0941,"разовый входящий 15 тыс ₸ от 1 плательщика, дальше не отправлял; меньше 100 тыс ₸ — признаков роли нет",1,False,False,1.0,0.0,14627.0,0.0,1.0,0.0,0.0,1,1,14627.0,0.0002645305604179119,0,0.0,0.0002899314124251912,,True,0,1,0.0274,0.0196,0.0367,0.03,0.0148,1.0,0.1285
100000002214301100,peripheral,R8c,0.5,1,0.2642,"вход 1 / выход 1, оборот 29 тыс ₸ — признаков роли нет",1,False,False,1.0,1.0,21438.0,8000.0,1.0,1.0,0.373169138912212,7,1,21438.0,0.00038770808465435125,0,9.774765224247222e-05,0.0002908879456811648,0.0,True,0,1,0.0332,0.045,0.093,0.03,0.0543,1.0,0.2555
100000002565277100,terminal,R6,0.637,3,0.6036,"конечный получатель в выборке: получил 483 тыс ₸ от 1 плательщика, исходящих от 5 000 ₸ в банке не наблюдается",1,False,False,1.0,0.0,483319.0,0.0,1.0,0.0,0.0,10,1,483319.0,0.008740865928120924,0,0.0,0.000384011451601149,,True,0,1,0.1578,0.1283,0.0367,0.09,0.0961,1.0,0.5089
100000005546031100,consolidator,R3,0.55,46,0.5547,"получает 67 тыс ₸ от 3 плательщиков, отдаёт дальше 12% полученного — признаки консолидации",1,False,False,3.0,1.0,66800.0,8000.0,6.0,1.0,0.11976047904191617,1,1,50939.410560480006,0.000921243646880555,2,6.046246530462199e-07,0.0007155990213297739,1.0,True,1,2,0.0512,0.0766,0.0748,0.255,0.0148,1.0,0.4724
100000003449074100,peripheral,R8a,0.5,1,0.1303,"разовый входящий 10 тыс ₸ от 1 плательщика, дальше не отправлял; меньше 100 тыс ₸ — признаков роли нет",1,False,False,1.0,0.0,10000.0,0.0,1.0,0.0,0.0,7,1,10000.0,0.00018085086512470904,0,0.0,0.00028873293268186776,,True,0,1,0.0227,0.0118,0.0367,0.03,0.0543,1.0,0.1555
100000008748914100,distributor,R2,0.61,3,0.6679,"рассылает 4,5 млн ₸ 13 получателям (21 переводов), плательщиков 2 — признаки веерной раздачи",1,False,False,2.0,13.0,180000.0,4471847.0,9.0,21.0,24.843594444444445,1,1,96840.7297997856,0.0017513729763599416,2,0.0006515838344328097,0.0007942533093309326,0.04025182435803372,True,1,1,0.0706,0.1489,0.0976,0.225,0.0148,1.0,0.5569
100000004744306100,peripheral,R8b,0.4,20,0.4076,отдаёт 133% от полученного в выборке (69 тыс ₸ → 92 тыс ₸): входящие извне не видны — признаков роли по данным недостаточно,1,False,False,1.0,2.0,69000.0,92000.0,1.0,3.0,1.3333333333333333,8,1,69000.0,0.0012478709693604924,0,3.9905227101050515e-05,0.0004627875910079735,0.0,True,0,1,0.0596,0.1003,0.0888,0.03,0.0839,1.0,0.3626
100000003158727100,consolidator,R3,0.55,9,0.7248,"получает 368 тыс ₸ от 3 плательщиков, отдаёт дальше 0% полученного — признаки консолидации",1,False,False,3.0,0.0,367940.0,0.0,3.0,0.0,0.0,9,1,176617.65190938735,0.003194145514410742,0,0.0,0.0003155311171243542,,True,0,2,0.0954,0.1214,0.0367,0.255,0.0909,1.0,0.5994
100000001389255100,peripheral,R8a,0.5,2,0.1019,"разовый входящий 16 тыс ₸ от 1 плательщика, дальше не отправлял; меньше 100 тыс ₸ — признаков роли нет",1,False,False,1.0,0.0,16136.0,0.0,1.0,0.0,0.0,1,1,16136.0,0.0002918209559652305,0,0.0,0.00029024942607671435,,True,0,1,0.0288,0.024,0.0367,0.03,0.0148,1.0,0.1343
100000008695495100,peripheral,R8a,0.5,2,0.1198,"разовый входящий 21 тыс ₸ от 1 плательщика, дальше не отправлял; меньше 100 тыс ₸ — признаков роли нет",1,False,False,1.0,0.0,21000.0,0.0,1.0,0.0,0.0,1,1,21000.0,0.000379786816761889,0,0.0,0.00029127448797267784,,True,0,1,0.0329,0.0333,0.0367,0.03,0.0148,1.0,0.1477
100000004015047100,consolidator,R3,0.71,10,0.9302,"получает 919 тыс ₸ от 9 плательщиков, отдаёт дальше 8% полученного — признаки консолидации",1,False,False,9.0,1.0,919104.0,69195.0,18.0,7.0,0.07528527783580531,11,3,585259.711249687,0.01058447251021433,3,2.3278049142279465e-05,0.0022863430313044366,0.636346556832141,True,1,2,0.1736,0.1387,0.0863,0.255,0.0992,1.0,0.7528
100000005183943100,consolidator,R3b,0.613,47,0.7632,"сюда дошло 681 тыс ₸ денег курьеров (1% от всех) от 1 плательщика, дальше ушло 0% — признаки консолидации",1,False,False,1.0,0.0,680900.0,0.0,9.0,0.0,0.0,1,1,680900.0,0.012314135406341438,1,0.0,0.0006133735199490174,,True,0,1,0.1873,0.1343,0.0367,0.255,0.0148,1.0,0.6281
100000003004487100,consolidator,R3,0.577,32,0.7003,"получает 184 тыс ₸ от 4 плательщиков, отдаёт дальше 144% полученного — признаки консолидации",1,False,False,4.0,2.0,183702.8,265015.0,9.0,3.0,1.4426290726107605,7,1,48512.523809062455,0.000877353190025199,1,0.00019609992913799065,0.0003524052520372677,0.0349716053808275,True,1,2,0.05,0.1262,0.0956,0.255,0.0543,1.0,0.5811
100000003042994100,terminal,R6,0.591,4,0.4817,"конечный получатель в выборке: получил 286 тыс ₸ от 1 плательщика, исходящих от 5 000 ₸ в банке не наблюдается",1,False,False,1.0,0.0,286086.0,0.0,3.0,0.0,0.0,7,1,286086.0,0.005173890060006751,1,0.0,0.0003177456311252248,,True,0,1,0.1214,0.1155,0.0367,0.09,0.0543,1.0,0.4179
100000001899164100,peripheral,R8c,0.5,12,0.4114,"вход 4 / выход 3, оборот 368 тыс ₸ — признаков роли нет",1,False,False,4.0,3.0,291675.0,76500.0,5.0,3.0,0.2622782206222679,8,1,24811.667939474573,0.00044872116120409837,1,0.00012878505109884485,0.001181155112298038,0.0,True,2,2,0.0358,0.1215,0.0942,0.03,0.0839,1.0,0.3654
100000003946524100,transit,R4,0.65,3,0.5939,пропускает дальше 108% полученного (134 тыс ₸ → 145 тыс ₸); 0% ушло за ≤2 дн. — признаки транзита,1,False,False,2.0,2.0,133757.0,144750.0,2.0,2.0,1.0821863528637754,10,1,114985.79901800328,0.002079528122946181,0,0.0001215295552622902,0.0003275053717421067,0.0,True,1,1,0.077,0.1146,0.094,0.12,0.0961,1.0,0.5017
100000008717340100,peripheral,R8a,0.5,2,0.1691,"разовый входящий 42 тыс ₸ от 1 плательщика, дальше не отправлял; меньше 100 тыс ₸ — признаков роли нет",1,False,False,1.0,0.0,41500.0,0.0,1.0,0.0,0.0,1,1,41500.0,0.0007505310902675425,0,0.0,0.0002955947529536092,,True,0,1,0.0462,0.0568,0.0367,0.03,0.0148,1.0,0.1845
100000003831324100,terminal,R6,0.595,9,0.5058,"конечный получатель в выборке: получил 300 тыс ₸ от 2 плательщиков, исходящих от 5 000 ₸ в банке не наблюдается",1,False,False,2.0,0.0,300000.0,0.0,2.0,0.0,0.0,9,1,200014.71076054565,0.003617283347871313,0,0.0,0.0003166000006754677,,True,0,1,0.1015,0.1168,0.0367,0.09,0.0909,1.0,0.4359
100000008129393100,peripheral,R8a,0.5,50,0.0774,"разовый входящий 10 тыс ₸ от 1 плательщика, дальше не отправлял; меньше 100 тыс ₸ — признаков роли нет",1,False,False,1.0,0.0,10000.0,0.0,1.0,0.0,0.0,1,1,10000.0,0.00018085086512470904,0,0.0,0.0003130892608777682,,True,0,1,0.0227,0.0118,0.0367,0.03,0.0148,1.0,0.116
100000004388209100,peripheral,R8a,0.5,2,0.0847,"разовый входящий 12 тыс ₸ от 1 плательщика, дальше не отправлял; меньше 100 тыс ₸ — признаков роли нет",1,False,False,1.0,0.0,11800.0,0.0,1.0,0.0,0.0,1,1,11800.0,0.00021340402084715667,0,0.0,0.00028933563734708905,,True,0,1,0.0247,0.0153,0.0367,0.03,0.0148,1.0,0.1215
100000000706545100,consolidator,R3,0.55,4,0.8962,"получает 1,1 млн ₸ от 3 плательщиков, отдаёт дальше 7% полученного — признаки консолидации",1,False,False,3.0,1.0,1070300.0,75800.0,8.0,3.0,0.07082126506586939,7,1,730574.9307416752,0.013212510826305635,1,1.9952613550525257e-05,0.0032775572299833387,0.0,True,1,1,0.194,0.1405,0.0836,0.255,0.0543,1.0,0.7274
100000004497606100,peripheral,R8a,0.5,2,0.0989,"разовый входящий 16 тыс ₸ от 1 плательщика, дальше не отправлял; меньше 100 тыс ₸ — признаков роли нет",1,False,False,1.0,0.0,15534.0,0.0,1.0,0.0,0.0,1,1,15534.0,0.00028093373388472304,0,0.0,0.00029012255780751825,,True,0,1,0.0283,0.0223,0.0367,0.03,0.0148,1.0,0.1321
100000008470470100,peripheral,R8a,0.5,2,0.154,"разовый входящий 34 тыс ₸ от 1 плательщика, дальше не отправлял; меньше 100 тыс ₸ — признаков роли нет",1,False,False,1.0,0.0,33547.0,0.0,1.0,0.0,0.0,1,1,33547.0,0.0006067003972338614,0,0.0,0.000293918700885641,,True,0,1,0.0416,0.0501,0.0367,0.03,0.0148,1.0,0.1732
100000004318918100,peripheral,R8a,0.5,11,0.3105,"разовый входящий 76 тыс ₸ от 1 плательщика, дальше не отправлял; меньше 100 тыс ₸ — признаков роли нет",1,False,False,1.0,0.0,75600.0,0.0,1.0,0.0,0.0,8,1,75600.0,0.0013672325403428004,0,0.0,0.0002983697191851956,,True,0,1,0.0624,0.0771,0.0367,0.03,0.0839,1.0,0.2901
100000005228059100,peripheral,R8a,0.5,2,0.1347,"разовый входящий 26 тыс ₸ от 1 плательщика, дальше не отправлял; меньше 100 тыс ₸ — признаков роли нет",1,False,False,1.0,0.0,26000.0,0.0,1.0,0.0,0.0,1,1,26000.0,0.0004702122493242435,0,0.0,0.0002923282111387586,,True,0,1,0.0366,0.0407,0.0367,0.03,0.0148,1.0,0.1588
100000001609499100,peripheral,R8c,0.5,1,0.4105,"вход 3 / выход 2, оборот 284 тыс ₸ — признаков роли нет",1,False,False,3.0,2.0,263113.0,21000.0,3.0,2.0,0.07981361620292422,7,1,94403.28425232237,0.001707291562764632,0,0.00018737932753908515,0.0003223366953122211,0.47619047619047616,True,1,1,0.0697,0.1153,0.0954,0.03,0.0543,1.0,0.3647
100000002824176100,terminal,R6,0.532,10,0.3734,"конечный получатель в выборке: получил 144 тыс ₸ от 1 плательщика, исходящих от 5 000 ₸ в банке не наблюдается",1,False,False,1.0,0.0,144000.0,0.0,1.0,0.0,0.0,2,1,144000.0,0.0026042524577958104,0,0.0,0.0003401013976697427,,True,0,1,0.0861,0.0961,0.0367,0.09,0.0281,1.0,0.337
100000001363952100,peripheral,R8c,0.5,6,0.3784,"вход 2 / выход 1, оборот 288 тыс ₸ — признаков роли нет",1,False,False,2.0,1.0,196655.0,91000.0,2.0,2.0,0.4627393150441128,7,1,69160.45675876873,0.0012507728437243357,0,1.9549530448494444e-05,0.00030846326752516595,0.10989010989010989,True,0,1,0.0597,0.1158,0.081,0.03,0.0543,1.0,0.3408
100000001049200100,peripheral,R8c,0.5,19,0.3128,"вход 2 / выход 4, оборот 113 тыс ₸ — признаков роли нет",1,False,False,2.0,4.0,76624.0,36000.0,2.0,5.0,0.46982668615577367,7,1,6537.797421274766,0.00011823663196476333,0,0.0011795208267563184,0.0002996239878397914,0.0,True,1,1,0.0184,0.0906,0.0985,0.03,0.0543,1.0,0.2918
100000002662768100,peripheral,R8a,0.5,3,0.2267,"разовый входящий 84 тыс ₸ от 1 плательщика, дальше не отправлял; меньше 100 тыс ₸ — признаков роли нет",1,False,False,1.0,0.0,84300.0,0.0,1.0,0.0,0.0,1,1,84300.0,0.0015245727930012973,0,0.0,0.0003078242981353675,,True,0,1,0.0659,0.0801,0.0367,0.03,0.0148,1.0,0.2275
100000004737477100,transit,R4,0.65,1,0.4279,пропускает дальше 82% полученного (50 тыс ₸ → 40 тыс ₸); 37% ушло за ≤2 дн. — признаки транзита,1,False,False,2.0,1.0,49598.0,40500.0,3.0,3.0,0.8165651840800032,7,1,30143.48108349608,0.0005451474631820568,1,1.9549530448494444e-05,0.00029362621724889526,0.37037037037037035,True,0,1,0.0394,0.083,0.081,0.12,0.0543,1.0,0.3777
100000008680451100,peripheral,R8a,0.5,2,0.126,"разовый входящий 24 тыс ₸ от 1 плательщика, дальше не отправлял; меньше 100 тыс ₸ — признаков роли нет",1,False,False,1.0,0.0,23534.0,0.0,1.0,0.0,0.0,1,1,23534.0,0.00042561442598449024,0,0.0,0.00029180851487324756,,True,0,1,0.0348,0.036,0.0367,0.03,0.0148,1.0,0.1523
100000001952325100,peripheral,R8a,0.5,2,0.22,"разовый входящий 78 тыс ₸ от 1 плательщика, дальше не отправлял; меньше 100 тыс ₸ — признаков роли нет",1,False,False,1.0,0.0,77888.0,0.0,2.0,0.0,0.0,1,1,77888.0,0.0014086112182833338,1,0.0,0.0003032633286670789,,True,0,1,0.0633,0.0777,0.0367,0.03,0.0148,1.0,0.2225
100000008751429100,consolidator,R3,0.55,44,0.6756,"получает 386 тыс ₸ от 3 плательщиков, отдаёт дальше 19% полученного — признаки консолидации",1,False,False,3.0,1.0,386200.0,72600.0,6.0,2.0,0.1879854997410668,1,1,323094.5383965545,0.0058431926786085405,2,0.0,0.00152475286361168,1.0,True,1,2,0.129,0.1272,0.0367,0.255,0.0148,1.0,0.5627
100000001960517100,terminal,R6,0.56,10,0.408,"конечный получатель в выборке: получил 200 тыс ₸ от 1 плательщика, исходящих от 5 000 ₸ в банке не наблюдается",1,False,False,1.0,0.0,200000.0,0.0,1.0,0.0,0.0,2,1,200000.0,0.003617017302494181,0,0.0,0.00036081072150097776,,True,0,1,0.1015,0.1066,0.0367,0.09,0.0281,1.0,0.3629
100000008686234100,peripheral,R8a,0.5,1,0.2184,"разовый входящий 40 тыс ₸ от 1 плательщика, дальше не отправлял; меньше 100 тыс ₸ — признаков роли нет",1,False,False,1.0,0.0,39778.0,0.0,1.0,0.0,0.0,7,1,39778.0,0.0007193885712930676,0,0.0,0.0002943433520815065,,True,0,1,0.0453,0.055,0.0367,0.03,0.0543,1.0,0.2213
100000004213658100,peripheral,R8a,0.5,2,0.1334,"разовый входящий 25 тыс ₸ от 1 плательщика, дальше не отправлял; меньше 100 тыс ₸ — признаков роли нет",1,False,False,1.0,0.0,25347.0,0.0,1.0,0.0,0.0,1,1,25347.0,0.0004584026878316,0,0.0,0.0002921905948932685,,True,0,1,0.0361,0.0402,0.0367,0.03,0.0148,1.0,0.1578
100000001194266100,peripheral,R8a,0.5,3,0.2942,"разовый входящий 50 тыс ₸ от 1 плательщика, дальше не отправлял; меньше 100 тыс ₸ — признаков роли нет",1,False,False,1.0,0.0,50000.0,0.0,1.0,0.0,0.0,10,1,50000.0,0.0009042543256235452,0,0.0,0.00029690045230118767,,True,0,1,0.0508,0.0643,0.0367,0.03,0.0961,1.0,0.2779
100000002243354100,peripheral,R8a,0.5,2,0.1193,"разовый входящий 21 тыс ₸ от 1 плательщика, дальше не отправлял; меньше 100 тыс ₸ — признаков роли нет",1,False,False,1.0,0.0,20879.0,0.0,1.0,0.0,0.0,1,1,20879.0,0.00037759852129388,0,0.0,0.00029124898787205865,,True,0,1,0.0328,0.033,0.0367,0.03,0.0148,1.0,0.1473
100000006069103100,transit,R4,0.65,57,0.5588,пропускает дальше 118% полученного (229 тыс ₸ → 270 тыс ₸); 17% ушло за ≤2 дн. — признаки транзита,1,False,False,3.0,3.0,228818.0,270000.0,3.0,4.0,1.1799770997036947,7,1,127766.48441326471,0.0023106679240081575,0,5.905167444751414e-05,0.0011564584242151762,0.16666666666666666,True,1,1,0.0811,0.1293,0.0908,0.12,0.0543,1.0,0.4755
100000002760175100,terminal,R6,0.555,11,0.4753,"конечный получатель в выборке: получил 187 тыс ₸ от 1 плательщика, исходящих от 5 000 ₸ в банке не наблюдается",1,False,False,1.0,0.0,187410.0,0.0,1.0,0.0,0.0,8,1,187410.0,0.0033893260633021723,0,0.0,0.0003154087179697128,,True,0,1,0.0983,0.1042,0.0367,0.09,0.0839,1.0,0.4131
100000003567087100,peripheral,R8a,0.5,2,0.2038,"разовый входящий 62 тыс ₸ от 1 плательщика, дальше не отправлял; меньше 100 тыс ₸ — признаков роли нет",1,False,False,1.0,0.0,62115.0,0.0,1.0,0.0,0.0,1,1,62115.0,0.0011233551487221302,0,0.0,0.0002999392535673604,,True,0,1,0.0566,0.0723,0.0367,0.03,0.0148,1.0,0.2104
100000008229700100,peripheral,R8c,0.5,12,0.1909,"вход 1 / выход 1, оборот 31 тыс ₸ — признаков роли нет",1,False,False,1.0,1.0,23500.0,7200.0,1.0,1.0,0.30638297872340425,1,1,23500.0,0.00042499953304306624,0,2.0154155101540663e-07,0.00029076544004118823,0.0,True,0,1,0.0348,0.0476,0.0736,0.03,0.0148,1.0,0.2008
100000004076740100,peripheral,R8b,0.4,33,0.3798,отдаёт 134% от полученного в выборке (93 тыс ₸ → 125 тыс ₸): входящие извне не видны — признаков роли по данным недостаточно,1,False,False,3.0,6.0,93250.0,125000.0,5.0,10.0,1.3404825737265416,7,1,51662.10916501891,0.000934313713666083,1,0.0004426156735691908,0.0007445676652619175,0.184,True,2,1,0.0516,0.1087,0.0972,0.03,0.0543,1.0,0.3418
100000003284932100,peripheral,R8a,0.5,3,0.3205,"разовый входящий 70 тыс ₸ от 1 плательщика, дальше не отправлял; меньше 100 тыс ₸ — признаков роли нет",1,False,False,1.0,0.0,69925.0,0.0,1.0,0.0,0.0,10,1,69925.0,0.001264599674384528,0,0.0,0.0003009060155491684,,True,0,1,0.06,0.0747,0.0367,0.03,0.0961,1.0,0.2975
100000008071620100,peripheral,R8a,0.5,1,0.2313,"разовый входящий 47 тыс ₸ от 1 плательщика, дальше не отправлял; меньше 100 тыс ₸ — признаков роли нет",1,False,False,1.0,0.0,46968.0,0.0,1.0,0.0,0.0,7,1,46968.0,0.0008494203433177334,0,0.0,0.0002956980070443449,,True,0,1,0.0492,0.0607,0.0367,0.03,0.0543,1.0,0.2309
100000003235780100,terminal,R6,0.5,1,0.2996,"конечный получатель в выборке: получил 65 тыс ₸ от 2 плательщиков, исходящих от 5 000 ₸ в банке не наблюдается",1,False,False,2.0,0.0,65000.0,0.0,2.0,0.0,0.0,7,1,15042.32212905367,0.0002720416970523911,0,0.0,0.00029250275015301337,,True,0,1,0.0278,0.0731,0.0367,0.09,0.0543,1.0,0.2819
100000005363908100,transit,R4,0.85,46,0.2673,пропускает дальше 100% полученного (20 тыс ₸ → 20 тыс ₸); 100% ушло за ≤2 дн. — признаки транзита,1,False,False,1.0,1.0,19500.0,19500.0,1.0,1.0,1.0,1,1,19500.0,0.0003526591869931826,0,0.0,0.0003400226671203471,1.0,True,0,1,0.0317,0.0546,0.0367,0.12,0.0148,1.0,0.2578
100000001851289100,terminal,R6,0.508,4,0.3851,"конечный получатель в выборке: получил 110 тыс ₸ от 1 плательщика, исходящих от 5 000 ₸ в банке не наблюдается",1,False,False,1.0,0.0,109510.0,0.0,3.0,0.0,0.0,7,1,109510.0,0.0019804978239806887,1,0.0,0.00029867573639163255,,True,0,1,0.0751,0.0897,0.0367,0.09,0.0543,1.0,0.3458
100000002870937100,peripheral,R8a,0.5,9,0.2262,"разовый входящий 84 тыс ₸ от 1 плательщика, дальше не отправлял; меньше 100 тыс ₸ — признаков роли нет",1,False,False,1.0,0.0,83700.0,0.0,1.0,0.0,0.0,1,1,83700.0,0.0015137217410938148,0,0.0,0.00029166888130826126,,True,0,1,0.0657,0.0799,0.0367,0.03,0.0148,1.0,0.2271
100000002152857100,peripheral,R8b,0.4,10,0.3996,"отдаёт 1171% от полученного в выборке (105 тыс ₸ → 1,2 млн ₸): входящие извне не видны — признаков роли по данным недостаточно",1,False,False,1.0,5.0,105000.0,1230000.0,1.0,6.0,11.714285714285714,1,1,105000.0,0.001898934083809445,0,0.00031883873370637327,0.00030105075516609917,0.08536585365853659,True,0,1,0.0735,0.1417,0.0966,0.03,0.0148,1.0,0.3566
100000002600345100,terminal,R6,0.5,4,0.3203,"конечный получатель в выборке: получил 52 тыс ₸ от 2 плательщиков, исходящих от 5 000 ₸ в банке не наблюдается",1,False,False,2.0,0.0,52400.0,0.0,2.0,0.0,0.0,7,1,47480.35941240183,0.0008586864076164993,0,0.0,0.00029704373329486887,,True,0,1,0.0495,0.0669,0.0367,0.09,0.0543,1.0,0.2974
100000002580377100,peripheral,R8c,0.5,4,0.2793,"вход 1 / выход 1, оборот 43 тыс ₸ — признаков роли нет",1,False,False,1.0,1.0,37750.0,5000.0,2.0,1.0,0.13245033112582782,7,1,37750.0,0.0006827120158457767,1,1.9549530448494444e-05,0.00029092578370223775,0.0,True,0,1,0.0441,0.0574,0.081,0.03,0.0543,1.0,0.2668
100000004094958100,transit,R4,0.85,46,0.3655,пропускает дальше 103% полученного (39 тыс ₸ → 40 тыс ₸); 98% ушло за ≤2 дн. — признаки транзита,1,False,False,1.0,1.0,39000.0,40000.0,1.0,1.0,1.0256410256410255,1,1,39000.0,0.0007053183739863652,0,2.0154155101540663e-07,0.00039319648356555577,0.975,True,0,1,0.0448,0.0779,0.0736,0.12,0.0148,1.0,0.3311
100000002609774100,peripheral,R8b,0.4,8,0.2603,отдаёт 357% от полученного в выборке (8 тыс ₸ → 28 тыс ₸): входящие извне не видны — признаков роли по данным недостаточно,1,False,False,1.0,1.0,7700.0,27500.0,1.0,1.0,3.5714285714285716,7,1,7700.0,0.00013925516614602597,0,0.0002844926943874977,0.00028768043701444076,0.0,False,0,1,0.0199,0.052,0.0964,0.03,0.0543,1.0,0.2526
100000002596035100,terminal,R6,0.573,11,0.4979,"конечный получатель в выборке: получил 232 тыс ₸ от 1 плательщика, исходящих от 5 000 ₸ в банке не наблюдается",1,False,False,1.0,0.0,231570.0,0.0,1.0,0.0,0.0,8,1,231570.0,0.004187963483692887,0,0.0,0.0003221383681470161,,True,0,1,0.1092,0.1102,0.0367,0.09,0.0839,1.0,0.43
100000004664515100,peripheral,R8a,0.5,1,0.2152,"разовый входящий 38 тыс ₸ от 1 плательщика, дальше не отправлял; меньше 100 тыс ₸ — признаков роли нет",1,False,False,1.0,0.0,37691.0,0.0,1.0,0.0,0.0,7,1,37691.0,0.0006816449957415409,0,0.0,0.0002939501441667021,,True,0,1,0.0441,0.0538,0.0367,0.03,0.0543,1.0,0.2189
100000000661912100,consolidator,R3,0.603,1,0.7109,"получает 393 тыс ₸ от 5 плательщиков, отдаёт дальше 110% полученного — признаки консолидации",1,False,False,5.0,2.0,393036.0,430700.0,9.0,8.0,1.0958283719557496,7,1,38024.065936640676,0.0006876685220200446,2,0.001356539653161389,0.0017684681959515515,0.6342419317390295,True,1,2,0.0443,0.1367,0.0987,0.255,0.0543,1.0,0.589
100000004144536100,consolidator,R3,0.577,23,0.571,"получает 168 тыс ₸ от 4 плательщиков, отдаёт дальше 0% полученного — признаки консолидации",1,False,False,4.0,0.0,168000.0,0.0,6.0,0.0,0.0,1,1,113322.13971625571,0.0020494407005467994,1,0.0,0.0009726769407571354,,True,0,2,0.0764,0.1017,0.0367,0.255,0.0148,1.0,0.4846
100000006177176100,peripheral,R8a,0.5,4,0.1244,"разовый входящий 9 тыс ₸ от 1 плательщика, дальше не отправлял; меньше 100 тыс ₸ — признаков роли нет",1,False,False,1.0,0.0,8911.0,0.0,1.0,0.0,0.0,7,1,8911.0,0.00016115620591262823,0,0.0,0.0002878112228659856,,True,0,1,0.0214,0.0087,0.0367,0.03,0.0543,1.0,0.1511
100000002158488100,peripheral,R8a,0.5,2,0.1506,"разовый входящий 32 тыс ₸ от 1 плательщика, дальше не отправлял; меньше 100 тыс ₸ — признаков роли нет",1,False,False,1.0,0.0,31723.0,0.0,1.0,0.0,0.0,1,1,31723.0,0.0005737131994351145,0,0.0,0.00029353430267465473,,True,0,1,0.0404,0.0488,0.0367,0.03,0.0148,1.0,0.1707
100000000041368100,terminal,R6,0.541,3,0.4761,"конечный получатель в выборке: получил 160 тыс ₸ от 1 плательщика, исходящих от 5 000 ₸ в банке не наблюдается",1,False,False,1.0,0.0,160000.0,0.0,1.0,0.0,0.0,10,1,160000.0,0.0028936138419953447,0,0.0,0.0003190139758784962,,True,0,1,0.0908,0.1001,0.0367,0.09,0.0961,1.0,0.4137
100000008722328100,peripheral,R8a,0.5,2,0.1268,"разовый входящий 24 тыс ₸ от 1 плательщика, дальше не отправлял; меньше 100 тыс ₸ — признаков роли нет",1,False,False,1.0,0.0,23677.0,0.0,1.0,0.0,0.0,1,1,23677.0,0.0004282005933557736,0,0.0,0.00029183865135579747,,True,0,1,0.0349,0.0365,0.0367,0.03,0.0148,1.0,0.1529
100000008735384100,peripheral,R8a,0.5,2,0.1646,"разовый входящий 39 тыс ₸ от 1 плательщика, дальше не отправлял; меньше 100 тыс ₸ — признаков роли нет",1,False,False,1.0,0.0,39220.0,0.0,1.0,0.0,0.0,1,1,39220.0,0.0007092970930191089,0,0.0,0.0002951142551898763,,True,0,1,0.0449,0.0547,0.0367,0.03,0.0148,1.0,0.1811
100000004480280100,peripheral,R8b,0.4,3,0.4928,отдаёт 202% от полученного в выборке (147 тыс ₸ → 296 тыс ₸): входящие извне не видны — признаков роли по данным недостаточно,1,False,False,1.0,2.0,146694.0,295850.0,1.0,7.0,2.0167832358515003,10,1,146694.0,0.002652973680860407,0,3.632954408345218e-05,0.00031633904365377196,0.23998647963495015,True,0,1,0.0869,0.1258,0.0874,0.03,0.0961,1.0,0.4262
100000004286573100,peripheral,R8a,0.5,12,0.1035,"разовый входящий 17 тыс ₸ от 1 плательщика, дальше не отправлял; меньше 100 тыс ₸ — признаков роли нет",1,False,False,1.0,0.0,16590.0,0.0,1.0,0.0,0.0,1,1,16590.0,0.0003000315852418923,0,0.0,0.00028961379610419226,,True,0,1,0.0292,0.0248,0.0367,0.03,0.0148,1.0,0.1355
100000001746925100,peripheral,R8c,0.5,3,0.3956,"вход 1 / выход 1, оборот 70 тыс ₸ — признаков роли нет",1,False,False,1.0,1.0,65250.0,5000.0,1.0,1.0,0.07662835249042145,10,1,65250.0,0.0011800518949387265,0,0.00012092493060924399,0.00029996619079713274,0.0,False,0,1,0.058,0.0756,0.0939,0.03,0.0961,1.0,0.3536
100000001660397100,transit,R4,0.85,1,0.4433,пропускает дальше 101% полученного (49 тыс ₸ → 49 тыс ₸); 76% ушло за ≤2 дн. — признаки транзита,1,False,False,2.0,3.0,48600.0,49000.0,2.0,4.0,1.008230452674897,7,1,19494.889058721506,0.00035256675517800093,0,0.0005119177069132883,0.00029647040245110793,0.7551020408163265,True,1,1,0.0317,0.0858,0.0974,0.12,0.0543,1.0,0.3892
100000002591469100,terminal,R6,0.574,9,0.4075,"конечный получатель в выборке: получил 236 тыс ₸ от 1 плательщика, исходящих от 5 000 ₸ в банке не наблюдается",1,False,False,1.0,0.0,235670.0,0.0,1.0,0.0,0.0,1,1,235670.0,0.004262112338394018,0,0.0,0.00030042037539805447,,True,0,1,0.1102,0.1108,0.0367,0.09,0.0148,1.0,0.3625
100000002731501100,peripheral,R8b,0.4,23,0.3116,отдаёт 146% от полученного в выборке (570 тыс ₸ → 834 тыс ₸): входящие извне не видны — признаков роли по данным недостаточно,1,False,False,3.0,7.0,570370.0,833960.0,7.0,20.0,1.4621386117783193,1,1,12668.271899950869,0.0002291067932741156,1,4.534684897846649e-06,0.00048768656883344495,0.23981965561897453,True,2,3,0.0255,0.1423,0.0783,0.03,0.0148,1.0,0.2909
100000000089154100,distributor,R2,0.617,1,0.6195,"рассылает 426 тыс ₸ 15 получателям (21 переводов), плательщиков 1 — признаки веерной раздачи",1,False,False,1.0,15.0,10000.0,425500.0,1.0,21.0,42.55,7,1,10000.0,0.00018085086512470904,0,0.00011082142424807871,0.00028873293268186776,0.023501762632197415,True,1,1,0.0227,0.1254,0.0934,0.225,0.0543,1.0,0.5208
100000008732098100,peripheral,R8a,0.5,2,0.0999,"разовый входящий 16 тыс ₸ от 1 плательщика, дальше не отправлял; меньше 100 тыс ₸ — признаков роли нет",1,False,False,1.0,0.0,15677.0,0.0,1.0,0.0,0.0,1,1,15677.0,0.0002835199012560064,0,0.0,0.00029015269429006816,,True,0,1,0.0284,0.0229,0.0367,0.03,0.0148,1.0,0.1328
100000005456919100,transit,R4,0.65,44,0.4974,пропускает дальше 1% полученного (480 тыс ₸ → 5 тыс ₸); 100% ушло за ≤2 дн. — признаки транзита,1,False,False,2.0,1.0,479950.0,5000.0,10.0,1.0,0.010417751849150954,1,1,326558.19858522667,0.005905833272770478,2,0.0,0.0013880209367746214,1.0,True,1,2,0.1297,0.1284,0.0367,0.12,0.0148,1.0,0.4296
100000000507799100,peripheral,R8b,0.4,40,0.2059,отдаёт 156% от полученного в выборке (5 тыс ₸ → 8 тыс ₸): входящие извне не видны — признаков роли по данным недостаточно,1,False,False,1.0,1.0,5132.0,8000.0,1.0,1.0,1.558846453624318,7,1,5132.0,9.281266398200068e-05,0,0.00011729718269096666,0.0002874030975703721,0.0,True,0,1,0.0163,0.0177,0.0937,0.03,0.0543,1.0,0.212
100000008716439100,peripheral,R8a,0.5,2,0.0863,"разовый входящий 12 тыс ₸ от 1 плательщика, дальше не отправлял; меньше 100 тыс ₸ — признаков роли нет",1,False,False,1.0,0.0,12267.0,0.0,1.0,0.0,0.0,1,1,12267.0,0.0002218497562484806,0,0.0,0.00028943405509080104,,True,0,1,0.0251,0.0161,0.0367,0.03,0.0148,1.0,0.1227
100000002981527100,terminal,R6,0.545,9,0.3723,"конечный получатель в выборке: получил 168 тыс ₸ от 1 плательщика, исходящих от 5 000 ₸ в банке не наблюдается",1,False,False,1.0,0.0,168000.0,0.0,1.0,0.0,0.0,1,1,168000.0,0.003038294534095112,0,0.0,0.0003049679379452878,,True,0,1,0.093,0.1017,0.0367,0.09,0.0148,1.0,0.3362
100000002844652100,peripheral,R8a,0.5,9,0.2027,"разовый входящий 61 тыс ₸ от 1 плательщика, дальше не отправлял; меньше 100 тыс ₸ — признаков роли нет",1,False,False,1.0,0.0,61360.0,0.0,1.0,0.0,0.0,1,1,61360.0,0.0011097009084052147,0,0.0,0.00029038238806639786,,True,0,1,0.0562,0.0719,0.0367,0.03,0.0148,1.0,0.2096
100000002605548100,terminal,R6,0.513,11,0.4366,"конечный получатель в выборке: получил 117 тыс ₸ от 2 плательщиков, исходящих от 5 000 ₸ в банке не наблюдается",1,False,False,2.0,0.0,116695.0,0.0,2.0,0.0,0.0,10,1,94930.5584549849,0.0017168273623355782,0,0.0,0.00031573037452786804,,True,0,1,0.0699,0.0915,0.0367,0.09,0.0961,1.0,0.3842
100000002750956100,peripheral,R8a,0.5,1,0.233,"разовый входящий 47 тыс ₸ от 1 плательщика, дальше не отправлял; меньше 100 тыс ₸ — признаков роли нет",1,False,False,1.0,0.0,47416.0,0.0,1.0,0.0,0.0,7,1,47416.0,0.0008575224620753204,0,0.0,0.00029578241391824643,,True,0,1,0.0494,0.0618,0.0367,0.03,0.0543,1.0,0.2322
100000002982252100,peripheral,R8a,0.5,2,0.1184,"разовый входящий 20 тыс ₸ от 1 плательщика, дальше не отправлял; меньше 100 тыс ₸ — признаков роли нет",1,False,False,1.0,0.0,20320.0,0.0,1.0,0.0,0.0,1,1,20320.0,0.0003674889579334088,0,0.0,0.00029113118162209077,,True,0,1,0.0324,0.0327,0.0367,0.03,0.0148,1.0,0.1466
100000000961900100,terminal,R6,0.5,1,0.2847,"конечный получатель в выборке: получил 36 тыс ₸ от 2 плательщиков, исходящих от 5 000 ₸ в банке не наблюдается",1,False,False,2.0,0.0,36000.0,0.0,3.0,0.0,0.0,7,1,27007.04558651519,0.0004884247558783727,1,0.0,0.00029563555809140516,,True,0,1,0.0373,0.0525,0.0367,0.09,0.0543,1.0,0.2708
100000007175718100,peripheral,R8a,0.5,43,0.1153,"разовый входящий 20 тыс ₸ от 1 плательщика, дальше не отправлял; меньше 100 тыс ₸ — признаков роли нет",1,False,False,1.0,0.0,20000.0,0.0,1.0,0.0,0.0,1,1,20000.0,0.0003617017302494181,0,0.0,0.00030454130826954175,,True,0,1,0.0321,0.0307,0.0367,0.03,0.0148,1.0,0.1443
100000002306369100,peripheral,R8b,0.4,3,0.3996,отдаёт 357% от полученного в выборке (73 тыс ₸ → 261 тыс ₸): входящие извне не видны — признаков роли по данным недостаточно,1,False,False,1.0,6.0,73166.0,260900.0,1.0,9.0,3.5658639258672062,7,1,73166.0,0.0013232134397714462,0,7.145508825410446e-05,0.0003006339250855746,0.0,True,0,1,0.0614,0.1191,0.0918,0.03,0.0543,1.0,0.3566
100000000667713100,peripheral,R8c,0.5,4,0.4035,"вход 2 / выход 6, оборот 199 тыс ₸ — признаков роли нет",1,False,False,2.0,6.0,119495.0,79236.0,10.0,7.0,0.663090505878907,7,1,107665.44611978786,0.0019471389074801383,1,0.00014206922093968531,0.00032153406026379726,0.4726386995809985,True,1,1,0.0745,0.1059,0.0948,0.03,0.0543,1.0,0.3595
100000001072022100,consolidator,R3,0.55,3,0.8969,"получает 1,7 млн ₸ от 3 плательщиков, отдаёт дальше 0% полученного — признаки консолидации",1,False,False,3.0,0.0,1684000.0,0.0,6.0,0.0,0.0,10,1,747675.7122189713,0.013521779938753396,2,0.0,0.0005042792209937786,,True,0,2,0.1962,0.1439,0.0367,0.255,0.0961,1.0,0.7279
100000008116374100,peripheral,R8a,0.5,4,0.2026,"разовый входящий 31 тыс ₸ от 1 плательщика, дальше не отправлял; меньше 100 тыс ₸ — признаков роли нет",1,False,False,1.0,0.0,31284.0,0.0,1.0,0.0,0.0,7,1,31284.0,0.0005657738464561398,0,0.0,0.00029022746717367556,,True,0,1,0.0401,0.0484,0.0367,0.03,0.0543,1.0,0.2095
100000000703894100,peripheral,R8c,0.5,30,0.3205,"вход 1 / выход 1, оборот 155 тыс ₸ — признаков роли нет",1,False,False,1.0,1.0,120000.0,35000.0,1.0,1.0,0.2916666666666667,1,1,120000.0,0.0021702103814965085,0,6.046246530462199e-07,0.0004793879145561076,0.0,False,0,1,0.0786,0.0993,0.0748,0.03,0.0148,1.0,0.2975
100000008066326100,peripheral,R8a,0.5,1,0.165,"разовый входящий 19 тыс ₸ от 1 плательщика, дальше не отправлял; меньше 100 тыс ₸ — признаков роли нет",1,False,False,1.0,0.0,19320.0,0.0,1.0,0.0,0.0,7,1,19320.0,0.0003494038714209379,0,0.0,0.00029048889711213955,,True,0,1,0.0315,0.0289,0.0367,0.03,0.0543,1.0,0.1814
100000004662806100,transit,R4,0.65,12,0.5444,пропускает дальше 56% полученного (107 тыс ₸ → 60 тыс ₸); 98% ушло за ≤2 дн. — признаки транзита,1,False,False,2.0,2.0,106585.0,59900.0,2.0,3.0,0.5619927757189098,8,1,97587.04950072992,0.0017648702327174811,0,3.95021439990197e-05,0.0003068136044092031,0.9833889816360601,True,0,1,0.0709,0.1014,0.0885,0.12,0.0839,1.0,0.4647
100000005778283100,consolidator,R3,0.55,9,0.7916,"получает 616 тыс ₸ от 3 плательщиков, отдаёт дальше 0% полученного — признаки консолидации",1,False,False,3.0,0.0,615760.0,0.0,3.0,0.0,0.0,9,2,346463.8145880661,0.006265828060265854,0,0.0,0.00043949667177711104,,True,0,1,0.1336,0.1331,0.0367,0.255,0.0909,1.0,0.6493
100000004408683100,terminal,R6,0.511,4,0.3751,"конечный получатель в выборке: получил 113 тыс ₸ от 2 плательщиков, исходящих от 5 000 ₸ в банке не наблюдается",1,False,False,2.0,0.0,112919.68,0.0,3.0,0.0,0.0,7,1,86166.53521741855,0.0015583292438868855,1,0.0,0.00038701027103105775,,True,0,1,0.0666,0.0907,0.0367,0.09,0.0543,1.0,0.3383
100000002704875100,consolidator,R3,0.55,6,0.5892,"получает 245 тыс ₸ от 3 плательщиков, отдаёт дальше 0% полученного — признаки консолидации",1,False,False,3.0,0.0,244891.0,0.0,4.0,0.0,0.0,7,1,31420.991314048264,0.0005682513462221598,1,0.0,0.00031647299000806526,,True,0,1,0.0402,0.112,0.0367,0.255,0.0543,1.0,0.4982
100000008349675100,peripheral,R8c,0.5,9,0.253,"вход 1 / выход 1, оборот 83 тыс ₸ — признаков роли нет",1,False,False,1.0,1.0,46520.0,36650.0,1.0,2.0,0.7878331900257953,1,1,46520.0,0.0008413182245601465,0,2.0154155101540663e-07,0.00028952779721101507,0.504774897680764,True,0,1,0.049,0.0797,0.0736,0.03,0.0148,1.0,0.2471
100000006889963100,consolidator,R3,0.577,5,0.9289,"получает 1,4 млн ₸ от 4 плательщиков, отдаёт дальше 31% полученного — признаки консолидации",1,False,False,4.0,1.0,1431000.0,443475.8,6.0,3.0,0.30990621942697416,11,2,533172.2054049781,0.009642465460793937,2,2.5595776978956642e-05,0.0004291309761802344,1.0,True,0,4,0.1657,0.145,0.0869,0.255,0.0992,1.0,0.7518
100000008771819100,peripheral,R8a,0.5,2,0.164,"разовый входящий 39 тыс ₸ от 1 плательщика, дальше не отправлял; меньше 100 тыс ₸ — признаков роли нет",1,False,False,1.0,0.0,38900.0,0.0,1.0,0.0,0.0,1,1,38900.0,0.0007035098653351182,0,0.0,0.0002950468169072472,,True,0,1,0.0448,0.0544,0.0367,0.03,0.0148,1.0,0.1807
100000008586731100,peripheral,R8a,0.5,12,0.0855,"разовый входящий 12 тыс ₸ от 1 плательщика, дальше не отправлял; меньше 100 тыс ₸ — признаков роли нет",1,False,False,1.0,0.0,12000.0,0.0,1.0,0.0,0.0,1,1,12000.0,0.00021702103814965086,0,0.0,0.000288848811202483,,True,0,1,0.0249,0.0157,0.0367,0.03,0.0148,1.0,0.1221
100000005844459100,terminal,R6,0.577,1,0.4323,"конечный получатель в выборке: получил 243 тыс ₸ от 2 плательщиков, исходящих от 5 000 ₸ в банке не наблюдается",1,False,False,2.0,0.0,243400.0,0.0,2.0,0.0,0.0,7,1,151132.98106209547,0.002733253037395623,0,0.0,0.0003395717553947093,,True,0,1,0.0882,0.1118,0.0367,0.09,0.0543,1.0,0.381
100000008172352100,peripheral,R8b,0.4,34,0.4295,отдаёт 321% от полученного в выборке (90 тыс ₸ → 290 тыс ₸): входящие извне не видны — признаков роли по данным недостаточно,1,False,False,3.0,7.0,90265.0,289510.0,3.0,8.0,3.207333961114496,8,1,43109.08007016397,0.0007796314425419506,0,0.0001899327576769192,0.00037692105541289644,0.3117854305550758,True,0,2,0.0471,0.1224,0.0955,0.03,0.0839,1.0,0.3789
100000001162560100,distributor,R2,0.607,9,0.7201,"рассылает 2,9 млн ₸ 12 получателям (14 переводов), плательщиков 1 — признаки веерной раздачи",1,False,False,1.0,12.0,331300.0,2904398.0,2.0,14.0,8.76667069121642,1,1,331300.0,0.00599158916158161,1,3.0231232652310993e-06,0.00032258012217871294,0.059220533824909674,True,0,1,0.1306,0.1477,0.0778,0.225,0.0148,1.0,0.5959
100000008779584100,peripheral,R8a,0.5,2,0.15,"разовый входящий 31 тыс ₸ от 1 плательщика, дальше не отправлял; меньше 100 тыс ₸ — признаков роли нет",1,False,False,1.0,0.0,31400.0,0.0,1.0,0.0,0.0,1,1,31400.0,0.0005678717164915864,0,0.0,0.0002934662321581259,,True,0,1,0.0402,0.0485,0.0367,0.03,0.0148,1.0,0.1702
100000007631637100,peripheral,R8a,0.5,2,0.0983,"разовый входящий 15 тыс ₸ от 1 плательщика, дальше не отправлял; меньше 100 тыс ₸ — признаков роли нет",1,False,False,1.0,0.0,15341.0,0.0,1.0,0.0,0.0,1,1,15341.0,0.00027744331218781617,0,0.0,0.00029008188409330754,,True,0,1,0.0281,0.022,0.0367,0.03,0.0148,1.0,0.1316
100000007347733100,peripheral,R8a,0.5,50,0.1247,"разовый входящий 23 тыс ₸ от 1 плательщика, дальше не отправлял; меньше 100 тыс ₸ — признаков роли нет",1,False,False,1.0,0.0,23007.0,0.0,1.0,0.0,0.0,1,1,23007.0,0.0004160835853924181,0,0.0,0.00034722016242832873,,True,0,1,0.0344,0.0354,0.0367,0.03,0.0148,1.0,0.1513
100000001463701100,terminal,R6,0.659,11,0.5338,"конечный получатель в выборке: получил 621 тыс ₸ от 2 плательщиков, исходящих от 5 000 ₸ в банке не наблюдается",1,False,False,2.0,0.0,621000.0,0.0,2.0,0.0,0.0,8,1,248027.64181952964,0.00448560135979034,0,0.0,0.000574735494084051,,True,0,2,0.113,0.1332,0.0367,0.09,0.0839,1.0,0.4568
100000008664469100,peripheral,R8a,0.5,3,0.2405,"разовый входящий 25 тыс ₸ от 1 плательщика, дальше не отправлял; меньше 100 тыс ₸ — признаков роли нет",1,False,False,1.0,0.0,25000.0,0.0,1.0,0.0,0.0,10,1,25000.0,0.0004521271628117726,0,0.0,0.000291874651488163,,True,0,1,0.0359,0.0391,0.0367,0.03,0.0961,1.0,0.2378
100000003923946100,peripheral,R8b,0.4,10,0.4504,отдаёт 239% от полученного в выборке (282 тыс ₸ → 675 тыс ₸): входящие извне не видны — признаков роли по данным недостаточно,1,False,False,1.0,4.0,282000.0,675000.0,3.0,4.0,2.393617021276596,2,1,282000.0,0.005099994396516795,1,2.0154155101540663e-06,0.0003911350885395719,0.2992592592592593,True,1,1,0.1205,0.1386,0.0773,0.03,0.0281,1.0,0.3945
100000006562026100,terminal,R6,0.5,50,0.3154,"конечный получатель в выборке: получил 75 тыс ₸ от 2 плательщиков, исходящих от 5 000 ₸ в банке не наблюдается",1,False,False,2.0,0.0,75000.0,0.0,6.0,0.0,0.0,2,2,75000.0,0.0013563814884353178,2,0.0,0.0006883454950625159,,True,0,1,0.0622,0.0767,0.0367,0.09,0.0281,1.0,0.2937
100000008776298100,peripheral,R8a,0.5,2,0.1711,"разовый входящий 43 тыс ₸ от 1 плательщика, дальше не отправлял; меньше 100 тыс ₸ — признаков роли нет",1,False,False,1.0,0.0,42800.0,0.0,1.0,0.0,0.0,1,1,42800.0,0.0007740417027337547,0,0.0,0.00029586872097679017,,True,0,1,0.047,0.0575,0.0367,0.03,0.0148,1.0,0.186
100000006446271100,terminal,R6,0.5,3,0.396,"конечный получатель в выборке: получил 80 тыс ₸ от 2 плательщиков, исходящих от 5 000 ₸ в банке не наблюдается",1,False,False,2.0,0.0,80000.0,0.0,2.0,0.0,0.0,10,1,54469.32309874931,0.000985082420516611,0,0.0,0.0003153074301943812,,True,0,2,0.053,0.0781,0.0367,0.09,0.0961,1.0,0.3539
100000004588479100,terminal,R6,0.55,4,0.4305,"конечный получатель в выборке: получил 178 тыс ₸ от 1 плательщика, исходящих от 5 000 ₸ в банке не наблюдается",1,False,False,1.0,0.0,177633.0,0.0,2.0,0.0,0.0,7,1,177633.0,0.0032125081724697444,1,0.0,0.00030603289953348934,,True,0,1,0.0957,0.103,0.0367,0.09,0.0543,1.0,0.3797
100000002324543100,peripheral,R8a,0.5,9,0.1474,"разовый входящий 30 тыс ₸ от 1 плательщика, дальше не отправлял; меньше 100 тыс ₸ — признаков роли нет",1,False,False,1.0,0.0,30202.0,0.0,1.0,0.0,0.0,1,1,30202.0,0.0005462057828496462,0,0.0,0.0002901061880187875,,True,0,1,0.0394,0.0474,0.0367,0.03,0.0148,1.0,0.1683
100000007129492100,transit,R4,0.65,11,0.5101,пропускает дальше 73% полученного (51 тыс ₸ → 37 тыс ₸); 70% ушло за ≤2 дн. — признаки транзита,1,False,False,2.0,1.0,50990.0,37000.0,2.0,1.0,0.725632476956266,11,2,50990.0,0.0009221585612708914,0,2.5595776978956642e-05,0.0002958353310195967,0.7024324324324325,True,0,1,0.0513,0.0817,0.0869,0.12,0.0992,1.0,0.4391
100000003877908100,peripheral,R8a,0.5,3,0.2753,"разовый входящий 40 тыс ₸ от 1 плательщика, дальше не отправлял; меньше 100 тыс ₸ — признаков роли нет",1,False,False,1.0,0.0,40000.0,0.0,1.0,0.0,0.0,10,1,40000.0,0.0007234034604988362,0,0.0,0.0002948901319759778,,True,0,1,0.0454,0.0556,0.0367,0.03,0.0961,1.0,0.2638
100000002748180100,peripheral,R8b,0.4,13,0.298,отдаёт 6866% от полученного в выборке (10 тыс ₸ → 680 тыс ₸): входящие извне не видны — признаков роли по данным недостаточно,1,False,False,1.0,8.0,9900.0,679743.0,1.0,9.0,68.66090909090909,1,1,9900.0,0.00017904235647346197,0,8.666286693662486e-06,0.00028849881811019763,0.014564327988666305,True,0,1,0.0226,0.1345,0.0788,0.03,0.0148,1.0,0.2807
100000000945428100,peripheral,R8a,0.5,1,0.2852,"разовый входящий 90 тыс ₸ от 1 плательщика, дальше не отправлял; меньше 100 тыс ₸ — признаков роли нет",1,False,False,1.0,0.0,89629.0,0.0,1.0,0.0,0.0,7,1,89629.0,0.0016209482190262547,0,0.0,0.0003037356892932532,,True,0,1,0.0679,0.0823,0.0367,0.03,0.0543,1.0,0.2712
100000003115284100,consolidator,R3,0.683,11,1.0,"получает 2,2 млн ₸ от 8 плательщиков, отдаёт дальше 24% полученного — признаки консолидации",1,False,False,8.0,2.0,2160500.0,517000.0,15.0,4.0,0.23929645915297384,11,2,849633.5521629439,0.015365696294764801,5,0.00012999430040493728,0.0015347529278087768,0.9864603481624759,True,1,7,0.2092,0.1472,0.0943,0.255,0.0992,1.0,0.8049
100000005394708100,peripheral,R8b,0.4,20,0.2414,отдаёт 250% от полученного в выборке (26 тыс ₸ → 65 тыс ₸): входящие извне не видны — признаков роли по данным недостаточно,1,False,False,1.0,1.0,26000.0,65000.0,1.0,1.0,2.5,1,1,26000.0,0.0004702122493242435,0,2.0154155101540663e-07,0.00034671119749081356,0.4,True,0,1,0.0366,0.0835,0.0736,0.03,0.0148,1.0,0.2385
100000008747113100,terminal,R6,0.559,5,0.4544,"конечный получатель в выборке: получил 198 тыс ₸ от 2 плательщиков, исходящих от 5 000 ₸ в банке не наблюдается",1,False,False,2.0,0.0,197801.0,0.0,2.0,0.0,0.0,10,1,92716.76404038625,0.0016767906988267368,0,0.0,0.0003088857922381499,,True,0,2,0.0691,0.1056,0.0367,0.09,0.0961,1.0,0.3975
100000004491881100,peripheral,R8a,0.5,2,0.1048,"разовый входящий 17 тыс ₸ от 1 плательщика, дальше не отправлял; меньше 100 тыс ₸ — признаков роли нет",1,False,False,1.0,0.0,17144.0,0.0,1.0,0.0,0.0,1,1,17144.0,0.0003100507231698012,0,0.0,0.00029046185666699623,,True,0,1,0.0297,0.0253,0.0367,0.03,0.0148,1.0,0.1365
100000006008169100,peripheral,R8a,0.5,12,0.212,"разовый входящий 70 тыс ₸ от 1 плательщика, дальше не отправлял; меньше 100 тыс ₸ — признаков роли нет",1,False,False,1.0,0.0,70000.0,0.0,1.0,0.0,0.0,1,1,70000.0,0.0012659560558729633,0,0.0,0.0002985152870846486,,True,0,1,0.06,0.075,0.0367,0.03,0.0148,1.0,0.2165
100000002681449100,peripheral,R8b,0.4,38,0.3213,отдаёт 141% от полученного в выборке (95 тыс ₸ → 133 тыс ₸): входящие извне не видны — признаков роли по данным недостаточно,1,False,False,2.0,2.0,94638.0,133000.0,2.0,2.0,1.4053551427544961,7,1,12301.276040144272,0.00022246964139979467,0,1.794996199420444e-05,0.00029645812466344356,0.08947368421052632,True,0,1,0.0252,0.1095,0.0791,0.03,0.0543,1.0,0.2981
100000002645609100,consolidator,R3,0.577,1,0.6274,"получает 547 тыс ₸ от 4 плательщиков, отдаёт дальше 0% полученного — признаки консолидации",1,False,False,4.0,0.0,546820.6799999999,0.0,5.0,0.0,0.0,7,1,47480.2681677864,0.0008586847574497355,1,0.0,0.00035692526785594734,,True,0,1,0.0495,0.1312,0.0367,0.255,0.0543,1.0,0.5267
100000006369769100,peripheral,R8a,0.5,2,0.1664,"разовый входящий 40 тыс ₸ от 1 плательщика, дальше не отправлял; меньше 100 тыс ₸ — признаков роли нет",1,False,False,1.0,0.0,40000.0,0.0,1.0,0.0,0.0,1,1,40000.0,0.0007234034604988362,0,0.0,0.0002952786360037849,,True,0,1,0.0454,0.0556,0.0367,0.03,0.0148,1.0,0.1825
100000002173161100,consolidator,R3,0.55,4,0.9088,"получает 1,4 млн ₸ от 3 плательщиков, отдаёт дальше 0% полученного — признаки консолидации",1,False,False,3.0,0.0,1427500.0,0.0,5.0,0.0,0.0,9,1,870874.2448495268,0.01574983605958646,1,0.0,0.00043734980636124494,,True,0,2,0.2118,0.1424,0.0367,0.255,0.0909,1.0,0.7368
100000008686313100,transit,R4,0.65,1,0.6308,"пропускает дальше 17% полученного (1,9 млн ₸ → 334 тыс ₸); 71% ушло за ≤2 дн. — признаки транзита",1,False,False,6.0,7.0,1912716.0,333800.0,16.0,13.0,0.17451623764322566,7,1,233150.3042781716,0.004216543423279649,4,0.002018830542803389,0.00046965063948727754,0.7119832234871181,True,3,2,0.1096,0.1463,0.099,0.12,0.0543,1.0,0.5292
100000004692798100,peripheral,R8c,0.5,12,0.3689,"вход 2 / выход 1, оборот 255 тыс ₸ — признаков роли нет",1,False,False,2.0,1.0,240305.0,15000.0,4.0,2.0,0.06242067372713843,1,1,202974.8253478618,0.003670817276269753,1,2.0154155101540663e-07,0.0019344960727247715,0.3333333333333333,True,1,1,0.1023,0.113,0.0736,0.03,0.0148,1.0,0.3337
100000002939838100,consolidator,R3,0.55,4,0.7425,"получает 571 тыс ₸ от 3 плательщиков, отдаёт дальше 0% полученного — признаки консолидации",1,False,False,3.0,0.0,571233.0,0.0,3.0,0.0,0.0,10,1,167403.01100656515,0.0030274979365018497,0,0.0,0.0004017919755441816,,True,0,1,0.0929,0.1319,0.0367,0.255,0.0961,1.0,0.6126
100000003119550100,peripheral,R8a,0.5,2,0.1198,"разовый входящий 21 тыс ₸ от 1 плательщика, дальше не отправлял; меньше 100 тыс ₸ — признаков роли нет",1,False,False,1.0,0.0,21000.0,0.0,1.0,0.0,0.0,1,1,21000.0,0.000379786816761889,0,0.0,0.00029127448797267784,,True,0,1,0.0329,0.0333,0.0367,0.03,0.0148,1.0,0.1477
100000004315838100,peripheral,R8c,0.5,3,0.3545,"вход 2 / выход 1, оборот 68 тыс ₸ — признаков роли нет",1,False,False,2.0,1.0,50000.0,18000.0,2.0,1.0,0.36,10,1,25029.88405103751,0.00045266761846012905,0,2.4184986121848794e-05,0.00029268806861577944,0.0,False,0,1,0.0359,0.0744,0.0865,0.03,0.0961,1.0,0.3229
100000002671806100,peripheral,R8a,0.5,12,0.0872,"разовый входящий 12 тыс ₸ от 1 плательщика, дальше не отправлял; меньше 100 тыс ₸ — признаков роли нет",1,False,False,1.0,0.0,12440.0,0.0,1.0,0.0,0.0,1,1,12440.0,0.00022497847621513804,0,0.0,0.0002889221430884856,,True,0,1,0.0253,0.0165,0.0367,0.03,0.0148,1.0,0.1233
100000008716222100,peripheral,R8a,0.5,2,0.1088,"разовый входящий 18 тыс ₸ от 1 плательщика, дальше не отправлял; меньше 100 тыс ₸ — признаков роли нет",1,False,False,1.0,0.0,18000.0,0.0,1.0,0.0,0.0,1,1,18000.0,0.0003255315572244763,0,0.0,0.00029064225407302935,,True,0,1,0.0305,0.0275,0.0367,0.03,0.0148,1.0,0.1395
100000005496254100,peripheral,R8a,0.5,1,0.141,"разовый входящий 13 тыс ₸ от 1 плательщика, дальше не отправлял; меньше 100 тыс ₸ — признаков роли нет",1,False,False,1.0,0.0,12700.0,0.0,1.0,0.0,0.0,7,1,12700.0,0.0002296805987083805,0,0.0,0.00028924163482368465,,True,0,1,0.0256,0.0169,0.0367,0.03,0.0543,1.0,0.1635
100000004622227100,peripheral,R8c,0.5,1,0.2809,"вход 1 / выход 3, оборот 44 тыс ₸ — признаков роли нет",1,False,False,1.0,3.0,24931.0,19000.0,1.0,3.0,0.762103405398901,7,1,24931.0,0.0004508792918424121,0,4.866146516249831e-05,0.0002915460555261154,0.0,True,0,1,0.0358,0.0579,0.09,0.03,0.0543,1.0,0.268
100000000274067100,peripheral,R8b,0.4,52,0.4316,"отдаёт 573% от полученного в выборке (518 тыс ₸ → 3,0 млн ₸): входящие извне не видны — признаков роли по данным недостаточно",1,False,False,2.0,3.0,517704.0,2969000.0,9.0,9.0,5.734937338710924,1,1,242174.28849756462,0.004379742958574543,1,1.2092493060924398e-06,0.00041549935687245086,0.07500976759851802,True,1,1,0.1117,0.148,0.076,0.03,0.0148,1.0,0.3805
100000008782056100,peripheral,R8a,0.5,2,0.143,"разовый входящий 29 тыс ₸ от 1 плательщика, дальше не отправлял; меньше 100 тыс ₸ — признаков роли нет",1,False,False,1.0,0.0,29082.0,0.0,1.0,0.0,0.0,1,1,29082.0,0.0005259504859556789,0,0.0,0.0002929777260983308,,True,0,1,0.0387,0.0448,0.0367,0.03,0.0148,1.0,0.165
100000006788200100,peripheral,R8c,0.5,10,0.4127,"вход 4 / выход 3, оборот 337 тыс ₸ — признаков роли нет",1,False,False,4.0,3.0,272155.8,64500.0,4.0,4.0,0.23699660268125833,7,1,94672.95772829493,0.0017121686309077148,0,9.855381844653384e-05,0.00033865826134583124,0.0,True,0,1,0.0698,0.1192,0.0931,0.03,0.0543,1.0,0.3664
100000001164648100,terminal,R6,0.5,8,0.213,"конечный получатель в выборке: получил 14 тыс ₸ от 2 плательщиков, исходящих от 5 000 ₸ в банке не наблюдается",1,False,False,2.0,0.0,13660.0,0.0,2.0,0.0,0.0,7,1,6400.351274675625,0.00011575090651271211,0,0.0,0.0002914417567020068,,True,0,1,0.0182,0.0181,0.0367,0.09,0.0543,1.0,0.2173
100000005133757100,terminal,R6,0.5,6,0.3664,"конечный получатель в выборке: получил 65 тыс ₸ от 2 плательщиков, исходящих от 5 000 ₸ в банке не наблюдается",1,False,False,2.0,0.0,65000.0,0.0,2.0,0.0,0.0,10,1,25066.84906971015,0.0004533361340207589,0,0.0,0.00030074590188942354,,True,0,1,0.0359,0.0731,0.0367,0.09,0.0961,1.0,0.3318
100000006445501100,peripheral,R8a,0.5,11,0.3273,"разовый входящий 91 тыс ₸ от 1 плательщика, дальше не отправлял; меньше 100 тыс ₸ — признаков роли нет",1,False,False,1.0,0.0,91000.0,0.0,1.0,0.0,0.0,8,1,91000.0,0.0016457428726348524,0,0.0,0.0003007165627705776,,True,0,1,0.0685,0.0835,0.0367,0.03,0.0839,1.0,0.3026
100000004390333100,peripheral,R8b,0.4,1,0.404,отдаёт 785% от полученного в выборке (65 тыс ₸ → 506 тыс ₸): входящие извне не видны — признаков роли по данным недостаточно,1,False,False,2.0,9.0,64558.0,506500.0,2.0,14.0,7.845658167849066,7,1,45766.91904562225,0.0008276986903493307,0,0.00016112902413035324,0.0002965323541047171,0.12745903257650543,True,1,1,0.0486,0.1319,0.0951,0.03,0.0543,1.0,0.3599
100000001641789100,peripheral,R8a,0.5,10,0.2209,"разовый входящий 18 тыс ₸ от 1 плательщика, дальше не отправлял; меньше 100 тыс ₸ — признаков роли нет",1,False,False,1.0,0.0,17826.0,0.0,1.0,0.0,0.0,11,1,17826.0,0.00032238475217130635,0,0.0,0.0004914067816530845,,True,0,1,0.0303,0.027,0.0367,0.03,0.0992,1.0,0.2232
100000000968253100,peripheral,R8a,0.5,2,0.0963,"разовый входящий 15 тыс ₸ от 1 плательщика, дальше не отправлял; меньше 100 тыс ₸ — признаков роли нет",1,False,False,1.0,0.0,15000.0,0.0,1.0,0.0,0.0,1,1,15000.0,0.00027127629768706357,0,0.0,0.0002900100201733808,,True,0,1,0.0278,0.0208,0.0367,0.03,0.0148,1.0,0.1301
100000001527186100,consolidator,R3b,0.612,3,0.8716,"сюда дошло 678 тыс ₸ денег курьеров (1% от всех) от 1 плательщика, дальше ушло 0% — признаки консолидации",1,False,False,1.0,0.0,678000.0,0.0,2.0,0.0,0.0,10,1,678000.0,0.012261688655455273,1,0.0,0.0004231485687243672,,True,0,1,0.1869,0.1343,0.0367,0.255,0.0961,1.0,0.709
100000005852946100,peripheral,R8a,0.5,3,0.2362,"разовый входящий 24 тыс ₸ от 1 плательщика, дальше не отправлял; меньше 100 тыс ₸ — признаков роли нет",1,False,False,1.0,0.0,23746.0,0.0,1.0,0.0,0.0,10,1,23746.0,0.0004294484643251341,0,0.0,0.00029162255731938173,,True,0,1,0.035,0.0368,0.0367,0.03,0.0961,1.0,0.2346
100000001530983100,peripheral,R8b,0.4,4,0.5515,"отдаёт 324% от полученного в выборке (564 тыс ₸ → 1,8 млн ₸): входящие извне не видны — признаков роли по данным недостаточно",1,False,False,4.0,11.0,564158.0,1829538.0,4.0,17.0,3.24295321523403,7,2,393442.95280920825,0.007115449839276538,0,0.00033776124599615314,0.00035767381242849576,0.15648212827500713,True,0,1,0.1424,0.1464,0.0969,0.03,0.0543,1.0,0.47
100000008221543100,terminal,R6,0.647,17,0.3845,"конечный получатель в выборке: получил 542 тыс ₸ от 2 плательщиков, исходящих от 5 000 ₸ в банке не наблюдается",1,False,False,2.0,0.0,542000.0,0.0,2.0,0.0,0.0,7,1,21283.50765528945,0.00038491407723474647,0,0.0,0.00037311805907859366,,True,0,1,0.0331,0.1312,0.0367,0.09,0.0543,1.0,0.3453
100000001937767100,peripheral,R8b,0.4,15,0.4809,"отдаёт 3647% от полученного в выборке (53 тыс ₸ → 1,9 млн ₸): входящие извне не видны — признаков роли по данным недостаточно",1,False,False,1.0,4.0,53000.0,1933000.0,1.0,6.0,36.471698113207545,11,1,53000.0,0.000958509585160958,0,5.7671286722446814e-05,0.0008950374707711298,0.027418520434557683,True,1,1,0.0523,0.1455,0.0903,0.03,0.0992,1.0,0.4173
100000002462183100,terminal,R6,0.506,43,0.3308,"конечный получатель в выборке: получил 108 тыс ₸ от 1 плательщика, исходящих от 5 000 ₸ в банке не наблюдается",1,False,False,1.0,0.0,107500.0,0.0,3.0,0.0,0.0,1,1,107500.0,0.0019441468000906223,1,0.0,0.00038194581024505656,,True,0,1,0.0744,0.0893,0.0367,0.09,0.0148,1.0,0.3052
100000001805543100,peripheral,R8a,0.5,4,0.2523,"разовый входящий 59 тыс ₸ от 1 плательщика, дальше не отправлял; меньше 100 тыс ₸ — признаков роли нет",1,False,False,1.0,0.0,59000.0,0.0,1.0,0.0,0.0,7,1,59000.0,0.0010670201042357833,0,0.0,0.00029322074600226063,,True,0,1,0.0551,0.0705,0.0367,0.03,0.0543,1.0,0.2466
100000002606567100,peripheral,R8b,0.4,1,0.2789,отдаёт 376% от полученного в выборке (14 тыс ₸ → 53 тыс ₸): входящие извне не видны — признаков роли по данным недостаточно,1,False,False,1.0,1.0,14095.0,53000.0,1.0,1.0,3.7601986520042567,7,1,14095.0,0.0002549092943932774,0,1.9549530448494444e-05,0.0002895044642636235,0.0,False,0,1,0.0269,0.0743,0.081,0.03,0.0543,1.0,0.2665
100000007281639100,terminal,R6,0.567,4,0.4271,"конечный получатель в выборке: получил 217 тыс ₸ от 2 плательщиков, исходящих от 5 000 ₸ в банке не наблюдается",1,False,False,2.0,0.0,216770.0,0.0,4.0,0.0,0.0,7,1,148934.04618219603,0.002693485109857352,2,0.0,0.00032501112029930524,,True,0,1,0.0876,0.1085,0.0367,0.09,0.0543,1.0,0.3771
100000002991079100,transit,R4,0.65,4,0.4733,пропускает дальше 7% полученного (149 тыс ₸ → 11 тыс ₸); 100% ушло за ≤2 дн. — признаки транзита,1,False,False,2.0,1.0,148900.0,11000.0,3.0,1.0,0.07387508394895903,7,1,54877.30981878376,0.0009924608956443733,1,2.0154155101540664e-05,0.0003969046113959717,1.0,True,0,1,0.0532,0.0999,0.0842,0.12,0.0543,1.0,0.4116
100000002847207100,peripheral,R8a,0.5,3,0.286,"разовый входящий 46 тыс ₸ от 1 плательщика, дальше не отправлял; меньше 100 тыс ₸ — признаков роли нет",1,False,False,1.0,0.0,46243.0,0.0,1.0,0.0,0.0,10,1,46243.0,0.000836308655596192,0,0.0,0.0002961451749550063,,True,0,1,0.0488,0.0602,0.0367,0.03,0.0961,1.0,0.2718
100000000011452100,consolidator,R3,0.55,1,0.6495,"получает 110 тыс ₸ от 3 плательщиков, отдаёт дальше 15% полученного — признаки консолидации",1,False,False,3.0,1.0,110000.0,16685.0,7.0,2.0,0.1516818181818182,7,1,76085.86210031732,0.0013760193984601698,2,3.426206367261913e-06,0.0004826915112101829,1.0,True,1,1,0.0626,0.0934,0.0779,0.255,0.0543,1.0,0.5432
100000003148220100,peripheral,R8b,0.4,58,0.1884,отдаёт 768% от полученного в выборке (6 тыс ₸ → 43 тыс ₸): входящие извне не видны — признаков роли по данным недостаточно,1,False,False,1.0,2.0,5650.0,43400.0,1.0,4.0,7.68141592920354,1,1,5650.0,0.00010218073879546061,0,4.0308310203081327e-07,0.0009218677970301556,0.13018433179723501,True,1,1,0.0171,0.0628,0.0742,0.03,0.0148,1.0,0.1989
100000002479804100,peripheral,R8c,0.5,3,0.2558,"вход 1 / выход 2, оборот 81 тыс ₸ — признаков роли нет",1,False,False,1.0,2.0,46000.0,35300.0,1.0,2.0,0.7673913043478261,1,1,46000.0,0.0008319139795736616,0,1.8138739591386597e-06,0.00029829452781832393,0.6515580736543909,True,0,1,0.0487,0.0786,0.0771,0.03,0.0148,1.0,0.2492
100000008745489100,peripheral,R8a,0.5,2,0.1956,"разовый входящий 56 тыс ₸ от 1 плательщика, дальше не отправлял; меньше 100 тыс ₸ — признаков роли нет",1,False,False,1.0,0.0,55539.0,0.0,1.0,0.0,0.0,1,1,55539.0,0.0010044276198161216,0,0.0,0.0002985533968593309,,True,0,1,0.0535,0.0693,0.0367,0.03,0.0148,1.0,0.2043
100000002289937100,peripheral,R8a,0.5,2,0.1153,"разовый входящий 20 тыс ₸ от 1 плательщика, дальше не отправлял; меньше 100 тыс ₸ — признаков роли нет",1,False,False,1.0,0.0,20000.0,0.0,1.0,0.0,0.0,1,1,20000.0,0.0003617017302494181,0,0.0,0.00029106374333946164,,True,0,1,0.0321,0.0307,0.0367,0.03,0.0148,1.0,0.1443
100000004679953100,peripheral,R8c,0.5,6,0.3905,"вход 3 / выход 3, оборот 378 тыс ₸ — признаков роли нет",1,False,False,3.0,3.0,343538.0,34100.0,3.0,3.0,0.09926121709970949,7,1,41210.60239485048,0.0007452973095419115,0,0.0003602843409147677,0.00033574399052437904,0.624633431085044,True,0,2,0.0461,0.1223,0.0971,0.03,0.0543,1.0,0.3498
100000003066385100,terminal,R6,0.5,1,0.2359,"конечный получатель в выборке: получил 20 тыс ₸ от 2 плательщиков, исходящих от 5 000 ₸ в банке не наблюдается",1,False,False,2.0,0.0,20000.0,0.0,2.0,0.0,0.0,7,1,10007.82842946132,0.00018099244294877382,0,0.0,0.000292843694901976,,True,0,1,0.0227,0.0307,0.0367,0.09,0.0543,1.0,0.2344
100000008744849100,peripheral,R8a,0.5,2,0.1733,"разовый входящий 44 тыс ₸ от 1 плательщика, дальше не отправлял; меньше 100 тыс ₸ — признаков роли нет",1,False,False,1.0,0.0,44445.0,0.0,1.0,0.0,0.0,1,1,44445.0,0.0008037916700467694,0,0.0,0.00029621539589843075,,True,0,1,0.0478,0.0583,0.0367,0.03,0.0148,1.0,0.1876
100000005093521100,peripheral,R8a,0.5,3,0.2066,"разовый входящий 15 тыс ₸ от 1 плательщика, дальше не отправлял; меньше 100 тыс ₸ — признаков роли нет",1,False,False,1.0,0.0,15200.0,0.0,1.0,0.0,0.0,10,1,15200.0,0.0002748933149895577,0,0.0,0.0002899045375694574,,True,0,1,0.028,0.0217,0.0367,0.03,0.0961,1.0,0.2125
100000006518161100,transit,R4,0.65,4,0.6898,пропускает дальше 100% полученного (594 тыс ₸ → 596 тыс ₸); 50% ушло за ≤2 дн. — признаки транзита,1,False,False,3.0,2.0,594200.0,595899.0,13.0,13.0,1.002859306630764,7,1,543566.1156957584,0.009830440227605559,2,5.885013289649874e-05,0.0008142086253494286,0.5007543224606854,True,1,2,0.1673,0.141,0.0907,0.12,0.0543,1.0,0.5733
100000001126374100,consolidator,R3,0.577,1,0.643,"получает 182 тыс ₸ от 4 плательщиков, отдаёт дальше 16% полученного — признаки консолидации",1,False,False,4.0,2.0,182500.0,29200.0,7.0,4.0,0.16,7,1,20351.913666984758,0.00036806611936175833,2,3.9905227101050515e-05,0.0003148952571233323,0.7431506849315068,True,0,1,0.0324,0.1078,0.0888,0.255,0.0543,1.0,0.5383
100000004509286100,peripheral,R8a,0.5,3,0.2753,"разовый входящий 40 тыс ₸ от 1 плательщика, дальше не отправлял; меньше 100 тыс ₸ — признаков роли нет",1,False,False,1.0,0.0,40000.0,0.0,1.0,0.0,0.0,10,1,40000.0,0.0007234034604988362,0,0.0,0.0002948901319759778,,True,0,1,0.0454,0.0556,0.0367,0.03,0.0961,1.0,0.2638
100000005056870100,peripheral,R8a,0.5,43,0.1153,"разовый входящий 20 тыс ₸ от 1 плательщика, дальше не отправлял; меньше 100 тыс ₸ — признаков роли нет",1,False,False,1.0,0.0,20000.0,0.0,1.0,0.0,0.0,1,1,20000.0,0.0003617017302494181,0,0.0,0.00030454130826954175,,True,0,1,0.0321,0.0307,0.0367,0.03,0.0148,1.0,0.1443
100000008708368100,peripheral,R8a,0.5,2,0.1268,"разовый входящий 24 тыс ₸ от 1 плательщика, дальше не отправлял; меньше 100 тыс ₸ — признаков роли нет",1,False,False,1.0,0.0,23677.0,0.0,1.0,0.0,0.0,1,1,23677.0,0.0004282005933557736,0,0.0,0.00029183865135579747,,True,0,1,0.0349,0.0365,0.0367,0.03,0.0148,1.0,0.1529
100000005895525100,terminal,R6,0.516,43,0.3405,"конечный получатель в выборке: получил 120 тыс ₸ от 1 плательщика, исходящих от 5 000 ₸ в банке не наблюдается",1,False,False,1.0,0.0,120000.0,0.0,3.0,0.0,0.0,1,1,120000.0,0.0021702103814965085,1,0.0,0.0003930035962415586,,True,0,1,0.0786,0.0924,0.0367,0.09,0.0148,1.0,0.3125
100000008716773100,peripheral,R8a,0.5,2,0.0999,"разовый входящий 16 тыс ₸ от 1 плательщика, дальше не отправлял; меньше 100 тыс ₸ — признаков роли нет",1,False,False,1.0,0.0,15677.0,0.0,1.0,0.0,0.0,1,1,15677.0,0.0002835199012560064,0,0.0,0.00029015269429006816,,True,0,1,0.0284,0.0229,0.0367,0.03,0.0148,1.0,0.1328
100000002778085100,peripheral,R8a,0.5,4,0.261,"разовый входящий 66 тыс ₸ от 1 плательщика, дальше не отправлял; меньше 100 тыс ₸ — признаков роли нет",1,False,False,1.0,0.0,66208.0,0.0,1.0,0.0,0.0,7,1,66208.0,0.0011973774078176736,0,0.0,0.00029399919721442836,,True,0,1,0.0584,0.0737,0.0367,0.03,0.0543,1.0,0.2531
100000007055802100,consolidator,R3,0.63,1,0.7913,"получает 2,0 млн ₸ от 6 плательщиков, отдаёт дальше 30% полученного — признаки консолидации",1,False,False,6.0,1.0,2024999.0,605000.0,34.0,7.0,0.29876557963732325,7,1,254676.85517649658,0.004605852958590964,5,4.4339141223389455e-06,0.0011867330774222946,0.6743801652892562,True,1,4,0.1145,0.1471,0.0782,0.255,0.0543,1.0,0.6491
100000003071930100,consolidator,R3,0.55,9,0.813,"получает 478 тыс ₸ от 3 плательщиков, отдаёт дальше 1% полученного — признаки консолидации",1,False,False,3.0,1.0,477610.0,5000.0,4.0,1.0,0.010468792529469651,8,1,228378.23819967237,0.004130240195406762,1,4.353297501932783e-05,0.0003499148355129672,1.0,True,0,1,0.1085,0.1282,0.0897,0.255,0.0839,1.0,0.6653
100000002941114100,transit,R4,0.65,11,0.4884,пропускает дальше 12% полученного (129 тыс ₸ → 15 тыс ₸); 100% ушло за ≤2 дн. — признаки транзита,1,False,False,2.0,1.0,128510.0,15000.0,15.0,1.0,0.11672243405182477,8,1,28303.673685137874,0.0005118743872164647,1,2.096032130560229e-05,0.0018398734161550532,1.0,True,1,2,0.0382,0.0958,0.085,0.12,0.0839,1.0,0.4229
100000003888271100,peripheral,R8b,0.4,47,0.1871,отдаёт 210% от полученного в выборке (12 тыс ₸ → 26 тыс ₸): входящие извне не видны — признаков роли по данным недостаточно,1,False,False,1.0,2.0,12177.0,25590.0,2.0,3.0,2.10150283321015,1,1,12177.0,0.0002202220984623582,1,4.0308310203081327e-07,0.00029268831446974553,0.25791324736225085,True,1,1,0.025,0.0539,0.0742,0.03,0.0148,1.0,0.1979
100000007507343100,terminal,R6,0.614,51,0.4596,"конечный получатель в выборке: получил 370 тыс ₸ от 1 плательщика, исходящих от 5 000 ₸ в банке не наблюдается",1,False,False,1.0,0.0,370000.0,0.0,1.0,0.0,0.0,1,1,370000.0,0.006691482009614235,0,0.0,0.0006455234397126382,,True,0,1,0.1381,0.1218,0.0367,0.09,0.0148,1.0,0.4014
100000008002020100,peripheral,R8c,0.5,12,0.2791,"вход 1 / выход 1, оборот 91 тыс ₸ — признаков роли нет",1,False,False,1.0,1.0,73860.0,17000.0,1.0,1.0,0.23016517736257786,1,1,73860.0,0.001335764489811101,0,1.612332408123253e-06,0.0002991586077209444,0.0,True,0,1,0.0617,0.0833,0.0768,0.03,0.0148,1.0,0.2666
100000001872484100,peripheral,R8c,0.5,55,0.5563,"вход 1 / выход 3, оборот 1,4 млн ₸ — признаков роли нет",1,False,False,1.0,3.0,871400.0,514580.0,13.0,9.0,0.5905210006885472,1,1,871400.0,0.015759344386967147,1,6.046246530462199e-07,0.002310623959101203,0.1542617280111936,True,1,1,0.2119,0.1421,0.0748,0.03,0.0148,1.0,0.4736
100000008769636100,peripheral,R8a,0.5,2,0.1249,"разовый входящий 23 тыс ₸ от 1 плательщика, дальше не отправлял; меньше 100 тыс ₸ — признаков роли нет",1,False,False,1.0,0.0,23118.0,0.0,1.0,0.0,0.0,1,1,23118.0,0.00041809102999530235,0,0.0,0.00029172084510582964,,True,0,1,0.0345,0.0355,0.0367,0.03,0.0148,1.0,0.1515
100000004135268100,transit,R4,0.85,51,0.7346,"пропускает дальше 81% полученного (1,2 млн ₸ → 1,0 млн ₸); 85% ушло за ≤2 дн. — признаки транзита",1,False,False,2.0,3.0,1239000.0,1000200.0,3.0,4.0,0.8072639225181598,1,1,1210778.8390889051,0.021897040052391938,1,1.2092493060924398e-06,0.0017518525045470586,0.8498300339932013,True,2,1,0.2497,0.1462,0.076,0.12,0.0148,1.0,0.6067
100000005316708100,peripheral,R8b,0.4,10,0.3357,отдаёт 286% от полученного в выборке (90 тыс ₸ → 258 тыс ₸): входящие извне не видны — признаков роли по данным недостаточно,1,False,False,1.0,2.0,90000.0,257500.0,1.0,4.0,2.861111111111111,1,1,90000.0,0.0016276577861223814,0,1.2092493060924398e-06,0.0002990219116673905,0.0,False,0,1,0.0681,0.12,0.076,0.03,0.0148,1.0,0.3089
100000008671929100,peripheral,R8a,0.5,3,0.3261,"разовый входящий 75 тыс ₸ от 1 плательщика, дальше не отправлял; меньше 100 тыс ₸ — признаков роли нет",1,False,False,1.0,0.0,75000.0,0.0,2.0,0.0,0.0,10,1,75000.0,0.0013563814884353178,1,0.0,0.0003019262531142123,,True,0,1,0.0622,0.0767,0.0367,0.03,0.0961,1.0,0.3017
100000005287097100,peripheral,R8b,0.4,4,0.4509,отдаёт 548% от полученного в выборке (127 тыс ₸ → 697 тыс ₸): входящие извне не видны — признаков роли по данным недостаточно,1,False,False,2.0,9.0,127173.0,697300.0,5.0,42.0,5.483082100760382,7,1,111178.99913569048,0.0020106818177388903,1,0.000796639145710943,0.00030406133800166924,0.14623978201634877,True,2,1,0.0757,0.1369,0.098,0.03,0.0543,1.0,0.3949
100000007283257100,terminal,R6,0.557,63,0.3854,"конечный получатель в выборке: получил 192 тыс ₸ от 1 плательщика, исходящих от 5 000 ₸ в банке не наблюдается",1,False,False,1.0,0.0,192000.0,0.0,7.0,0.0,0.0,1,1,192000.0,0.0034723366103944137,1,0.0,0.00039079015526270175,,True,0,1,0.0994,0.1051,0.0367,0.09,0.0148,1.0,0.346
100000004847758100,distributor,R2,0.617,1,0.6482,"рассылает 489 тыс ₸ 15 получателям (23 переводов), плательщиков 4 — признаки веерной раздачи",1,False,False,4.0,15.0,115171.0,488800.0,4.0,23.0,4.244123954815014,7,1,19047.02142075994,0.00034446703019932996,0,0.0013818647766974878,0.0003061000772998295,0.1214954991816694,True,1,1,0.0313,0.1329,0.0987,0.225,0.0543,1.0,0.5422
100000008737422100,peripheral,R8a,0.5,2,0.2191,"разовый входящий 77 тыс ₸ от 1 плательщика, дальше не отправлял; меньше 100 тыс ₸ — признаков роли нет",1,False,False,1.0,0.0,76903.0,0.0,1.0,0.0,0.0,1,1,76903.0,0.00139079740806855,0,0.0,0.00030305574520336103,,True,0,1,0.0629,0.0774,0.0367,0.03,0.0148,1.0,0.2218
100000008555918100,peripheral,R8c,0.5,3,0.4635,"вход 1 / выход 2, оборот 183 тыс ₸ — признаков роли нет",1,False,False,1.0,2.0,139211.0,43300.0,1.0,2.0,0.3110386391879952,10,1,139211.0,0.002517642978487587,0,4.836997224369759e-05,0.0003148347209544174,0.0,False,0,1,0.0847,0.1036,0.0899,0.03,0.0961,1.0,0.4043
100000008094734100,consolidator,R3,0.577,1,0.7091,"получает 236 тыс ₸ от 4 плательщиков, отдаёт дальше 0% полученного — признаки консолидации",1,False,False,4.0,0.0,236249.0,0.0,4.0,0.0,0.0,8,2,198793.70829751107,0.0035952014126953927,0,0.0,0.00034565667449792524,,True,0,1,0.1012,0.1109,0.0367,0.255,0.0839,1.0,0.5877
100000006952718100,peripheral,R8a,0.5,4,0.2669,"разовый входящий 71 тыс ₸ от 1 плательщика, дальше не отправлял; меньше 100 тыс ₸ — признаков роли нет",1,False,False,1.0,0.0,71489.0,0.0,1.0,0.0,0.0,7,1,71489.0,0.0012928847496900325,0,0.0,0.00029456953584531875,,True,0,1,0.0607,0.0758,0.0367,0.03,0.0543,1.0,0.2575
100000005339662100,peripheral,R8b,0.4,16,0.407,отдаёт 145% от полученного в выборке (203 тыс ₸ → 295 тыс ₸): входящие извне не видны — признаков роли по данным недостаточно,1,False,False,4.0,4.0,202939.0,295160.0,9.0,15.0,1.4544271924075707,7,1,56496.93704073075,0.0010217519940712376,1,0.00014201677869060477,0.00166716269738381,0.4359499932240141,True,2,2,0.0539,0.1292,0.0947,0.03,0.0543,1.0,0.3621
100000001716579100,peripheral,R8a,0.5,2,0.0916,"разовый входящий 14 тыс ₸ от 1 плательщика, дальше не отправлял; меньше 100 тыс ₸ — признаков роли нет",1,False,False,1.0,0.0,13916.0,0.0,1.0,0.0,0.0,1,1,13916.0,0.0002516720639075451,0,0.0,0.0002897815729909745,,True,0,1,0.0268,0.0183,0.0367,0.03,0.0148,1.0,0.1266
100000002774456100,peripheral,R8a,0.5,11,0.2796,"разовый входящий 50 тыс ₸ от 1 плательщика, дальше не отправлял; меньше 100 тыс ₸ — признаков роли нет",1,False,False,1.0,0.0,50363.0,0.0,1.0,0.0,0.0,8,1,50363.0,0.0009108192120275721,0,0.0,0.00029452379116154067,,True,0,1,0.0509,0.0655,0.0367,0.03,0.0839,1.0,0.267
100000004394765100,peripheral,R8c,0.5,4,0.5424,"вход 3 / выход 2, оборот 686 тыс ₸ — признаков роли нет",1,False,False,3.0,2.0,603844.0,82500.0,10.0,2.0,0.13662469114539516,7,1,454034.7579374152,0.00821125787696694,1,6.628029807726674e-05,0.00038196590482139484,0.4303030303030303,True,0,2,0.1529,0.1344,0.0916,0.03,0.0543,1.0,0.4632
100000004004621100,consolidator,R3,0.55,14,0.5927,"получает 75 тыс ₸ от 3 плательщиков, отдаёт дальше 0% полученного — признаки консолидации",1,False,False,3.0,0.0,75389.0,0.0,3.0,0.0,0.0,10,1,25303.96517396053,0.00045762439927962706,0,0.0,0.0003021154851695287,,True,0,2,0.0361,0.0769,0.0367,0.255,0.0961,1.0,0.5008
100000000907277100,peripheral,R8a,0.5,2,0.1068,"разовый входящий 18 тыс ₸ от 1 плательщика, дальше не отправлял; меньше 100 тыс ₸ — признаков роли нет",1,False,False,1.0,0.0,17534.0,0.0,1.0,0.0,0.0,1,1,17534.0,0.00031710390690966483,0,0.0,0.0002905440470739506,,True,0,1,0.0301,0.0264,0.0367,0.03,0.0148,1.0,0.138
100000003835149100,peripheral,R8b,0.4,24,0.4364,"отдаёт 1851% от полученного в выборке (248 тыс ₸ → 4,6 млн ₸): входящие извне не видны — признаков роли по данным недостаточно",1,False,False,1.0,2.0,248500.0,4600440.0,1.0,13.0,18.512837022132796,1,1,248500.0,0.00449414399834902,0,1.8138739591386597e-06,0.0004910490679079407,0.0,True,0,1,0.1131,0.1491,0.0771,0.03,0.0148,1.0,0.3841
100000004254434100,peripheral,R8a,0.5,2,0.1733,"разовый входящий 44 тыс ₸ от 1 плательщика, дальше не отправлял; меньше 100 тыс ₸ — признаков роли нет",1,False,False,1.0,0.0,44445.0,0.0,2.0,0.0,0.0,1,1,44445.0,0.0008037916700467694,1,0.0,0.00029621539589843075,,True,0,1,0.0478,0.0583,0.0367,0.03,0.0148,1.0,0.1876
100000003635170100,transit,R4,0.65,11,0.567,пропускает дальше 94% полученного (268 тыс ₸ → 254 тыс ₸); 57% ушло за ≤2 дн. — признаки транзита,1,False,False,3.0,4.0,268500.0,253500.0,13.0,10.0,0.9441340782122905,8,1,51616.04272742364,0.0009334805981568513,2,0.00019126293191362088,0.001152553467557802,0.5660749506903353,True,2,2,0.0516,0.1306,0.0955,0.12,0.0839,1.0,0.4816
100000006687202100,peripheral,R8a,0.5,1,0.2382,"разовый входящий 50 тыс ₸ от 1 плательщика, дальше не отправлял; меньше 100 тыс ₸ — признаков роли нет",1,False,False,1.0,0.0,50000.0,0.0,1.0,0.0,0.0,7,1,50000.0,0.0009042543256235452,0,0.0,0.0002962692607087853,,True,0,1,0.0508,0.0643,0.0367,0.03,0.0543,1.0,0.2361
100000006030946100,peripheral,R8a,0.5,2,0.2155,"разовый входящий 73 тыс ₸ от 1 плательщика, дальше не отправлял; меньше 100 тыс ₸ — признаков роли нет",1,False,False,1.0,0.0,73289.0,0.0,1.0,0.0,0.0,1,1,73289.0,0.00132543790541248,0,0.0,0.0003022941140989178,,True,0,1,0.0614,0.0762,0.0367,0.03,0.0148,1.0,0.2191
100000002615479100,terminal,R6,0.568,9,0.4,"конечный получатель в выборке: получил 220 тыс ₸ от 1 плательщика, исходящих от 5 000 ₸ в банке не наблюдается",1,False,False,1.0,0.0,220000.0,0.0,1.0,0.0,0.0,1,1,220000.0,0.003978719032743599,0,0.0,0.00031057622686223886,,True,0,1,0.1065,0.1089,0.0367,0.09,0.0148,1.0,0.3569
100000002952631100,peripheral,R8a,0.5,4,0.2339,"разовый входящий 48 тыс ₸ от 1 плательщика, дальше не отправлял; меньше 100 тыс ₸ — признаков роли нет",1,False,False,1.0,0.0,48050.0,0.0,1.0,0.0,0.0,7,1,48050.0,0.000868988406924227,0,0.0,0.0002920381654288371,,True,0,1,0.0498,0.0621,0.0367,0.03,0.0543,1.0,0.2329
100000002890167100,terminal,R6,0.514,4,0.392,"конечный получатель в выборке: получил 118 тыс ₸ от 1 плательщика, исходящих от 5 000 ₸ в банке не наблюдается",1,False,False,1.0,0.0,118150.0,0.0,1.0,0.0,0.0,7,1,118150.0,0.0021367529714484373,0,0.0,0.0002996088410632654,,True,0,1,0.078,0.0919,0.0367,0.09,0.0543,1.0,0.3509
100000008687671100,peripheral,R8a,0.5,2,0.1619,"разовый входящий 38 тыс ₸ от 1 плательщика, дальше не отправлял; меньше 100 тыс ₸ — признаков роли нет",1,False,False,1.0,0.0,37500.0,0.0,1.0,0.0,0.0,1,1,37500.0,0.0006781907442176589,0,0.0,0.00029475177442074454,,True,0,1,0.044,0.0536,0.0367,0.03,0.0148,1.0,0.1791
100000000810551100,peripheral,R8c,0.5,3,0.4303,"вход 1 / выход 1, оборот 107 тыс ₸ — признаков роли нет",1,False,False,1.0,1.0,100000.0,7100.0,1.0,1.0,0.071,10,1,100000.0,0.0018085086512470904,0,7.902668150370777e-05,0.000306952053927237,0.0,False,0,1,0.0718,0.0892,0.0924,0.03,0.0961,1.0,0.3795
100000008724279100,peripheral,R8a,0.5,4,0.1375,"разовый входящий 12 тыс ₸ от 1 плательщика, дальше не отправлял; меньше 100 тыс ₸ — признаков роли нет",1,False,False,1.0,0.0,11750.0,0.0,1.0,0.0,0.0,7,1,11750.0,0.00021249976652153312,0,0.0,0.0002881178298292686,,True,0,1,0.0246,0.0153,0.0367,0.03,0.0543,1.0,0.1609
100000002592567100,peripheral,R8b,0.4,4,0.2792,отдаёт 918% от полученного в выборке (5 тыс ₸ → 49 тыс ₸): входящие извне не видны — признаков роли по данным недостаточно,1,False,False,1.0,2.0,5297.0,48600.0,1.0,2.0,9.175004719652634,7,1,5297.0,9.579670325655838e-05,0,0.0007325871426957816,0.0002874209172776429,0.0,True,0,1,0.0165,0.068,0.0979,0.03,0.0543,1.0,0.2667
100000002670860100,terminal,R6,0.631,13,0.436,"конечный получатель в выборке: получил 450 тыс ₸ от 2 плательщиков, исходящих от 5 000 ₸ в банке не наблюдается",1,False,False,2.0,0.0,450000.0,0.0,2.0,0.0,0.0,3,1,200080.18608299404,0.0036184674747422245,0,0.0,0.00031032361986134925,,True,0,1,0.1015,0.1266,0.0367,0.09,0.029,1.0,0.3838
100000002844897100,peripheral,R8a,0.5,9,0.0821,"разовый входящий 11 тыс ₸ от 1 плательщика, дальше не отправлял; меньше 100 тыс ₸ — признаков роли нет",1,False,False,1.0,0.0,10800.0,0.0,1.0,0.0,0.0,1,1,10800.0,0.00019531893433468578,0,0.0,0.0002880136491425051,,True,0,1,0.0236,0.0144,0.0367,0.03,0.0148,1.0,0.1195
100000007938486100,peripheral,R8a,0.5,2,0.1652,"разовый входящий 40 тыс ₸ от 1 плательщика, дальше не отправлял; меньше 100 тыс ₸ — признаков роли нет",1,False,False,1.0,0.0,39500.0,0.0,1.0,0.0,0.0,1,1,39500.0,0.0007143609172426007,0,0.0,0.00029517326368717683,,True,0,1,0.0451,0.055,0.0367,0.03,0.0148,1.0,0.1816
100000008438656100,transit,R4,0.65,3,0.5065,пропускает дальше 6% полученного (80 тыс ₸ → 5 тыс ₸); 100% ушло за ≤2 дн. — признаки транзита,1,False,False,2.0,1.0,80000.0,5000.0,2.0,1.0,0.0625,10,1,55029.88405103751,0.0009952202138342563,0,2.4184986121848794e-05,0.00029871902959140905,1.0,True,0,1,0.0532,0.0806,0.0865,0.12,0.0961,1.0,0.4364
100000008304139100,distributor,R2,0.649,3,0.6695,"рассылает 1,7 млн ₸ 24 получателям (43 переводов), плательщиков 4 — признаки веерной раздачи",1,False,False,4.0,24.0,189329.75,1692997.0,4.0,43.0,8.942054801213228,7,1,23934.194803552113,0.00043285198362857154,0,0.001332752984527783,0.00031501336655354435,0.1011394290716404,True,1,1,0.0351,0.1451,0.0986,0.225,0.0543,1.0,0.5581
100000002597003100,peripheral,R8c,0.5,1,0.243,"вход 1 / выход 1, оборот 29 тыс ₸ — признаков роли нет",1,False,False,1.0,1.0,17700.0,11000.0,1.0,1.0,0.6214689265536724,7,1,17700.0,0.00032010603127073504,0,1.9549530448494444e-05,0.00029018367582704934,0.0,False,0,1,0.0302,0.0442,0.081,0.03,0.0543,1.0,0.2397
100000002830055100,peripheral,R8a,0.5,2,0.0921,"разовый входящий 14 тыс ₸ от 1 плательщика, дальше не отправлял; меньше 100 тыс ₸ — признаков роли нет",1,False,False,1.0,0.0,14000.0,0.0,1.0,0.0,0.0,1,1,14000.0,0.0002531912111745927,0,0.0,0.00028979927554016467,,True,0,1,0.0269,0.0186,0.0367,0.03,0.0148,1.0,0.127
100000004299488100,consolidator,R3,0.63,1,0.842,"получает 1,7 млн ₸ от 6 плательщиков, отдаёт дальше 20% полученного — признаки консолидации",1,False,False,6.0,2.0,1749000.0,344999.0,22.0,14.0,0.19725500285877645,7,1,416800.09060818824,0.007537865697054796,5,2.1161862856617695e-05,0.0014677101163357964,0.9333360386551846,True,1,3,0.1465,0.146,0.0851,0.255,0.0543,1.0,0.6869
100000002809568100,peripheral,R8a,0.5,1,0.1303,"разовый входящий 10 тыс ₸ от 1 плательщика, дальше не отправлял; меньше 100 тыс ₸ — признаков роли нет",1,False,False,1.0,0.0,10000.0,0.0,1.0,0.0,0.0,7,1,10000.0,0.00018085086512470904,0,0.0,0.00028873293268186776,,True,0,1,0.0227,0.0118,0.0367,0.03,0.0543,1.0,0.1555
100000004784224100,peripheral,R8b,0.4,24,0.2515,отдаёт 426% от полученного в выборке (24 тыс ₸ → 100 тыс ₸): входящие извне не видны — признаков роли по данным недостаточно,1,False,False,1.0,1.0,23500.0,100000.0,2.0,1.0,4.25531914893617,1,1,23500.0,0.00042499953304306624,1,2.0154155101540663e-07,0.0003061595352021841,0.0,True,0,1,0.0348,0.0928,0.0736,0.03,0.0148,1.0,0.246
100000003123296100,peripheral,R8a,0.5,12,0.2292,"разовый входящий 86 тыс ₸ от 1 плательщика, дальше не отправлял; меньше 100 тыс ₸ — признаков роли нет",1,False,False,1.0,0.0,86200.0,0.0,2.0,0.0,0.0,1,1,86200.0,0.001558934457374992,1,0.0,0.0003012152337965638,,True,0,1,0.0666,0.0813,0.0367,0.03,0.0148,1.0,0.2294
100000004130144100,terminal,R6,0.56,9,0.3902,"конечный получатель в выборке: получил 200 тыс ₸ от 1 плательщика, исходящих от 5 000 ₸ в банке не наблюдается",1,False,False,1.0,0.0,200000.0,0.0,1.0,0.0,0.0,1,1,200000.0,0.003617017302494181,0,0.0,0.0002983662476479529,,True,0,1,0.1015,0.1066,0.0367,0.09,0.0148,1.0,0.3496
100000001253557100,consolidator,R3,0.603,7,0.6413,"получает 210 тыс ₸ от 5 плательщиков, отдаёт дальше 0% полученного — признаки консолидации",1,False,False,5.0,0.0,210200.0,0.0,5.0,0.0,0.0,10,1,33464.771133859955,0.0006052132810758963,0,0.0,0.0003526280508538812,,True,0,1,0.0415,0.1078,0.0367,0.255,0.0961,1.0,0.5371
100000008767925100,peripheral,R8a,0.5,2,0.1048,"разовый входящий 17 тыс ₸ от 1 плательщика, дальше не отправлял; меньше 100 тыс ₸ — признаков роли нет",1,False,False,1.0,0.0,17144.0,0.0,1.0,0.0,0.0,1,1,17144.0,0.0003100507231698012,0,0.0,0.00029046185666699623,,True,0,1,0.0297,0.0253,0.0367,0.03,0.0148,1.0,0.1365
100000007181706100,terminal,R6,0.549,3,0.4813,"конечный получатель в выборке: получил 176 тыс ₸ от 2 плательщиков, исходящих от 5 000 ₸ в банке не наблюдается",1,False,False,2.0,0.0,176272.0,0.0,2.0,0.0,0.0,10,1,163782.5805322634,0.002962022138161717,0,0.0,0.0003204792128221106,,True,0,2,0.0919,0.1029,0.0367,0.09,0.0961,1.0,0.4176
100000003366154100,peripheral,R8b,0.4,3,0.4877,отдаёт 231% от полученного в выборке (125 тыс ₸ → 289 тыс ₸): входящие извне не видны — признаков роли по данным недостаточно,1,False,False,1.0,3.0,125000.0,289170.0,1.0,3.0,2.31336,10,1,125000.0,0.0022606358140588633,0,6.252016556059147e-05,0.00031197785474026165,0.43227167410173944,True,0,1,0.0802,0.1247,0.0914,0.03,0.0961,1.0,0.4224
100000007641183100,peripheral,R8a,0.5,4,0.1932,"разовый входящий 28 тыс ₸ от 1 плательщика, дальше не отправлял; меньше 100 тыс ₸ — признаков роли нет",1,False,False,1.0,0.0,28000.0,0.0,1.0,0.0,0.0,7,1,28000.0,0.0005063824223491853,0,0.0,0.0002898728009998744,,True,0,1,0.038,0.0435,0.0367,0.03,0.0543,1.0,0.2025
100000008663007100,peripheral,R8a,0.5,2,0.0921,"разовый входящий 14 тыс ₸ от 1 плательщика, дальше не отправлял; меньше 100 тыс ₸ — признаков роли нет",1,False,False,1.0,0.0,14000.0,0.0,1.0,0.0,0.0,1,1,14000.0,0.0002531912111745927,0,0.0,0.00028979927554016467,,True,0,1,0.0269,0.0186,0.0367,0.03,0.0148,1.0,0.127
100000007334196100,terminal,R6,0.535,11,0.453,"конечный получатель в выборке: получил 150 тыс ₸ от 1 плательщика, исходящих от 5 000 ₸ в банке не наблюдается",1,False,False,1.0,0.0,150002.0,0.0,1.0,0.0,0.0,8,1,150002.0,0.0027127991470436608,0,0.0,0.00030970802155140303,,True,0,1,0.0879,0.098,0.0367,0.09,0.0839,1.0,0.3965
100000003873332100,peripheral,R8b,0.4,19,0.3708,отдаёт 1219% от полученного в выборке (23 тыс ₸ → 286 тыс ₸): входящие извне не видны — признаков роли по данным недостаточно,1,False,False,1.0,4.0,23468.0,286000.0,1.0,8.0,12.186807567751833,7,1,23468.0,0.0004244208102746672,0,0.0009088678199501039,0.0002912704143285309,0.0,True,0,1,0.0348,0.1178,0.0982,0.03,0.0543,1.0,0.3351
100000001550388100,peripheral,R8a,0.5,1,0.2382,"разовый входящий 50 тыс ₸ от 1 плательщика, дальше не отправлял; меньше 100 тыс ₸ — признаков роли нет",1,False,False,1.0,0.0,50000.0,0.0,1.0,0.0,0.0,7,1,50000.0,0.0009042543256235452,0,0.0,0.0002962692607087853,,True,0,1,0.0508,0.0643,0.0367,0.03,0.0543,1.0,0.2361
100000008718089100,peripheral,R8a,0.5,2,0.0989,"разовый входящий 16 тыс ₸ от 1 плательщика, дальше не отправлял; меньше 100 тыс ₸ — признаков роли нет",1,False,False,1.0,0.0,15534.0,0.0,1.0,0.0,0.0,1,1,15534.0,0.00028093373388472304,0,0.0,0.00029012255780751825,,True,0,1,0.0283,0.0223,0.0367,0.03,0.0148,1.0,0.1321
100000008728457100,peripheral,R8a,0.5,11,0.2676,"разовый входящий 45 тыс ₸ от 1 плательщика, дальше не отправлял; меньше 100 тыс ₸ — признаков роли нет",1,False,False,1.0,0.0,45000.0,0.0,1.0,0.0,0.0,8,1,45000.0,0.0008138288930611907,0,0.0,0.0002937065105025534,,True,0,1,0.0481,0.0593,0.0367,0.03,0.0839,1.0,0.258
100000004206046100,peripheral,R8a,0.5,4,0.1362,"разовый входящий 11 тыс ₸ от 1 плательщика, дальше не отправлял; меньше 100 тыс ₸ — признаков роли нет",1,False,False,1.0,0.0,11075.0,0.0,1.0,0.0,0.0,7,1,11075.0,0.00020029233312561528,0,0.0,0.0002880449310267973,,True,0,1,0.0239,0.015,0.0367,0.03,0.0543,1.0,0.1599
100000006579678100,peripheral,R8b,0.4,4,0.4253,"отдаёт 865% от полученного в выборке (193 тыс ₸ → 1,7 млн ₸): входящие извне не видны — признаков роли по данным недостаточно",1,False,False,2.0,6.0,192930.0,1668800.0,2.0,15.0,8.649769346395066,7,1,47169.86041611799,0.0008530710064066707,0,0.00045663496441757985,0.0006283224398262306,0.025725071907957815,True,2,1,0.0493,0.1449,0.0973,0.03,0.0543,1.0,0.3758
100000002988894100,peripheral,R8c,0.5,3,0.5464,"вход 1 / выход 3, оборот 384 тыс ₸ — признаков роли нет",1,False,False,1.0,3.0,306121.0,77500.0,1.0,3.0,0.25316786499456095,10,1,306121.0,0.005536224768284106,0,7.255495836554638e-05,0.0003483889775024953,0.3741935483870968,True,0,1,0.1256,0.1227,0.0918,0.03,0.0961,1.0,0.4662
100000008749406100,peripheral,R8a,0.5,2,0.1048,"разовый входящий 17 тыс ₸ от 1 плательщика, дальше не отправлял; меньше 100 тыс ₸ — признаков роли нет",1,False,False,1.0,0.0,17144.0,0.0,1.0,0.0,0.0,1,1,17144.0,0.0003100507231698012,0,0.0,0.00029046185666699623,,True,0,1,0.0297,0.0253,0.0367,0.03,0.0148,1.0,0.1365
100000005584222100,transit,R4,0.65,1,0.5634,пропускает дальше 56% полученного (193 тыс ₸ → 109 тыс ₸); 74% ушло за ≤2 дн. — признаки транзита,1,False,False,2.0,2.0,192717.0,108587.0,6.0,3.0,0.5634531463233653,7,1,190617.9454170509,0.0034473420336968226,2,3.930060244800429e-05,0.0008793968910150205,0.7367364417471705,True,1,1,0.0991,0.1172,0.0883,0.12,0.0543,1.0,0.4789
100000003239859100,peripheral,R8a,0.5,12,0.1106,"разовый входящий 19 тыс ₸ от 1 плательщика, дальше не отправлял; меньше 100 тыс ₸ — признаков роли нет",1,False,False,1.0,0.0,18600.0,0.0,1.0,0.0,0.0,1,1,18600.0,0.00033638260913195883,0,0.0,0.0002899487894925225,,True,0,1,0.031,0.0283,0.0367,0.03,0.0148,1.0,0.1408
100000003980083100,peripheral,R8a,0.5,67,0.1457,"разовый входящий 30 тыс ₸ от 1 плательщика, дальше не отправлял; меньше 100 тыс ₸ — признаков роли нет",1,False,False,1.0,0.0,30000.0,0.0,1.0,0.0,0.0,1,1,30000.0,0.0005425525953741271,0,0.0,0.0005309030338467371,,True,0,1,0.0393,0.0462,0.0367,0.03,0.0148,1.0,0.167
100000004351795100,distributor,R2,0.614,1,0.7012,"рассылает 1,7 млн ₸ 14 получателям (37 переводов), плательщиков 3 — признаки веерной раздачи",1,False,False,3.0,14.0,118333.0,1715161.0,3.0,37.0,14.494359139039828,7,1,66872.00542080612,0.001209386003297702,0,0.0024701276217512446,0.0003149083893976027,0.06899235698572903,True,1,1,0.0587,0.1445,0.0993,0.225,0.0543,1.0,0.5818
100000002666248100,peripheral,R8a,0.5,3,0.3217,"разовый входящий 70 тыс ₸ от 1 плательщика, дальше не отправлял; меньше 100 тыс ₸ — признаков роли нет",1,False,False,1.0,0.0,70032.0,0.0,1.0,0.0,0.0,10,1,70032.0,0.0012665347786413625,0,0.0,0.0003009275259766481,,True,0,1,0.0601,0.0755,0.0367,0.03,0.0961,1.0,0.2984
100000005877725100,peripheral,R8a,0.5,2,0.212,"разовый входящий 70 тыс ₸ от 1 плательщика, дальше не отправлял; меньше 100 тыс ₸ — признаков роли нет",1,False,False,1.0,0.0,70000.0,0.0,1.0,0.0,0.0,1,1,70000.0,0.0012659560558729633,0,0.0,0.0003016009750002698,,True,0,1,0.06,0.075,0.0367,0.03,0.0148,1.0,0.2165
100000001697501100,distributor,R2,0.698,2,0.6121,"рассылает 1,5 млн ₸ 38 получателям (55 переводов), плательщиков 3 — признаки веерной раздачи",1,False,False,3.0,38.0,123700.0,1482606.0,3.0,55.0,11.98549717057397,1,1,25478.599475247956,0.00046078267572645506,0,0.00020899858840297669,0.0005941641771451357,0.08343416929379754,True,3,1,0.0362,0.1436,0.0957,0.225,0.0148,1.0,0.5153
100000006972210100,consolidator,R3,0.55,9,0.81,"получает 489 тыс ₸ от 3 плательщиков, отдаёт дальше 0% полученного — признаки консолидации",1,False,False,3.0,0.0,488775.0,0.0,4.0,0.0,0.0,8,3,488775.0,0.008839538160132967,1,0.0,0.0003478417567552429,,True,0,1,0.1587,0.1287,0.0367,0.255,0.0839,1.0,0.663
100000008749618100,peripheral,R8a,0.5,2,0.1798,"разовый входящий 47 тыс ₸ от 1 плательщика, дальше не отправлял; меньше 100 тыс ₸ — признаков роли нет",1,False,False,1.0,0.0,47280.0,0.0,1.0,0.0,0.0,1,1,47280.0,0.0008550628903096244,0,0.0,0.0002968128569335986,,True,0,1,0.0494,0.0616,0.0367,0.03,0.0148,1.0,0.1925
100000008671026100,peripheral,R8a,0.5,2,0.126,"разовый входящий 24 тыс ₸ от 1 плательщика, дальше не отправлял; меньше 100 тыс ₸ — признаков роли нет",1,False,False,1.0,0.0,23534.0,0.0,1.0,0.0,0.0,1,1,23534.0,0.00042561442598449024,0,0.0,0.00029180851487324756,,True,0,1,0.0348,0.036,0.0367,0.03,0.0148,1.0,0.1523
100000001696818100,peripheral,R8a,0.5,3,0.1923,"разовый входящий 54 тыс ₸ от 1 плательщика, дальше не отправлял; меньше 100 тыс ₸ — признаков роли нет",1,False,False,1.0,0.0,53550.0,0.0,1.0,0.0,0.0,1,1,53550.0,0.000968456382742817,0,0.0,0.0003001731117842163,,True,0,1,0.0525,0.0678,0.0367,0.03,0.0148,1.0,0.2018
100000008679986100,peripheral,R8a,0.5,2,0.1114,"разовый входящий 19 тыс ₸ от 1 плательщика, дальше не отправлял; меньше 100 тыс ₸ — признаков роли нет",1,False,False,1.0,0.0,19000.0,0.0,1.0,0.0,0.0,1,1,19000.0,0.0003436166437369472,0,0.0,0.0002908529987062455,,True,0,1,0.0313,0.0286,0.0367,0.03,0.0148,1.0,0.1414
100000003616818100,peripheral,R8b,0.4,23,0.2867,отдаёт 308% от полученного в выборке (78 тыс ₸ → 240 тыс ₸): входящие извне не видны — признаков роли по данным недостаточно,1,False,False,3.0,3.0,78000.0,240100.0,4.0,8.0,3.0782051282051284,1,1,19864.56730815722,0.0003592524183008246,1,2.0154155101540663e-06,0.0005152127057006632,0.0,True,2,1,0.032,0.1182,0.0773,0.03,0.0148,1.0,0.2723
100000004156082100,coordinator,R1,0.777,16,0.8037,"получает от 5 плательщиков и рассылает 26 получателям (377 тыс ₸ → 2,3 млн ₸); узел-посредник, betweenness в топ-1% — признаки координатора",1,False,False,5.0,26.0,377366.11,2319556.0,7.0,29.0,6.146699288921308,7,1,64298.816485451,0.0011628496587888718,2,0.002074985513245345,0.0008706976397489585,0.1626889413318756,True,1,2,0.0576,0.1473,0.0991,0.3,0.0543,1.0,0.6583
100000008667058100,peripheral,R8a,0.5,2,0.1068,"разовый входящий 18 тыс ₸ от 1 плательщика, дальше не отправлял; меньше 100 тыс ₸ — признаков роли нет",1,False,False,1.0,0.0,17534.0,0.0,1.0,0.0,0.0,1,1,17534.0,0.00031710390690966483,0,0.0,0.0002905440470739506,,True,0,1,0.0301,0.0264,0.0367,0.03,0.0148,1.0,0.138
100000008628231100,peripheral,R8b,0.4,62,0.4591,отдаёт 1256% от полученного в выборке (50 тыс ₸ → 628 тыс ₸): входящие извне не видны — признаков роли по данным недостаточно,1,False,False,1.0,2.0,50000.0,627870.0,1.0,19.0,12.5574,10,1,50000.0,0.0009042543256235452,0,4.836997224369759e-05,0.00029690045230118767,0.03503910045073025,True,0,1,0.0508,0.1342,0.0899,0.03,0.0961,1.0,0.401
100000008749063100,peripheral,R8a,0.5,2,0.1114,"разовый входящий 19 тыс ₸ от 1 плательщика, дальше не отправлял; меньше 100 тыс ₸ — признаков роли нет",1,False,False,1.0,0.0,19000.0,0.0,1.0,0.0,0.0,1,1,19000.0,0.0003436166437369472,0,0.0,0.0002908529987062455,,True,0,1,0.0313,0.0286,0.0367,0.03,0.0148,1.0,0.1414
100000004494983100,peripheral,R8a,0.5,2,0.1571,"разовый входящий 35 тыс ₸ от 1 плательщика, дальше не отправлял; меньше 100 тыс ₸ — признаков роли нет",1,False,False,1.0,0.0,35000.0,0.0,1.0,0.0,0.0,1,1,35000.0,0.0006329780279364817,0,0.0,0.00029422491283770413,,True,0,1,0.0425,0.0515,0.0367,0.03,0.0148,1.0,0.1755
100000007648946100,peripheral,R8b,0.4,14,0.2602,отдаёт 128% от полученного в выборке (20 тыс ₸ → 25 тыс ₸): входящие извне не видны — признаков роли по данным недостаточно,1,False,False,1.0,1.0,19550.0,25000.0,1.0,1.0,1.278772378516624,7,1,19550.0,0.0003535634413188062,0,2.9630022099315966e-06,0.0002905322309982943,0.0,True,0,1,0.0317,0.0587,0.0778,0.03,0.0543,1.0,0.2525
100000003037660100,peripheral,R8a,0.5,3,0.3002,"разовый входящий 53 тыс ₸ от 1 плательщика, дальше не отправлял; меньше 100 тыс ₸ — признаков роли нет",1,False,False,1.0,0.0,53000.0,0.0,1.0,0.0,0.0,10,1,53000.0,0.000958509585160958,0,0.0,0.00029750354839875063,,True,0,1,0.0523,0.0673,0.0367,0.03,0.0961,1.0,0.2824
100000002679516100,consolidator,R3,0.55,12,0.6167,"получает 102 тыс ₸ от 3 плательщиков, отдаёт дальше 0% полученного — признаки консолидации",1,False,False,3.0,0.0,102335.0,0.0,3.0,0.0,0.0,10,1,35181.57388327817,0.0006362618073239727,0,0.0,0.0003282761239237318,,True,0,1,0.0426,0.0883,0.0367,0.255,0.0961,1.0,0.5187
100000005588444100,peripheral,R8a,0.5,9,0.0868,"разовый входящий 12 тыс ₸ от 1 плательщика, дальше не отправлял; меньше 100 тыс ₸ — признаков роли нет",1,False,False,1.0,0.0,12300.0,0.0,1.0,0.0,0.0,1,1,12300.0,0.00022244656410339212,0,0.0,0.0002875571705889665,,True,0,1,0.0252,0.0163,0.0367,0.03,0.0148,1.0,0.123
100000001307612100,peripheral,R8a,0.5,2,0.1635,"разовый входящий 38 тыс ₸ от 1 плательщика, дальше не отправлял; меньше 100 тыс ₸ — признаков роли нет",1,False,False,1.0,0.0,38483.0,0.0,1.0,0.0,0.0,1,1,38483.0,0.0006959683842594178,0,0.0,0.000294958936395196,,True,0,1,0.0445,0.0543,0.0367,0.03,0.0148,1.0,0.1803
100000003001564100,peripheral,R8b,0.4,4,0.3338,отдаёт 765% от полученного в выборке (24 тыс ₸ → 180 тыс ₸): входящие извне не видны — признаков роли по данным недостаточно,1,False,False,1.0,1.0,23520.0,180000.0,1.0,1.0,7.653061224489796,7,1,23520.0,0.00042536123477331567,0,1.9549530448494444e-05,0.0002893889689479166,0.0,True,0,1,0.0348,0.1074,0.081,0.03,0.0543,1.0,0.3075
100000002762076100,peripheral,R8c,0.5,9,0.3502,"вход 2 / выход 1, оборот 170 тыс ₸ — признаков роли нет",1,False,False,2.0,1.0,140350.0,30000.0,2.0,1.0,0.21375133594584966,2,2,140350.0,0.0025382418920252914,0,4.0308310203081327e-07,0.0003004831723747164,0.0,False,0,1,0.085,0.1024,0.0742,0.03,0.0281,1.0,0.3197
100000005514161100,consolidator,R3,0.577,10,0.7782,"получает 402 тыс ₸ от 4 плательщиков, отдаёт дальше 12% полученного — признаки консолидации",1,False,False,4.0,1.0,401500.0,50000.0,7.0,1.0,0.12453300124533001,9,1,116168.87816687033,0.0021009242117045425,2,4.1114476407142956e-05,0.0008096380965182424,0.0,False,0,2,0.0774,0.1268,0.0892,0.255,0.0909,1.0,0.6393
100000008746673100,peripheral,R8a,0.5,2,0.1916,"разовый входящий 53 тыс ₸ от 1 плательщика, дальше не отправлял; меньше 100 тыс ₸ — признаков роли нет",1,False,False,1.0,0.0,53048.0,0.0,1.0,0.0,0.0,1,1,53048.0,0.0009593776693135566,0,0.0,0.00029802843197798944,,True,0,1,0.0523,0.0675,0.0367,0.03,0.0148,1.0,0.2013
100000003265158100,transit,R4,0.85,12,0.5864,пропускает дальше 106% полученного (146 тыс ₸ → 154 тыс ₸); 83% ушло за ≤2 дн. — признаки транзита,1,False,False,3.0,2.0,146100.4,154200.0,3.0,4.0,1.055438588806054,9,2,102678.97869851542,0.0018569582127748085,0,0.0001795735219547273,0.0003863693139115083,0.8261997405966277,True,0,1,0.0727,0.1172,0.0953,0.12,0.0909,1.0,0.4961
100000001567366100,consolidator,R3b,0.623,4,0.8445,"сюда дошло 824 тыс ₸ денег курьеров (1% от всех) от 1 плательщика, дальше ушло 0% — признаки консолидации",1,False,False,1.0,0.0,824070.0,0.0,4.0,0.0,0.0,7,1,824070.0,0.014903377242331898,1,0.0,0.00037584694867889493,,True,0,1,0.206,0.1368,0.0367,0.255,0.0543,1.0,0.6888
100000008777088100,peripheral,R8a,0.5,2,0.1088,"разовый входящий 18 тыс ₸ от 1 плательщика, дальше не отправлял; меньше 100 тыс ₸ — признаков роли нет",1,False,False,1.0,0.0,18000.0,0.0,1.0,0.0,0.0,1,1,18000.0,0.0003255315572244763,0,0.0,0.00029064225407302935,,True,0,1,0.0305,0.0275,0.0367,0.03,0.0148,1.0,0.1395
100000002589019100,peripheral,R8a,0.5,12,0.1563,"разовый входящий 35 тыс ₸ от 1 плательщика, дальше не отправлял; меньше 100 тыс ₸ — признаков роли нет",1,False,False,1.0,0.0,34710.0,0.0,1.0,0.0,0.0,1,1,34710.0,0.0006277333528478651,0,0.0,0.0002926337365004826,,True,0,1,0.0423,0.0511,0.0367,0.03,0.0148,1.0,0.1749
100000008666075100,peripheral,R8a,0.5,2,0.1367,"разовый входящий 26 тыс ₸ от 1 плательщика, дальше не отправлял; меньше 100 тыс ₸ — признаков роли нет",1,False,False,1.0,0.0,26217.0,0.0,1.0,0.0,0.0,1,1,26217.0,0.0004741367130974497,0,0.0,0.00029237394272416654,,True,0,1,0.0367,0.0421,0.0367,0.03,0.0148,1.0,0.1603
100000008137435100,peripheral,R8b,0.4,22,0.4193,"отдаёт 1512% от полученного в выборке (94 тыс ₸ → 1,4 млн ₸): входящие извне не видны — признаков роли по данным недостаточно",1,False,False,2.0,6.0,93906.0,1419700.0,2.0,7.0,15.118309799160864,7,1,43945.1421473066,0.0007947516975368713,0,0.00030352157582920236,0.00031567491223442575,0.06614496020285976,True,0,2,0.0476,0.143,0.0964,0.03,0.0543,1.0,0.3713
100000004403675100,peripheral,R8b,0.4,20,0.4301,отдаёт 145% от полученного в выборке (183 тыс ₸ → 265 тыс ₸): входящие извне не видны — признаков роли по данным недостаточно,1,False,False,4.0,5.0,182980.0,264699.0,8.0,6.0,1.4466007213903158,7,2,93552.74600304084,0.0016919095049442103,1,0.002835432608431344,0.00074315807328016,0.28218089225875426,True,1,1,0.0694,0.1261,0.0996,0.03,0.0543,1.0,0.3794
100000004677680100,peripheral,R8b,0.4,11,0.4101,отдаёт 267% от полученного в выборке (63 тыс ₸ → 168 тыс ₸): входящие извне не видны — признаков роли по данным недостаточно,1,False,False,2.0,1.0,63000.0,168000.0,2.0,3.0,2.6666666666666665,8,1,50400.0,0.0009114883602285336,0,4.192064261120458e-05,0.001099108871312996,0.10714285714285714,True,1,1,0.051,0.1101,0.0894,0.03,0.0839,1.0,0.3644
100000005958064100,peripheral,R8b,0.4,15,0.3108,отдаёт 2854% от полученного в выборке (6 тыс ₸ → 164 тыс ₸): входящие извне не видны — признаков роли по данным недостаточно,1,False,False,1.0,2.0,5746.0,163986.84,1.0,3.0,28.539303863557258,7,1,5746.0,0.00010391690710065782,0,2.5558713095011674e-05,0.0002874694084810645,0.0,True,0,1,0.0172,0.102,0.0868,0.03,0.0543,1.0,0.2903
100000002881669100,peripheral,R8a,0.5,12,0.1106,"разовый входящий 19 тыс ₸ от 1 плательщика, дальше не отправлял; меньше 100 тыс ₸ — признаков роли нет",1,False,False,1.0,0.0,18600.0,0.0,1.0,0.0,0.0,1,1,18600.0,0.00033638260913195883,0,0.0,0.0002899487894925225,,True,0,1,0.031,0.0283,0.0367,0.03,0.0148,1.0,0.1408
100000002938501100,peripheral,R8c,0.5,4,0.1928,"вход 1 / выход 1, оборот 13 тыс ₸ — признаков роли нет",1,False,False,1.0,1.0,8395.0,5000.0,1.0,1.0,0.5955926146515783,7,1,8395.0,0.00015182430127219326,0,1.8251334958819943e-05,0.00028775549578142974,0.0,False,0,1,0.0208,0.0179,0.0792,0.03,0.0543,1.0,0.2022
100000006734554100,peripheral,R8b,0.4,30,0.1974,отдаёт 152% от полученного в выборке (16 тыс ₸ → 25 тыс ₸): входящие извне не видны — признаков роли по данным недостаточно,1,False,False,1.0,1.0,16500.0,25000.0,1.0,1.0,1.5151515151515151,1,1,16500.0,0.00029840392745576993,0,6.046246530462199e-07,0.0003133229719587716,0.0,True,0,1,0.0292,0.0568,0.0748,0.03,0.0148,1.0,0.2056
100000008003034100,peripheral,R8b,0.4,28,0.3309,отдаёт 1106% от полученного в выборке (12 тыс ₸ → 135 тыс ₸): входящие извне не видны — признаков роли по данным недостаточно,1,False,False,1.0,4.0,12201.0,135000.0,1.0,4.0,11.064666830587656,7,1,12201.0,0.00022065614053865752,0,0.0020272859617955215,0.0002881665370291421,0.09037777777777778,True,0,1,0.0251,0.0969,0.099,0.03,0.0543,1.0,0.3053
100000003970394100,peripheral,R8a,0.5,12,0.2278,"разовый входящий 85 тыс ₸ от 1 плательщика, дальше не отправлял; меньше 100 тыс ₸ — признаков роли нет",1,False,False,1.0,0.0,85000.0,0.0,1.0,0.0,0.0,1,1,85000.0,0.0015372323535600269,0,0.0,0.00030101523774382936,,True,0,1,0.0662,0.0806,0.0367,0.03,0.0148,1.0,0.2283
100000003205210100,terminal,R6,0.528,3,0.4601,"конечный получатель в выборке: получил 138 тыс ₸ от 1 плательщика, исходящих от 5 000 ₸ в банке не наблюдается",1,False,False,1.0,0.0,137563.0,0.0,1.0,0.0,0.0,10,1,137563.0,0.002487838755915035,0,0.0,0.00031450342016482285,,True,0,1,0.0842,0.0948,0.0367,0.09,0.0961,1.0,0.4018
100000004559194100,terminal,R6,0.59,4,0.4802,"конечный получатель в выборке: получил 282 тыс ₸ от 1 плательщика, исходящих от 5 000 ₸ в банке не наблюдается",1,False,False,1.0,0.0,282145.0,0.0,6.0,0.0,0.0,7,1,282145.0,0.0051026167340611035,1,0.0,0.0003173200101170182,,True,0,1,0.1206,0.1152,0.0367,0.09,0.0543,1.0,0.4168
100000008173359100,peripheral,R8a,0.5,4,0.1155,"разовый входящий 6 тыс ₸ от 1 плательщика, дальше не отправлял; меньше 100 тыс ₸ — признаков роли нет",1,False,False,1.0,0.0,6110.0,0.0,1.0,0.0,0.0,7,1,6110.0,0.00011049987859119723,0,0.0,0.0002875087198352861,,True,0,1,0.0177,0.0058,0.0367,0.03,0.0543,1.0,0.1445
100000007953156100,peripheral,R8c,0.5,15,0.2712,"вход 1 / выход 1, оборот 28 тыс ₸ — признаков роли нет",2,False,False,1.0,1.0,18000.0,10000.0,1.0,1.0,0.5555555555555556,8,0,7087.069428621758,0.00012817026373651222,0,2.0154155101540664e-05,0.0004798654843226402,0.0,True,0,1,0.0191,0.0435,0.0842,0.03,0.0839,1.0,0.2607
100000002224132100,peripheral,R8b,0.4,24,0.4352,"отдаёт 307% от полученного в выборке (4,0 млн ₸ → 12,1 млн ₸): входящие извне не видны — признаков роли по данным недостаточно",2,False,False,5.0,4.0,3951020.0,12115000.0,10.0,25.0,3.0662968043695047,2,0,181058.7301224132,0.0032744627981019644,1,6.348558856985309e-06,0.006085461634461975,0.13068716467189434,True,3,2,0.0966,0.1499,0.0786,0.03,0.0281,1.0,0.3832
100000008547844100,distributor,R2,0.631,7,0.6736,"рассылает 2,0 млн ₸ 19 получателям (21 переводов), плательщиков 3 — признаки веерной раздачи",2,False,False,3.0,19.0,177600.0,2042199.0,3.0,21.0,11.498868243243244,8,0,1065.8174352243448,1.927540052253213e-05,0,0.0018182356452656127,0.000345868828398246,0.08696508028845377,True,1,1,0.0074,0.1461,0.0988,0.225,0.0839,1.0,0.5612
100000002635780100,terminal,R6,0.542,9,0.4364,"конечный получатель в выборке: получил 163 тыс ₸ от 1 плательщика, исходящих от 5 000 ₸ в банке не наблюдается",2,False,False,1.0,0.0,163000.02,0.0,1.0,0.0,0.0,9,0,84445.56803722015,0.0015272054035478742,0,0.0,0.000557805708628852,,True,0,1,0.066,0.1005,0.0367,0.09,0.0909,1.0,0.3841
100000001279875100,peripheral,R8a,0.5,13,0.1236,"разовый входящий 49 тыс ₸ от 1 плательщика, дальше не отправлял; меньше 100 тыс ₸ — признаков роли нет",2,False,False,1.0,0.0,49235.0,0.0,1.0,0.0,0.0,1,0,717.0746885219855,1.2968357777823235e-05,0,0.0,0.0003046278336040146,,True,0,1,0.0061,0.0629,0.0367,0.03,0.0148,1.0,0.1505
100000001961048100,terminal,R6,0.535,31,0.3,"конечный получатель в выборке: получил 150 тыс ₸ от 1 плательщика, исходящих от 5 000 ₸ в банке не наблюдается",2,False,False,1.0,0.0,150000.0,0.0,1.0,0.0,0.0,7,0,247.5027884083783,4.476109340443303e-06,0,0.0,0.0003056655581460328,,True,0,1,0.0036,0.0976,0.0367,0.09,0.0543,1.0,0.2822
100000000993112100,terminal,R6,0.53,34,0.3763,"конечный получатель в выборке: получил 141 тыс ₸ от 1 плательщика, исходящих от 5 000 ₸ в банке не наблюдается",2,False,False,1.0,0.0,141000.0,0.0,1.0,0.0,0.0,8,0,20995.4070322031,0.00037970375254193307,0,0.0,0.0004430447509175079,,True,0,1,0.0329,0.0957,0.0367,0.09,0.0839,1.0,0.3392
100000005547096100,peripheral,R8b,0.4,46,0.2531,отдаёт 2829% от полученного в выборке (8 тыс ₸ → 226 тыс ₸): входящие извне не видны — признаков роли по данным недостаточно,2,False,False,1.0,2.0,8000.0,226300.0,1.0,3.0,28.2875,1,0,6100.528210835929,0.00011032858046473711,0,4.0308310203081327e-07,0.0008957944572170975,0.0,False,1,1,0.0177,0.1105,0.0742,0.03,0.0148,1.0,0.2472
100000000331309100,distributor,R2,0.911,5,0.681,"рассылает 23,0 млн ₸ 99 получателям (126 переводов), плательщиков 5 — признаки веерной раздачи",2,False,False,5.0,99.0,984635.0,23001375.0,8.0,126.0,23.360306103276848,7,0,27494.970577315085,0.0004972489215485854,2,0.004635309682700266,0.0008793827745051868,0.04280765823782274,True,0,3,0.0376,0.15,0.0998,0.225,0.0543,1.0,0.5667
100000006684930100,peripheral,R8a,0.5,14,0.1723,"разовый входящий 10 тыс ₸ от 1 плательщика, дальше не отправлял; меньше 100 тыс ₸ — признаков роли нет",2,False,False,1.0,0.0,10000.0,0.0,1.0,0.0,0.0,10,0,2933.199149783026,5.3047160382132124e-05,0,0.0,0.0003000651398213456,,True,0,1,0.0123,0.0118,0.0367,0.03,0.0961,1.0,0.1869
100000004479404100,peripheral,R8c,0.5,48,0.3651,"вход 2 / выход 1, оборот 1,8 млн ₸ — признаков роли нет",2,False,False,2.0,1.0,1492000.0,300000.0,8.0,2.0,0.20107238605898123,7,0,1637.2632399936176,2.9610047338972988e-05,2,9.774765224247222e-05,0.0008705522657429226,0.0,True,1,1,0.0092,0.1443,0.093,0.03,0.0543,1.0,0.3308
100000004134060100,peripheral,R8a,0.5,18,0.2655,"разовый входящий 88 тыс ₸ от 1 плательщика, дальше не отправлял; меньше 100 тыс ₸ — признаков роли нет",2,False,False,1.0,0.0,88179.0,0.0,1.0,0.0,0.0,8,0,11220.673860364055,0.0002029268574929048,0,0.0,0.00032947013371847304,,True,0,1,0.024,0.0819,0.0367,0.03,0.0839,1.0,0.2565
100000001083990100,peripheral,R8a,0.5,12,0.2734,"разовый входящий 50 тыс ₸ от 1 плательщика, дальше не отправлял; меньше 100 тыс ₸ — признаков роли нет",2,False,False,1.0,0.0,49900.0,0.0,2.0,0.0,0.0,8,0,45687.42102628346,0.0008262609617920186,1,0.0,0.0005043133556429481,,True,0,1,0.0485,0.0633,0.0367,0.03,0.0839,1.0,0.2624
100000004573782100,peripheral,R8a,0.5,9,0.0863,"разовый входящий 15 тыс ₸ от 1 плательщика, дальше не отправлял; меньше 100 тыс ₸ — признаков роли нет",2,False,False,1.0,0.0,15000.0,0.0,1.0,0.0,0.0,1,0,8108.108108108108,0.00014663583658760192,0,0.0,0.0003112747469908201,,True,0,1,0.0204,0.0208,0.0367,0.03,0.0148,1.0,0.1227
100000005660203100,consolidator,R3b,0.602,4,0.8453,"сюда дошло 523 тыс ₸ денег курьеров (1% от всех) от 1 плательщика, дальше ушло 7% — признаки консолидации",2,False,False,1.0,2.0,572899.0,41000.0,12.0,5.0,0.07156584319400104,7,0,522586.01561000146,0.009451013302514346,1,1.975107199950985e-05,0.0009530464731684012,1.0,True,1,1,0.1641,0.133,0.083,0.255,0.0543,1.0,0.6894
100000008771627100,peripheral,R8a,0.5,2,0.0691,"разовый входящий 16 тыс ₸ от 1 плательщика, дальше не отправлял; меньше 100 тыс ₸ — признаков роли нет",2,False,False,1.0,0.0,16500.0,0.0,1.0,0.0,0.0,1,0,283.55267100065106,5.128074585888974e-06,0,0.0,0.00029247570347654204,,True,0,1,0.0038,0.0245,0.0367,0.03,0.0148,1.0,0.1098
100000000031787100,transit,R4,0.65,9,0.4074,пропускает дальше 100% полученного (90 тыс ₸ → 90 тыс ₸); 44% ушло за ≤2 дн. — признаки транзита,2,False,False,1.0,2.0,90000.0,90000.0,2.0,4.0,1.0,1,0,48648.648648648654,0.0008798150195256116,1,4.0308310203081327e-07,0.0004334042285692288,0.4444444444444444,True,1,1,0.0501,0.1033,0.0742,0.12,0.0148,1.0,0.3624
100000001346560100,peripheral,R8b,0.4,3,0.3006,отдаёт 222% от полученного в выборке (10 тыс ₸ → 22 тыс ₸): входящие извне не видны — признаков роли по данным недостаточно,2,False,False,2.0,1.0,10000.0,22200.0,2.0,1.0,2.22,11,0,5755.274462803369,0.00010408463656281344,0,2.6200401632002863e-05,0.0005891553059540461,0.22522522522522523,True,0,1,0.0172,0.0494,0.0869,0.03,0.0992,1.0,0.2827
100000001703168100,peripheral,R8b,0.4,3,0.2776,отдаёт 200% от полученного в выборке (45 тыс ₸ → 90 тыс ₸): входящие извне не видны — признаков роли по данным недостаточно,2,False,False,1.0,1.0,45000.0,90000.0,1.0,1.0,2.0,7,0,636.1728734072447,1.1505241452457221e-05,0,1.9549530448494444e-05,0.000293972988119775,0.5,True,0,1,0.0057,0.0945,0.081,0.03,0.0543,1.0,0.2655
100000004904960100,terminal,R6,0.5,1,0.3132,"конечный получатель в выборке: получил 32 тыс ₸ от 2 плательщиков, исходящих от 5 000 ₸ в банке не наблюдается",2,False,False,2.0,0.0,32000.0,0.0,2.0,0.0,0.0,10,0,7863.513446540172,0.00014221232097265727,0,0.0,0.0007812763224699232,,True,0,1,0.0201,0.0492,0.0367,0.09,0.0961,1.0,0.2921
100000004467157100,peripheral,R8c,0.5,33,0.169,"вход 1 / выход 1, оборот 27 тыс ₸ — признаков роли нет",2,False,False,1.0,1.0,20000.0,7000.0,3.0,1.0,0.35,7,0,8265.937466403026,0.00014949019418657327,1,0.0,0.00038823565156986584,0.0,True,1,1,0.0206,0.0428,0.0367,0.03,0.0543,1.0,0.1844
100000008346837100,coordinator,R1,0.785,14,0.7573,"получает от 9 плательщиков и рассылает 25 получателям (254 тыс ₸ → 1,3 млн ₸); узел-посредник, betweenness в топ-1% — признаки координатора",2,False,False,9.0,25.0,254359.0,1258643.0,12.0,26.0,4.948293553599441,7,0,13600.731826243045,0.0002459704117105219,1,0.009135023615963252,0.0005497850035412784,0.16728333610086418,True,2,4,0.0265,0.1429,0.1,0.3,0.0543,1.0,0.6237
100000006385877100,peripheral,R8c,0.5,9,0.1952,"вход 1 / выход 1, оборот 90 тыс ₸ — признаков роли нет",2,False,False,1.0,1.0,53706.62,36602.93,5.0,5.0,0.6815347903107661,1,0,30114.581514548885,0.0005446248119774737,1,0.0,0.0021366719296378777,0.3033344598369584,True,1,1,0.0394,0.0831,0.0367,0.03,0.0148,1.0,0.204
100000002459093100,peripheral,R8c,0.5,10,0.3227,"вход 1 / выход 1, оборот 555 тыс ₸ — признаков роли нет",2,False,False,1.0,1.0,500000.0,55000.0,2.0,3.0,0.11,1,0,42682.9268292683,0.0007719244243127826,1,1.2092493060924398e-06,0.0003909707696326593,0.0,False,0,1,0.0469,0.1315,0.076,0.03,0.0148,1.0,0.2992
100000005053653100,peripheral,R8c,0.5,14,0.2649,"вход 2 / выход 1, оборот 88 тыс ₸ — признаков роли нет",2,False,False,2.0,1.0,63073.0,25000.0,2.0,1.0,0.3963661154535221,7,0,1503.8607346224455,2.7197451488354977e-05,0,1.9549530448494444e-05,0.00031499740324346945,0.0,False,0,1,0.0088,0.0819,0.081,0.03,0.0543,1.0,0.256
100000001557930100,peripheral,R8a,0.5,10,0.1272,"разовый входящий 35 тыс ₸ от 1 плательщика, дальше не отправлял; меньше 100 тыс ₸ — признаков роли нет",2,False,False,1.0,0.0,34610.0,0.0,1.0,0.0,0.0,1,0,8306.62150990693,0.00015022596863301853,0,0.0,0.0002934362552844041,,True,0,1,0.0207,0.051,0.0367,0.03,0.0148,1.0,0.1532
100000002820010100,peripheral,R8a,0.5,10,0.1189,"разовый входящий 30 тыс ₸ от 1 плательщика, дальше не отправлял; меньше 100 тыс ₸ — признаков роли нет",2,False,False,1.0,0.0,30000.0,0.0,1.0,0.0,0.0,1,0,7200.192005120136,0.000130216095318999,0,0.0,0.00029255882288773506,,True,0,1,0.0193,0.0462,0.0367,0.03,0.0148,1.0,0.147
100000000769919100,terminal,R6,0.58,64,0.3983,"конечный получатель в выборке: получил 250 тыс ₸ от 1 плательщика, исходящих от 5 000 ₸ в банке не наблюдается",2,False,False,1.0,0.0,250000.0,0.0,1.0,0.0,0.0,1,0,200000.0,0.003617017302494181,0,0.0,0.0007385917129711809,,True,0,1,0.1015,0.1126,0.0367,0.09,0.0148,1.0,0.3556
100000003188607100,peripheral,R8c,0.5,9,0.1593,"вход 1 / выход 1, оборот 23 тыс ₸ — признаков роли нет",2,False,False,1.0,1.0,18000.0,5000.0,1.0,1.0,0.2777777777777778,1,0,9729.72972972973,0.00017596300390512233,0,6.046246530462199e-07,0.00031615992625395645,0.0,False,0,1,0.0224,0.0352,0.0748,0.03,0.0148,1.0,0.1772
100000002836052100,peripheral,R8a,0.5,3,0.2003,"разовый входящий 15 тыс ₸ от 1 плательщика, дальше не отправлял; меньше 100 тыс ₸ — признаков роли нет",2,False,False,1.0,0.0,15000.0,0.0,1.0,0.0,0.0,11,0,8632.911694205053,0.00015612695484422016,0,0.0,0.00030702799179248394,,True,0,1,0.0211,0.0208,0.0367,0.03,0.0992,1.0,0.2078
100000001102676100,transit,R4,0.85,3,0.4526,пропускает дальше 100% полученного (50 тыс ₸ → 50 тыс ₸); 100% ушло за ≤2 дн. — признаки транзита,2,False,False,1.0,1.0,50000.0,50000.0,1.0,1.0,1.0,8,0,6789.354402960997,0.00012278606174137487,0,2.43865276728642e-05,0.0003144267344263659,1.0,True,0,1,0.0187,0.087,0.0866,0.12,0.0839,1.0,0.3962
100000003390036100,peripheral,R8c,0.5,11,0.4662,"вход 2 / выход 2, оборот 293 тыс ₸ — признаков роли нет",2,False,False,2.0,2.0,231300.0,62000.0,4.0,2.0,0.2680501513186338,11,0,90960.53719754174,0.00164502918443837,2,7.960891265108562e-05,0.0013293331293250184,0.16129032258064516,True,0,1,0.0685,0.1161,0.0925,0.03,0.0992,1.0,0.4063
100000008335401100,terminal,R6,0.535,8,0.3705,"конечный получатель в выборке: получил 150 тыс ₸ от 1 плательщика, исходящих от 5 000 ₸ в банке не наблюдается",2,False,False,1.0,0.0,150000.0,0.0,3.0,0.0,0.0,9,0,7520.642602297499,0.0001360114720919246,1,0.0,0.0005536444343072919,,True,0,1,0.0197,0.0976,0.0367,0.09,0.0909,1.0,0.3349
100000006994985100,transit,R4,0.65,10,0.4012,пропускает дальше 21% полученного (48 тыс ₸ → 10 тыс ₸); 100% ушло за ≤2 дн. — признаки транзита,2,False,False,1.0,1.0,48500.0,10200.0,2.0,2.0,0.21030927835051547,7,0,16871.359896876365,0.00030512000331804124,1,1.9952613550525257e-05,0.0005035182505388559,1.0,True,0,1,0.0295,0.0704,0.0836,0.12,0.0543,1.0,0.3578
100000008356606100,terminal,R6,0.545,28,0.3215,"конечный получатель в выборке: получил 168 тыс ₸ от 2 плательщиков, исходящих от 5 000 ₸ в банке не наблюдается",2,False,False,2.0,0.0,168500.0,0.0,2.0,0.0,0.0,7,0,4579.238469657883,8.281592388499768e-05,0,0.0,0.0006295168076387285,,True,0,1,0.0154,0.1019,0.0367,0.09,0.0543,1.0,0.2983
100000007930878100,peripheral,R8a,0.5,47,0.0558,"разовый входящий 5 тыс ₸ от 1 плательщика, дальше не отправлял; меньше 100 тыс ₸ — признаков роли нет",2,False,False,1.0,0.0,5000.0,0.0,1.0,0.0,0.0,1,0,5000.0,9.042543256235452e-05,0,0.0,0.00048566826131267427,,True,0,1,0.016,0.0024,0.0367,0.03,0.0148,1.0,0.0999
100000008389800100,peripheral,R8b,0.4,4,0.3746,отдаёт 212% от полученного в выборке (189 тыс ₸ → 402 тыс ₸): входящие извне не видны — признаков роли по данным недостаточно,2,False,False,3.0,7.0,189000.0,401620.0,3.0,8.0,2.124973544973545,7,0,13128.304212139237,0.00023742651743857427,0,0.00016203940701638693,0.000507290710970135,0.4168119117573826,True,2,1,0.026,0.1324,0.0952,0.03,0.0543,1.0,0.3379
100000005474472100,terminal,R6,0.5,24,0.2747,"конечный получатель в выборке: получил 100 тыс ₸ от 1 плательщика, исходящих от 5 000 ₸ в банке не наблюдается",2,False,False,1.0,0.0,100000.0,0.0,1.0,0.0,0.0,1,0,23500.0,0.00042499953304306624,0,0.0,0.0005473363131713985,,True,0,1,0.0348,0.087,0.0367,0.09,0.0148,1.0,0.2633
100000004486525100,consolidator,R3,0.683,1,0.6551,"получает 361 тыс ₸ от 8 плательщиков, отдаёт дальше 75% полученного — признаки консолидации",2,False,False,8.0,2.0,360924.0,271045.0,21.0,3.0,0.7509752745730403,7,0,13366.156125220692,0.0002417280898638091,4,4.836997224369759e-06,0.0008092867088737128,0.4050618900920511,True,0,5,0.0262,0.1335,0.0784,0.255,0.0543,1.0,0.5474
100000003031890100,terminal,R6,0.566,23,0.2738,"конечный получатель в выборке: получил 215 тыс ₸ от 1 плательщика, исходящих от 5 000 ₸ в банке не наблюдается",2,False,False,1.0,0.0,215000.0,0.0,10.0,0.0,0.0,1,0,3265.9581496587807,5.906513568268845e-05,1,0.0,0.00039383644638884126,,True,0,1,0.013,0.1082,0.0367,0.09,0.0148,1.0,0.2627
100000008624978100,terminal,R6,0.507,18,0.3598,"конечный получатель в выборке: получил 109 тыс ₸ от 1 плательщика, исходящих от 5 000 ₸ в банке не наблюдается",2,False,False,1.0,0.0,109000.0,0.0,1.0,0.0,0.0,8,0,13870.121579737603,0.00025084234870804414,0,0.0,0.0003395339554248348,,True,0,1,0.0267,0.0896,0.0367,0.09,0.0839,1.0,0.3269
100000000790311100,peripheral,R8a,0.5,16,0.1757,"разовый входящий 46 тыс ₸ от 1 плательщика, дальше не отправлял; меньше 100 тыс ₸ — признаков роли нет",2,False,False,1.0,0.0,46300.0,0.0,1.0,0.0,0.0,7,0,1283.4504548613534,2.321131251063771e-05,0,0.0,0.00030163839286252155,,True,0,1,0.0081,0.0603,0.0367,0.03,0.0543,1.0,0.1894
100000008546855100,consolidator,R3,0.63,19,0.5756,"получает 72 тыс ₸ от 6 плательщиков, отдаёт дальше 14% полученного — признаки консолидации",2,False,False,6.0,2.0,71790.0,10000.0,8.0,2.0,0.1392951664577239,7,0,1518.8433975720704,2.7468414243986134e-05,1,5.985784065157577e-05,0.001432074076194213,1.0,True,2,5,0.0088,0.0789,0.091,0.255,0.0543,1.0,0.488
100000002863356100,peripheral,R8c,0.5,2,0.1907,"вход 1 / выход 1, оборот 65 тыс ₸ — признаков роли нет",2,False,False,1.0,1.0,45000.0,20000.0,1.0,1.0,0.4444444444444444,1,0,773.325466365412,1.3985657961515386e-05,0,1.4107908571078464e-06,0.00030219481286078475,0.0,False,0,1,0.0063,0.0731,0.0764,0.03,0.0148,1.0,0.2006
100000000332284100,consolidator,R3,0.737,5,0.6514,"получает 107 тыс ₸ от 10 плательщиков, отдаёт дальше 269% полученного — признаки консолидации",2,False,False,10.0,3.0,107426.0,289500.0,12.0,3.0,2.69487833485376,7,0,6538.783093082596,0.00011825445792468084,2,0.0001110070323494966,0.0007202107423552581,0.07599309153713299,True,0,3,0.0184,0.1234,0.0935,0.255,0.0543,1.0,0.5446
100000002605308100,consolidator,R3,0.55,15,0.695,"получает 2,6 млн ₸ от 3 плательщиков, отдаёт дальше 0% полученного — признаки консолидации",2,False,False,3.0,0.0,2569521.84,0.0,7.0,0.0,0.0,11,0,30010.23743226806,0.0005427377402223606,2,0.0,0.000889148934003877,,True,0,1,0.0393,0.147,0.0367,0.255,0.0992,1.0,0.5772
100000005931985100,peripheral,R8a,0.5,13,0.1447,"разовый входящий 76 тыс ₸ от 1 плательщика, дальше не отправлял; меньше 100 тыс ₸ — признаков роли нет",2,False,False,1.0,0.0,76000.0,0.0,1.0,0.0,0.0,1,0,1106.8889271386392,2.0018182006998395e-05,0,0.0,0.0003142927971074446,,True,0,1,0.0076,0.0772,0.0367,0.03,0.0148,1.0,0.1663
100000001166289100,transit,R4,0.65,2,0.3535,пропускает дальше 3% полученного (721 тыс ₸ → 25 тыс ₸); 100% ушло за ≤2 дн. — признаки транзита,2,False,False,2.0,1.0,721039.0,25000.0,10.0,1.0,0.0346721883282319,1,0,4751.973695896888,8.593985539528132e-05,1,0.0,0.0020451081794251777,1.0,True,1,1,0.0156,0.1351,0.0367,0.12,0.0148,1.0,0.3222
100000008477350100,coordinator,R1,0.825,1,0.7897,"получает от 11 плательщиков и рассылает 39 получателям (610 тыс ₸ → 3,4 млн ₸); узел-посредник, betweenness в топ-1% — признаки координатора",2,False,False,11.0,39.0,610100.0,3374866.0,14.0,44.0,5.531660383543682,7,0,40938.53602901337,0.0007403769657786138,2,0.0025603192438946824,0.0010386088331617244,0.13082000885368486,True,1,2,0.0459,0.1483,0.0994,0.3,0.0543,1.0,0.6479
100000003824464100,terminal,R6,0.56,22,0.3312,"конечный получатель в выборке: получил 200 тыс ₸ от 1 плательщика, исходящих от 5 000 ₸ в банке не наблюдается",2,False,False,1.0,0.0,200000.0,0.0,1.0,0.0,0.0,7,0,6190.7645484689165,0.00011196051243739822,0,0.0,0.00032468634510831316,,True,0,1,0.0179,0.1066,0.0367,0.09,0.0543,1.0,0.3055
100000002738256100,transit,R4,0.85,51,0.4271,пропускает дальше 117% полученного (150 тыс ₸ → 175 тыс ₸); 86% ушло за ≤2 дн. — признаки транзита,2,False,False,1.0,1.0,150200.0,175000.0,1.0,1.0,1.1651131824234353,1,0,146778.8390889052,0.0026545080031228963,0,0.0,0.0005102377719203939,0.8582857142857143,True,1,1,0.087,0.1186,0.0367,0.12,0.0148,1.0,0.3771
100000001857829100,peripheral,R8b,0.4,6,0.3845,"отдаёт 269% от полученного в выборке (889 тыс ₸ → 2,4 млн ₸): входящие извне не видны — признаков роли по данным недостаточно",2,False,False,6.0,16.0,888535.0,2390993.0,9.0,16.0,2.690938454872346,7,0,3995.891443337059,7.226604244719294e-05,2,0.0019931717062415936,0.0006231476278116462,0.36785343997242986,True,2,3,0.0143,0.1478,0.0989,0.03,0.0543,1.0,0.3453
100000008672762100,peripheral,R8a,0.5,2,0.0589,"разовый входящий 13 тыс ₸ от 1 плательщика, дальше не отправлял; меньше 100 тыс ₸ — признаков роли нет",2,False,False,1.0,0.0,13000.0,0.0,1.0,0.0,0.0,1,0,223.4051347277857,4.040301188882223e-06,0,0.0,0.00029128212863988067,,True,0,1,0.0034,0.0173,0.0367,0.03,0.0148,1.0,0.1022
100000001737722100,peripheral,R8a,0.5,3,0.2475,"разовый входящий 60 тыс ₸ от 1 плательщика, дальше не отправлял; меньше 100 тыс ₸ — признаков роли нет",2,False,False,1.0,0.0,60460.0,0.0,1.0,0.0,0.0,8,0,8209.687344060438,0.0001484729058576705,0,0.0,0.00032019602770712264,,True,0,1,0.0206,0.0718,0.0367,0.03,0.0839,1.0,0.243
100000005572303100,peripheral,R8c,0.5,4,0.2997,"вход 1 / выход 1, оборот 95 тыс ₸ — признаков роли нет",2,False,False,1.0,1.0,75000.0,20000.0,1.0,1.0,0.26666666666666666,7,0,11958.159952928132,0.00021626435727867027,0,3.909906089698889e-05,0.00031467414913640464,0.0,False,0,1,0.0248,0.085,0.0879,0.03,0.0543,1.0,0.282
100000008733049100,peripheral,R8a,0.5,16,0.105,"разовый входящий 10 тыс ₸ от 1 плательщика, дальше не отправлял; меньше 100 тыс ₸ — признаков роли нет",2,False,False,1.0,0.0,10000.0,0.0,1.0,0.0,0.0,7,0,277.2031220002923,5.013242442902313e-06,0,0.0,0.00029004313624476756,,True,0,1,0.0038,0.0118,0.0367,0.03,0.0543,1.0,0.1366
100000000850297100,transit,R4,0.85,8,0.2274,пропускает дальше 100% полученного (18 тыс ₸ → 18 тыс ₸); 100% ушло за ≤2 дн. — признаки транзита,2,False,False,1.0,1.0,17520.0,17520.0,1.0,1.0,1.0,1,0,408.47037678382566,7.387222101917074e-06,0,0.0,0.00029523091616549607,1.0,True,1,1,0.0046,0.0519,0.0367,0.12,0.0148,1.0,0.228
100000005140601100,peripheral,R8b,0.4,6,0.3313,отдаёт 371% от полученного в выборке (53 тыс ₸ → 195 тыс ₸): входящие извне не видны — признаков роли по данным недостаточно,2,False,False,3.0,2.0,52685.0,195300.0,4.0,5.0,3.706937458479643,7,0,12405.872979883123,0.0002243612861039115,1,1.9952613550525257e-05,0.002722467733920165,0.17247823860727088,True,2,2,0.0253,0.1124,0.0836,0.03,0.0543,1.0,0.3056
100000004410489100,peripheral,R8a,0.5,1,0.1895,"разовый входящий 54 тыс ₸ от 1 плательщика, дальше не отправлял; меньше 100 тыс ₸ — признаков роли нет",2,False,False,1.0,0.0,54000.0,0.0,1.0,0.0,0.0,7,0,2104.212677416196,3.805486831170994e-05,0,0.0,0.00031562085779525466,,True,0,1,0.0104,0.0683,0.0367,0.03,0.0543,1.0,0.1997
100000006852430100,peripheral,R8a,0.5,11,0.2738,"разовый входящий 37 тыс ₸ от 1 плательщика, дальше не отправлял; меньше 100 тыс ₸ — признаков роли нет",2,False,False,1.0,0.0,37000.0,0.0,1.0,0.0,0.0,11,0,37000.0,0.0006691482009614234,0,0.0,0.0005385501553326393,,True,0,1,0.0437,0.0531,0.0367,0.03,0.0992,1.0,0.2627
100000003166755100,peripheral,R8a,0.5,3,0.1401,"разовый входящий 24 тыс ₸ от 1 плательщика, дальше не отправлял; меньше 100 тыс ₸ — признаков роли нет",2,False,False,1.0,0.0,24010.0,0.0,1.0,0.0,0.0,7,0,339.43357090017656,6.13868549496662e-06,0,0.0,0.00029064997378726564,,True,0,1,0.0042,0.0376,0.0367,0.03,0.0543,1.0,0.1628
100000008258083100,peripheral,R8c,0.5,31,0.3805,"вход 2 / выход 2, оборот 5,2 млн ₸ — признаков роли нет",2,False,False,2.0,2.0,3149500.0,2045650.0,13.0,6.0,0.6495157961581204,7,0,5196.73354728125,9.398337578484122e-05,1,7.90042879980394e-05,0.0010544317053486937,0.05743895583310928,True,1,1,0.0164,0.1493,0.0923,0.03,0.0543,1.0,0.3423
100000003054328100,transit,R4,0.65,13,0.3763,пропускает дальше 138% полученного (140 тыс ₸ → 194 тыс ₸); 72% ушло за ≤2 дн. — признаки транзита,2,False,False,1.0,2.0,140000.0,193720.0,1.0,2.0,1.3837142857142857,1,0,2039.0059184132826,3.687559843394441e-05,0,8.061662040616265e-07,0.000337403488839913,0.7226925459425976,True,0,1,0.0102,0.119,0.0752,0.12,0.0148,1.0,0.3392
100000008473207100,terminal,R6,0.561,3,0.4719,"конечный получатель в выборке: получил 202 тыс ₸ от 1 плательщика, исходящих от 5 000 ₸ в банке не наблюдается",2,False,False,1.0,0.0,202000.0,0.0,4.0,0.0,0.0,11,0,116256.54414862806,0.0021025096585688316,1,0.0,0.0005585946177220589,,True,0,1,0.0774,0.1073,0.0367,0.09,0.0992,1.0,0.4106
100000008104567100,peripheral,R8c,0.5,8,0.3069,"вход 3 / выход 3, оборот 94 тыс ₸ — признаков роли нет",2,False,False,3.0,3.0,53550.0,40000.0,3.0,4.0,0.7469654528478058,7,0,7722.987692831876,0.00013967090055961256,0,0.0020607287688740312,0.0005404037708096601,0.3,True,0,1,0.0199,0.0841,0.0991,0.03,0.0543,1.0,0.2874
100000002721825100,peripheral,R8a,0.5,1,0.1356,"разовый входящий 11 тыс ₸ от 1 плательщика, дальше не отправлял; меньше 100 тыс ₸ — признаков роли нет",2,False,False,1.0,0.0,11000.0,0.0,1.0,0.0,0.0,7,0,11000.0,0.00019893595163717994,0,0.0,0.0005337416422068964,,True,0,1,0.0238,0.0147,0.0367,0.03,0.0543,1.0,0.1595
100000003509750100,transit,R4,0.85,10,0.383,пропускает дальше 95% полученного (82 тыс ₸ → 78 тыс ₸); 74% ушло за ≤2 дн. — признаки транзита,2,False,False,3.0,3.0,82290.0,78400.0,4.0,5.0,0.9527281565196257,1,0,19750.125118695974,0.0003571827214037414,1,2.0154155101540663e-06,0.0016926685491983375,0.7448979591836735,True,2,1,0.0319,0.1002,0.0773,0.12,0.0148,1.0,0.3442
100000007322059100,peripheral,R8c,0.5,34,0.3028,"вход 2 / выход 1, оборот 52 тыс ₸ — признаков роли нет",2,False,False,2.0,1.0,29000.0,22500.0,2.0,2.0,0.7758620689655172,8,0,4318.204283219076,7.809509804053941e-05,0,4.071139330511214e-05,0.0006829348691683643,0.6888888888888889,True,1,1,0.0149,0.0663,0.0892,0.03,0.0839,1.0,0.2843
100000004441291100,peripheral,R8a,0.5,3,0.2159,"разовый входящий 20 тыс ₸ от 1 плательщика, дальше не отправлял; меньше 100 тыс ₸ — признаков роли нет",2,False,False,1.0,0.0,20000.0,0.0,1.0,0.0,0.0,10,0,13010.211700319289,0.00023529080414583554,0,0.0,0.0005512351398546671,,True,0,1,0.0259,0.0307,0.0367,0.03,0.0961,1.0,0.2194
100000006122699100,terminal,R6,0.5,4,0.2681,"конечный получатель в выборке: получил 46 тыс ₸ от 2 плательщиков, исходящих от 5 000 ₸ в банке не наблюдается",2,False,False,2.0,0.0,45865.0,0.0,2.0,0.0,0.0,7,0,5973.034173885399,0.00010802283977666261,0,0.0,0.00040648693382533895,,True,0,2,0.0175,0.0599,0.0367,0.09,0.0543,1.0,0.2584
100000008254069100,peripheral,R8b,0.4,20,0.3505,отдаёт 1054% от полученного в выборке (10 тыс ₸ → 108 тыс ₸): входящие извне не видны — признаков роли по данным недостаточно,2,False,False,1.0,5.0,10200.0,107500.0,2.0,6.0,10.53921568627451,8,0,9075.168412775995,0.00016412520586029712,1,9.511417597587089e-05,0.0003440074767659772,0.09302325581395349,True,1,1,0.0216,0.0917,0.0927,0.03,0.0839,1.0,0.3199
100000003336565100,peripheral,R8a,0.5,2,0.0693,"разовый входящий 17 тыс ₸ от 1 плательщика, дальше не отправлял; меньше 100 тыс ₸ — признаков роли нет",2,False,False,1.0,0.0,16550.0,0.0,1.0,0.0,0.0,1,0,284.41192151883484,5.143614205846214e-06,0,0.0,0.0002924927545456372,,True,0,1,0.0038,0.0247,0.0367,0.03,0.0148,1.0,0.11
100000002492277100,terminal,R6,0.528,3,0.3049,"конечный получатель в выборке: получил 138 тыс ₸ от 1 плательщика, исходящих от 5 000 ₸ в банке не наблюдается",2,False,False,1.0,0.0,138500.0,0.0,1.0,0.0,0.0,7,0,1957.9987325978532,3.541057647034056e-05,0,0.0,0.0003087753625880756,,True,0,1,0.01,0.0949,0.0367,0.09,0.0543,1.0,0.2859
100000001339466100,peripheral,R8a,0.5,3,0.2153,"разовый входящий 30 тыс ₸ от 1 плательщика, дальше не отправлял; меньше 100 тыс ₸ — признаков роли нет",2,False,False,1.0,0.0,30000.0,0.0,1.0,0.0,0.0,9,0,4469.323098749305,8.082809489306573e-05,0,0.0,0.0003052558285683319,,True,0,1,0.0152,0.0462,0.0367,0.03,0.0909,1.0,0.219
100000005022964100,peripheral,R8a,0.5,3,0.2137,"разовый входящий 20 тыс ₸ от 1 плательщика, дальше не отправлял; меньше 100 тыс ₸ — признаков роли нет",2,False,False,1.0,0.0,20000.0,0.0,1.0,0.0,0.0,10,0,11475.409836065573,0.00020753377965130546,0,0.0,0.00032882149919400105,,True,0,1,0.0243,0.0307,0.0367,0.03,0.0961,1.0,0.2178
100000003112436100,terminal,R6,0.5,4,0.3255,"конечный получатель в выборке: получил 100 тыс ₸ от 1 плательщика, исходящих от 5 000 ₸ в банке не наблюдается",2,False,False,1.0,0.0,100000.0,0.0,1.0,0.0,0.0,7,0,21505.044049875338,0.00038892058209649314,0,0.0,0.000303482769797766,,True,0,1,0.0333,0.087,0.0367,0.09,0.0543,1.0,0.3013
100000000489417100,consolidator,R3,0.55,14,0.6213,"получает 74 тыс ₸ от 3 плательщиков, отдаёт дальше 109% полученного — признаки консолидации",2,False,False,3.0,1.0,73504.0,80000.0,3.0,1.0,1.0883761427949499,7,0,23494.199638006285,0.00042489463299460626,0,1.4286112009987653e-05,0.0005541705311196952,0.25,True,0,2,0.0348,0.099,0.079,0.255,0.0543,1.0,0.5221
100000002217161100,peripheral,R8b,0.4,35,0.3697,отдаёт 246% от полученного в выборке (405 тыс ₸ → 995 тыс ₸): входящие извне не видны — признаков роли по данным недостаточно,2,False,False,2.0,7.0,404750.0,995132.0,15.0,19.0,2.4586337245213095,7,0,3190.615120509303,5.770255048240852e-05,1,0.0001578070344450634,0.0008950795792368226,0.233134900696591,True,1,1,0.0128,0.1422,0.095,0.03,0.0543,1.0,0.3343
100000002469065100,terminal,R6,0.56,4,0.3703,"конечный получатель в выборке: получил 200 тыс ₸ от 1 плательщика, исходящих от 5 000 ₸ в банке не наблюдается",2,False,False,1.0,0.0,200000.0,0.0,1.0,0.0,0.0,7,0,43010.088099750676,0.0007778411641929863,0,0.0,0.00032011668892039367,,True,0,1,0.0471,0.1066,0.0367,0.09,0.0543,1.0,0.3347
100000007337374100,peripheral,R8a,0.5,2,0.0779,"разовый входящий 20 тыс ₸ от 1 плательщика, дальше не отправлял; меньше 100 тыс ₸ — признаков роли нет",2,False,False,1.0,0.0,20000.0,0.0,2.0,0.0,0.0,1,0,343.70020727351647,6.215847982895727e-06,1,0.0,0.0002936692783132034,,True,0,1,0.0042,0.0307,0.0367,0.03,0.0148,1.0,0.1164
100000003249054100,consolidator,R3,0.657,3,0.5911,"получает 100 тыс ₸ от 7 плательщиков, отдаёт дальше 15% полученного — признаки консолидации",2,False,False,7.0,1.0,99700.0,15000.0,11.0,1.0,0.15045135406218657,7,0,1988.4109249811963,3.596058360062723e-05,3,4.030831020308133e-05,0.00043335777474713975,0.0,True,0,2,0.0101,0.0912,0.089,0.255,0.0543,1.0,0.4996
100000003024542100,peripheral,R8a,0.5,3,0.1793,"разовый входящий 8 тыс ₸ от 1 плательщика, дальше не отправлял; меньше 100 тыс ₸ — признаков роли нет",2,False,False,1.0,0.0,8500.0,0.0,1.0,0.0,0.0,10,0,8500.0,0.00015372323535600268,0,0.0,0.0003193616373288561,,True,0,1,0.0209,0.0084,0.0367,0.03,0.0961,1.0,0.1921
100000002718366100,consolidator,R3,0.63,7,0.6993,"получает 2,5 млн ₸ от 6 плательщиков, отдаёт дальше 0% полученного — признаки консолидации",2,False,False,6.0,0.0,2525000.0,0.0,10.0,0.0,0.0,9,0,50632.40023508667,0.0009156913385855946,3,0.0,0.0006841578453752235,,True,0,3,0.0511,0.1467,0.0367,0.255,0.0909,1.0,0.5804
100000005059998100,peripheral,R8a,0.5,1,0.1272,"разовый входящий 18 тыс ₸ от 1 плательщика, дальше не отправлял; меньше 100 тыс ₸ — признаков роли нет",2,False,False,1.0,0.0,18000.0,0.0,1.0,0.0,0.0,7,0,423.03172737955344,7.650565387179231e-06,0,0.0,0.00029724095996010055,,True,0,1,0.0047,0.0275,0.0367,0.03,0.0543,1.0,0.1532
100000004071070100,transit,R4,0.65,1,0.3179,пропускает дальше 15% полученного (41 тыс ₸ → 6 тыс ₸); 100% ушло за ≤2 дн. — признаки транзита,2,False,False,2.0,1.0,41000.0,6000.0,5.0,1.0,0.14634146341463414,7,0,10769.97931388754,0.00019477600762917818,1,0.0,0.0011947359230789773,1.0,True,1,1,0.0236,0.061,0.0367,0.12,0.0543,1.0,0.2956
100000001584286100,terminal,R6,0.674,13,0.3906,"конечный получатель в выборке: получил 739 тыс ₸ от 2 плательщиков, исходящих от 5 000 ₸ в банке не наблюдается",2,False,False,2.0,0.0,738699.0,0.0,3.0,0.0,0.0,8,0,369.85961375352537,6.68894311220158e-06,1,0.0,0.0003299418914084697,,True,0,1,0.0044,0.1349,0.0367,0.09,0.0839,1.0,0.3499
100000008701256100,peripheral,R8a,0.5,25,0.1905,"разовый входящий 58 тыс ₸ от 1 плательщика, дальше не отправлял; меньше 100 тыс ₸ — признаков роли нет",2,False,False,1.0,0.0,58250.0,0.0,1.0,0.0,0.0,7,0,1665.4224868547135,3.0119309754581933e-05,0,0.0,0.0003050991958415399,,True,0,1,0.0093,0.0702,0.0367,0.03,0.0543,1.0,0.2005
100000001490461100,peripheral,R8c,0.5,8,0.261,"вход 1 / выход 1, оборот 25 тыс ₸ — признаков роли нет",2,False,False,1.0,1.0,20000.0,5000.0,1.0,1.0,0.25,9,0,1002.7523469729998,1.8134862945589944e-05,0,2.2371112162710136e-05,0.0003224215951594255,0.0,True,0,1,0.0072,0.0391,0.0859,0.03,0.0909,1.0,0.2531
100000008531186100,terminal,R6,0.519,3,0.3796,"конечный получатель в выборке: получил 125 тыс ₸ от 1 плательщика, исходящих от 5 000 ₸ в банке не наблюдается",2,False,False,1.0,0.0,125000.0,0.0,1.0,0.0,0.0,9,0,18622.179578122104,0.00033678372872110717,0,0.0,0.0003635445918967781,,True,0,1,0.031,0.0931,0.0367,0.09,0.0909,1.0,0.3417
100000004765639100,peripheral,R8b,0.4,1,0.1363,отдаёт 220% от полученного в выборке (5 тыс ₸ → 11 тыс ₸): входящие извне не видны — признаков роли по данным недостаточно,2,False,False,1.0,2.0,5000.0,11000.0,1.0,2.0,2.2,7,0,4563.135408867359,8.252469863748548e-05,0,0.0,0.00036341982857224947,0.45454545454545453,True,1,1,0.0153,0.0237,0.0367,0.03,0.0543,1.0,0.16
100000002983879100,terminal,R6,0.56,3,0.3967,"конечный получатель в выборке: получил 200 тыс ₸ от 2 плательщиков, исходящих от 5 000 ₸ в банке не наблюдается",2,False,False,2.0,0.0,200050.0,0.0,2.0,0.0,0.0,9,0,17101.06688637681,0.00030927427409567607,0,0.0,0.0003596532513469963,,True,0,1,0.0297,0.1071,0.0367,0.09,0.0909,1.0,0.3544
100000008734364100,peripheral,R8a,0.5,2,0.0934,"разовый входящий 26 тыс ₸ от 1 плательщика, дальше не отправлял; меньше 100 тыс ₸ — признаков роли нет",2,False,False,1.0,0.0,26200.0,0.0,1.0,0.0,0.0,1,0,450.24727152830656,8.142760857593402e-06,0,0.0,0.0002957836108810036,,True,0,1,0.0048,0.0417,0.0367,0.03,0.0148,1.0,0.128
100000003192220100,peripheral,R8a,0.5,57,0.2306,"разовый входящий 60 тыс ₸ от 1 плательщика, дальше не отправлял; меньше 100 тыс ₸ — признаков роли нет",2,False,False,1.0,0.0,60000.0,0.0,2.0,0.0,0.0,7,0,28392.478950566212,0.0005134804381244991,1,0.0,0.0005055687274859196,,True,0,1,0.0382,0.0712,0.0367,0.03,0.0543,1.0,0.2304
100000008060273100,peripheral,R8a,0.5,3,0.183,"разовый входящий 10 тыс ₸ от 1 плательщика, дальше не отправлял; меньше 100 тыс ₸ — признаков роли нет",2,False,False,1.0,0.0,10000.0,0.0,2.0,0.0,0.0,11,0,5755.274462803369,0.00010408463656281344,1,0.0,0.0003003016114200354,,True,0,1,0.0172,0.0118,0.0367,0.03,0.0992,1.0,0.1949
100000008205937100,peripheral,R8a,0.5,14,0.2398,"разовый входящий 35 тыс ₸ от 1 плательщика, дальше не отправлял; меньше 100 тыс ₸ — признаков роли нет",2,False,False,1.0,0.0,35000.0,0.0,3.0,0.0,0.0,10,0,10266.19702424059,0.00018566506133746243,1,0.0,0.0003331058626868636,,True,0,1,0.023,0.0515,0.0367,0.03,0.0961,1.0,0.2373
100000005507142100,peripheral,R8b,0.4,36,0.2669,отдаёт 196% от полученного в выборке (51 тыс ₸ → 100 тыс ₸): входящие извне не видны — признаков роли по данным недостаточно,2,False,False,3.0,3.0,51000.0,100000.0,3.0,4.0,1.9607843137254901,1,0,25260.11560693642,0.00045683137606646165,0,4.635455673354352e-06,0.0005613773840909432,0.0,True,2,1,0.0361,0.0982,0.0784,0.03,0.0148,1.0,0.2575
100000005539910100,peripheral,R8c,0.5,3,0.4094,"вход 1 / выход 2, оборот 124 тыс ₸ — признаков роли нет",2,False,False,1.0,2.0,102000.0,22000.0,1.0,2.0,0.21568627450980393,10,0,58524.59016393442,0.0010584222762216578,0,4.87730553457284e-05,0.0005009093581213382,0.0,True,0,1,0.0549,0.0929,0.09,0.03,0.0961,1.0,0.3639
100000002459163100,peripheral,R8a,0.5,55,0.1177,"разовый входящий 20 тыс ₸ от 1 плательщика, дальше не отправлял; меньше 100 тыс ₸ — признаков роли нет",2,False,False,1.0,0.0,20180.0,0.0,1.0,0.0,0.0,1,0,20180.0,0.0003649570458216629,0,0.0,0.0003630686982046429,,True,0,1,0.0322,0.0324,0.0367,0.03,0.0148,1.0,0.1461
100000004666651100,terminal,R6,0.627,62,0.4443,"конечный получатель в выборке: получил 429 тыс ₸ от 1 плательщика, исходящих от 5 000 ₸ в банке не наблюдается",2,False,False,1.0,0.0,429250.0,0.0,1.0,0.0,0.0,10,0,34183.03151926354,0.0006182030822844009,0,0.0,0.0004595487674556441,,True,0,1,0.042,0.1252,0.0367,0.09,0.0961,1.0,0.39
100000003927792100,peripheral,R8a,0.5,16,0.1133,"разовый входящий 13 тыс ₸ от 1 плательщика, дальше не отправлял; меньше 100 тыс ₸ — признаков роли нет",2,False,False,1.0,0.0,13067.0,0.0,1.0,0.0,0.0,7,0,362.2213195177819,6.550803900140452e-06,0,0.0,0.00029102282362897285,,True,0,1,0.0043,0.0175,0.0367,0.03,0.0543,1.0,0.1428
100000000607941100,peripheral,R8b,0.4,4,0.3049,отдаёт 140% от полученного в выборке (50 тыс ₸ → 70 тыс ₸): входящие извне не видны — признаков роли по данным недостаточно,2,False,False,2.0,1.0,50000.0,70000.0,3.0,4.0,1.4,7,0,6696.569573639753,0.00012110804007605533,1,5.864859134548333e-05,0.0005809708535676367,0.2857142857142857,True,1,1,0.0186,0.0924,0.0906,0.03,0.0543,1.0,0.2859
100000004158362100,peripheral,R8a,0.5,1,0.1166,"разовый входящий 12 тыс ₸ от 1 плательщика, дальше не отправлял; меньше 100 тыс ₸ — признаков роли нет",2,False,False,1.0,0.0,12000.0,0.0,1.0,0.0,0.0,7,0,1419.7505297780733,2.5676311157162854e-05,0,0.0,0.00029268634096807334,,True,0,1,0.0086,0.0157,0.0367,0.03,0.0543,1.0,0.1453
100000005664922100,peripheral,R8b,0.4,24,0.3026,отдаёт 2441% от полученного в выборке (22 тыс ₸ → 537 тыс ₸): входящие извне не видны — признаков роли по данным недостаточно,2,False,False,2.0,3.0,22000.0,537000.0,2.0,4.0,24.40909090909091,1,0,17159.774436090225,0.00031033600521117836,0,4.030831020308133e-06,0.000809451649809636,0.0,False,1,1,0.0297,0.1317,0.078,0.03,0.0148,1.0,0.2842
100000007594394100,consolidator,R3,0.63,19,0.7263,"получает 395 тыс ₸ от 6 плательщиков, отдаёт дальше 854% полученного — признаки консолидации",2,False,False,6.0,1.0,395385.0,3376312.0,6.0,40.0,8.539302199122375,9,0,7105.537376367278,0.00012850425816919776,0,3.681967445430835e-05,0.00040735504047843195,0.11710558739832101,True,1,2,0.0191,0.1481,0.0874,0.255,0.0909,1.0,0.6005
100000000979567100,peripheral,R8a,0.5,2,0.0774,"разовый входящий 10 тыс ₸ от 1 плательщика, дальше не отправлял; меньше 100 тыс ₸ — признаков роли нет",2,False,False,1.0,0.0,10000.0,0.0,1.0,0.0,0.0,1,0,10000.0,0.00018085086512470904,0,0.0,0.0005330555533176562,,True,0,1,0.0227,0.0118,0.0367,0.03,0.0148,1.0,0.116
100000002831727100,peripheral,R8b,0.4,19,0.2566,отдаёт 1283% от полученного в выборке (6 тыс ₸ → 77 тыс ₸): входящие извне не видны — признаков роли по данным недостаточно,2,False,False,1.0,1.0,6000.0,77000.0,1.0,3.0,12.833333333333334,7,0,492.3356643356644,8.903933082685327e-06,0,1.9549530448494444e-05,0.0002920478260255396,0.07792207792207792,True,0,1,0.005,0.0795,0.081,0.03,0.0543,1.0,0.2498
100000003062895100,terminal,R6,0.603,7,0.4046,"конечный получатель в выборке: получил 328 тыс ₸ от 2 плательщиков, исходящих от 5 000 ₸ в банке не наблюдается",2,False,False,2.0,0.0,328444.0,0.0,2.0,0.0,0.0,9,0,11156.256155626757,0.00020176185772979597,0,0.0,0.0004094487863860898,,True,0,1,0.024,0.1187,0.0367,0.09,0.0909,1.0,0.3603
100000008376089100,terminal,R6,0.526,31,0.2955,"конечный получатель в выборке: получил 135 тыс ₸ от 1 плательщика, исходящих от 5 000 ₸ в банке не наблюдается",2,False,False,1.0,0.0,135000.0,0.0,1.0,0.0,0.0,7,0,222.75250956754047,4.028498406398972e-06,0,0.0,0.00030378388739894335,,True,0,1,0.0034,0.0945,0.0367,0.09,0.0543,1.0,0.2789
100000003219438100,peripheral,R8a,0.5,33,0.1849,"разовый входящий 32 тыс ₸ от 1 плательщика, дальше не отправлял; меньше 100 тыс ₸ — признаков роли нет",2,False,False,1.0,0.0,32000.0,0.0,1.0,0.0,0.0,7,0,13225.499946244841,0.00023918431069851727,0,0.0,0.0004490677321067023,,True,0,1,0.0261,0.0492,0.0367,0.03,0.0543,1.0,0.1963
100000000967918100,peripheral,R8a,0.5,1,0.1439,"разовый входящий 21 тыс ₸ от 1 плательщика, дальше не отправлял; меньше 100 тыс ₸ — признаков роли нет",2,False,False,1.0,0.0,21200.0,0.0,3.0,0.0,0.0,7,0,2364.1675054250786,4.275617386558507e-05,1,0.0,0.0004813696736407533,,True,0,1,0.011,0.0337,0.0367,0.03,0.0543,1.0,0.1657
100000003254723100,terminal,R6,0.586,3,0.4846,"конечный получатель в выборке: получил 270 тыс ₸ от 1 плательщика, исходящих от 5 000 ₸ в банке не наблюдается",2,False,False,1.0,0.0,269850.0,0.0,6.0,0.0,0.0,10,0,133802.18320094643,0.002419824058746597,1,0.0,0.0005323522975929804,,True,0,1,0.083,0.1143,0.0367,0.09,0.0961,1.0,0.4201
100000003823811100,peripheral,R8b,0.4,20,0.3068,отдаёт 220% от полученного в выборке (30 тыс ₸ → 66 тыс ₸): входящие извне не видны — признаков роли по данным недостаточно,2,False,False,1.0,3.0,30000.0,66130.0,1.0,3.0,2.2043333333333335,7,0,10602.920222937093,0.0001917547295166446,0,0.00012665676244063437,0.0003585326715909026,0.0,False,0,1,0.0234,0.0854,0.0942,0.03,0.0543,1.0,0.2873
100000008587459100,peripheral,R8b,0.4,1,0.3333,отдаёт 378% от полученного в выборке (182 тыс ₸ → 686 тыс ₸): входящие извне не видны — признаков роли по данным недостаточно,2,False,False,2.0,2.0,181507.0,686500.0,2.0,4.0,3.782223275135394,7,0,804.8811403559557,1.4556345055593696e-05,0,1.802823995168464e-05,0.0003021002483098455,0.0,False,0,1,0.0064,0.1373,0.0791,0.03,0.0543,1.0,0.3071
100000008603331100,peripheral,R8b,0.4,28,0.3602,отдаёт 1878% от полученного в выборке (40 тыс ₸ → 742 тыс ₸): входящие извне не видны — признаков роли по данным недостаточно,2,False,False,2.0,6.0,39500.0,741774.0,3.0,6.0,18.779088607594936,7,0,2531.137646153328,4.577584330565491e-05,1,0.0001991230524032218,0.0003457640344523482,0.05325072056987708,True,1,1,0.0114,0.1359,0.0956,0.03,0.0543,1.0,0.3272
100000008758168100,peripheral,R8b,0.4,18,0.4251,"отдаёт 2034% от полученного в выборке (75 тыс ₸ → 1,5 млн ₸): входящие извне не видны — признаков роли по данным недостаточно",2,False,False,2.0,5.0,75410.0,1533600.0,2.0,5.0,20.33682535472749,9,0,8329.969130750591,0.0001506482123758365,0,5.697975788827636e-05,0.00031978594648258453,0.042651278038601984,True,0,1,0.0207,0.1437,0.0903,0.03,0.0909,1.0,0.3756
100000003724440100,terminal,R6,0.5,1,0.2613,"конечный получатель в выборке: получил 50 тыс ₸ от 2 плательщиков, исходящих от 5 000 ₸ в банке не наблюдается",2,False,False,2.0,0.0,50000.0,0.0,2.0,0.0,0.0,7,0,1244.3192697884847,2.2503621643259368e-05,0,0.0,0.0003094615487046268,,True,0,1,0.008,0.0643,0.0367,0.09,0.0543,1.0,0.2533
100000000291906100,transit,R4,0.65,54,0.493,пропускает дальше 117% полученного (388 тыс ₸ → 456 тыс ₸); 37% ушло за ≤2 дн. — признаки транзита,2,False,False,2.0,2.0,388000.0,455854.0,3.0,6.0,1.1748814432989692,7,0,9823.838309705958,0.00017766496571555818,1,7.940737110007021e-05,0.0007661900611786528,0.3693156142098128,True,1,1,0.0225,0.1371,0.0924,0.12,0.0543,1.0,0.4263
100000005077484100,peripheral,R8c,0.5,30,0.285,"вход 1 / выход 2, оборот 164 тыс ₸ — признаков роли нет",2,False,False,1.0,2.0,150000.0,13550.0,1.0,2.0,0.09033333333333333,1,0,50998.7250318742,0.0009223163542271604,0,4.0308310203081327e-07,0.0005419664720516559,0.5202952029520295,True,1,1,0.0513,0.1007,0.0742,0.03,0.0148,1.0,0.271
100000004192107100,peripheral,R8a,0.5,3,0.1938,"разовый входящий 25 тыс ₸ от 1 плательщика, дальше не отправлял; меньше 100 тыс ₸ — признаков роли нет",2,False,False,1.0,0.0,25000.0,0.0,1.0,0.0,0.0,8,0,3394.6772014804983,6.139303087068744e-05,0,0.0,0.0003006377925507521,,True,0,1,0.0132,0.0391,0.0367,0.03,0.0839,1.0,0.2029
100000002193259100,peripheral,R8b,0.4,12,0.3276,отдаёт 121% от полученного в выборке (48 тыс ₸ → 58 тыс ₸): входящие извне не видны — признаков роли по данным недостаточно,2,False,False,2.0,3.0,48000.0,58000.0,2.0,3.0,1.2083333333333333,8,0,1365.3383805612425,2.4692262731246993e-05,0,6.550100408000716e-05,0.0008946523204913115,0.6896551724137931,True,2,1,0.0084,0.089,0.0915,0.03,0.0839,1.0,0.3028
100000005481280100,peripheral,R8b,0.4,16,0.2705,отдаёт 153% от полученного в выборке (33 тыс ₸ → 50 тыс ₸): входящие извне не видны — признаков роли по данным недостаточно,2,False,False,1.0,3.0,32700.0,50000.0,1.0,3.0,1.529051987767584,7,0,906.4542089409558,1.6393302788290565e-05,0,4.440813044662165e-05,0.00029729416448782584,0.34,True,0,1,0.0068,0.0793,0.0898,0.03,0.0543,1.0,0.2602
100000004527381100,peripheral,R8b,0.4,16,0.375,отдаёт 229% от полученного в выборке (119 тыс ₸ → 274 тыс ₸): входящие извне не видны — признаков роли по данным недостаточно,2,False,False,1.0,1.0,119333.17,273866.11,1.0,1.0,2.2949705433954364,7,0,22455.20362711548,0.0004061043002515339,0,0.0003269003957469895,0.00037716242361583973,0.4357354402120072,True,0,1,0.034,0.1231,0.0968,0.03,0.0543,1.0,0.3382
100000001578517100,peripheral,R8a,0.5,4,0.1703,"разовый входящий 30 тыс ₸ от 1 плательщика, дальше не отправлял; меньше 100 тыс ₸ — признаков роли нет",2,False,False,1.0,0.0,30000.0,0.0,1.0,0.0,0.0,7,0,6451.5132149626015,0.00011667617462894795,0,0.0,0.00029183902641192664,,True,0,1,0.0182,0.0462,0.0367,0.03,0.0543,1.0,0.1854
100000003741418100,consolidator,R3,0.71,5,0.6073,"получает 152 тыс ₸ от 9 плательщиков, отдаёт дальше 26% полученного — признаки консолидации",2,False,False,9.0,3.0,151900.0,39920.0,13.0,3.0,0.2628044766293614,7,0,995.8615424002123,1.8010242148750553e-05,3,5.3658664716452956e-05,0.0006352433648149033,0.0,False,1,2,0.0072,0.105,0.0902,0.255,0.0543,1.0,0.5117
100000008737514100,peripheral,R8a,0.5,16,0.2067,"разовый входящий 85 тыс ₸ от 1 плательщика, дальше не отправлял; меньше 100 тыс ₸ — признаков роли нет",2,False,False,1.0,0.0,85000.0,0.0,1.0,0.0,0.0,7,0,2356.2265370024847,4.261256076466966e-05,0,0.0,0.0003140002780169866,,True,0,1,0.011,0.0806,0.0367,0.03,0.0543,1.0,0.2126
100000002870463100,consolidator,R3,0.55,10,0.6412,"получает 207 тыс ₸ от 3 плательщиков, отдаёт дальше 5% полученного — признаки консолидации",2,False,False,3.0,1.0,207000.0,10000.0,4.0,1.0,0.04830917874396135,7,0,25342.966637664627,0.00045832974412482865,1,1.975107199950985e-05,0.001955294276139281,1.0,True,1,1,0.0361,0.1086,0.083,0.255,0.0543,1.0,0.537
100000008545727100,peripheral,R8b,0.4,8,0.4167,"отдаёт 6222% от полученного в выборке (30 тыс ₸ → 1,9 млн ₸): входящие извне не видны — признаков роли по данным недостаточно",2,False,False,1.0,6.0,30000.0,1866500.0,1.0,7.0,62.21666666666667,9,0,1504.1285204595,2.720229441838492e-05,0,0.0001365012133377204,0.0003402079674015691,0.016072863648540048,True,1,1,0.0088,0.1453,0.0944,0.03,0.0909,1.0,0.3694
100000000425407100,peripheral,R8a,0.5,3,0.148,"разовый входящий 20 тыс ₸ от 1 плательщика, дальше не отправлял; меньше 100 тыс ₸ — признаков роли нет",2,False,False,1.0,0.0,20000.0,0.0,1.0,0.0,0.0,7,0,5608.73898045228,0.00010143452968734735,0,0.0,0.00030645698099074175,,True,0,1,0.017,0.0307,0.0367,0.03,0.0543,1.0,0.1687
100000001418900100,peripheral,R8a,0.5,2,0.1143,"разовый входящий 40 тыс ₸ от 1 плательщика, дальше не отправлял; меньше 100 тыс ₸ — признаков роли нет",2,False,False,1.0,0.0,40140.0,0.0,2.0,0.0,0.0,1,0,689.8063159979475,1.2475206901671724e-05,1,0.0,0.00030053744894473493,,True,0,1,0.006,0.0561,0.0367,0.03,0.0148,1.0,0.1436
100000001677929100,peripheral,R8b,0.4,9,0.327,отдаёт 226% от полученного в выборке (127 тыс ₸ → 286 тыс ₸): входящие извне не видны — признаков роли по данным недостаточно,2,False,False,3.0,2.0,126777.0,286098.0,3.0,4.0,2.2567027142147236,1,0,63010.70374557681,0.0011395540284504311,0,1.2092493060924398e-06,0.003343108628672498,0.2683590937371111,True,2,1,0.057,0.1246,0.076,0.03,0.0148,1.0,0.3024
100000002539625100,peripheral,R8a,0.5,7,0.2697,"разовый входящий 95 тыс ₸ от 1 плательщика, дальше не отправлял; меньше 100 тыс ₸ — признаков роли нет",2,False,False,1.0,0.0,94700.0,0.0,1.0,0.0,0.0,9,0,5917.203777172977,0.00010701314222209291,0,0.0,0.0003465523912473408,,True,0,1,0.0175,0.0845,0.0367,0.03,0.0909,1.0,0.2596
100000001965374100,peripheral,R8b,0.4,24,0.3776,"отдаёт 175% от полученного в выборке (1,8 млн ₸ → 3,1 млн ₸): входящие извне не видны — признаков роли по данным недостаточно",2,False,False,2.0,3.0,1759720.0,3082100.0,8.0,5.0,1.7514718250630783,1,0,93635.88108209119,0.001693413010041057,1,1.612332408123253e-06,0.001286859255493813,0.04284092015184452,True,1,2,0.0695,0.1491,0.0768,0.03,0.0148,1.0,0.3402
100000001287955100,peripheral,R8b,0.4,13,0.278,отдаёт 1769% от полученного в выборке (18 тыс ₸ → 310 тыс ₸): входящие извне не видны — признаков роли по данным недостаточно,2,False,False,1.0,4.0,17520.0,310000.0,1.0,5.0,17.69406392694064,1,0,408.47037678382566,7.387222101917074e-06,0,0.0006919593251528961,0.00029523091616549607,0.05651612903225806,True,0,1,0.0046,0.1186,0.0978,0.03,0.0148,1.0,0.2658
100000005402643100,peripheral,R8c,0.5,9,0.2635,"вход 1 / выход 1, оборот 218 тыс ₸ — признаков роли нет",2,False,False,1.0,1.0,127800.0,90000.0,1.0,1.0,0.704225352112676,1,0,14577.940075705877,0.00026364330744275743,0,4.0308310203081327e-07,0.0002989257603544092,0.0,False,0,1,0.0274,0.1086,0.0742,0.03,0.0148,1.0,0.255
100000008752616100,peripheral,R8b,0.4,7,0.4257,"отдаёт 1961% от полученного в выборке (65 тыс ₸ → 1,3 млн ₸): входящие извне не видны — признаков роли по данным недостаточно",2,False,False,2.0,7.0,64510.0,1265000.0,2.0,7.0,19.6093628894745,9,0,6938.661109597383,0.00012548628644778602,0,0.00014113708587163706,0.00031445686786814097,0.04309090909090909,True,0,1,0.0189,0.1416,0.0947,0.03,0.0909,1.0,0.3761
100000000733373100,peripheral,R8a,0.5,4,0.1275,"разовый входящий 11 тыс ₸ от 1 плательщика, дальше не отправлял; меньше 100 тыс ₸ — признаков роли нет",2,False,False,1.0,0.0,10710.0,0.0,1.0,0.0,0.0,7,0,6361.409583218743,0.00011504664265377245,0,0.0,0.0003071473108163017,,True,0,1,0.0181,0.0143,0.0367,0.03,0.0543,1.0,0.1534
100000008531133100,peripheral,R8b,0.4,4,0.3375,отдаёт 633% от полученного в выборке (25 тыс ₸ → 158 тыс ₸): входящие извне не видны — признаков роли по данным недостаточно,2,False,False,1.0,3.0,25000.0,158271.68,1.0,3.0,6.3308672,7,0,25000.0,0.0004521271628117726,0,2.3748312761315416e-05,0.0005350843638155049,0.1579562433405648,True,0,1,0.0359,0.1037,0.0863,0.03,0.0543,1.0,0.3102
100000005933757100,distributor,R2,0.684,15,0.6462,"рассылает 3,0 млн ₸ 34 получателям (46 переводов), плательщиков 4 — признаки веерной раздачи",2,False,False,4.0,34.0,1246000.0,3002628.0,6.0,46.0,2.409813804173355,7,0,3319.9240516268073,6.004111368850373e-05,1,0.003959480003817195,0.0010029471243756176,0.4149698197712138,True,2,2,0.0131,0.1486,0.0997,0.225,0.0543,1.0,0.5407
100000006490557100,peripheral,R8a,0.5,52,0.0405,"разовый входящий 5 тыс ₸ от 1 плательщика, дальше не отправлял; меньше 100 тыс ₸ — признаков роли нет",2,False,False,1.0,0.0,5000.0,0.0,1.0,0.0,0.0,1,0,407.8381416260771,7.375788074392966e-06,0,0.0,0.0002874442727471477,,True,0,1,0.0046,0.0024,0.0367,0.03,0.0148,1.0,0.0885
100000008497298100,terminal,R6,0.656,9,0.3689,"конечный получатель в выборке: получил 600 тыс ₸ от 1 плательщика, исходящих от 5 000 ₸ в банке не наблюдается",2,False,False,1.0,0.0,600000.0,0.0,1.0,0.0,0.0,1,0,68441.03321927642,0.0012377620067735092,0,0.0,0.0003435479571505885,,True,0,1,0.0594,0.1328,0.0367,0.09,0.0148,1.0,0.3337
100000005168487100,peripheral,R8b,0.4,11,0.2643,отдаёт 690% от полученного в выборке (15 тыс ₸ → 104 тыс ₸): входящие извне не видны — признаков роли по данным недостаточно,2,False,False,1.0,1.0,15000.0,103510.0,1.0,14.0,6.900666666666667,8,0,3303.6736851378732,5.9747224404692e-05,0,0.0,0.0018378455498938055,0.14491353492416192,True,1,1,0.013,0.092,0.0367,0.03,0.0839,1.0,0.2556
100000005799271100,peripheral,R8a,0.5,11,0.2639,"разовый входящий 45 тыс ₸ от 1 плательщика, дальше не отправлял; меньше 100 тыс ₸ — признаков роли нет",2,False,False,1.0,0.0,45000.0,0.0,2.0,0.0,0.0,8,0,40037.50770342351,0.0007240817905601344,1,0.0,0.000539019259899427,,True,0,1,0.0454,0.0593,0.0367,0.03,0.0839,1.0,0.2553
100000000912487100,peripheral,R8a,0.5,3,0.1607,"разовый входящий 10 тыс ₸ от 1 плательщика, дальше не отправлял; меньше 100 тыс ₸ — признаков роли нет",2,False,False,1.0,0.0,10000.0,0.0,1.0,0.0,0.0,9,0,1489.7743662497685,2.6942698297688577e-05,0,0.0,0.0002929845099728696,,True,0,1,0.0088,0.0118,0.0367,0.03,0.0909,1.0,0.1782
100000007982908100,peripheral,R8a,0.5,2,0.1027,"разовый входящий 31 тыс ₸ от 1 плательщика, дальше не отправлял; меньше 100 тыс ₸ — признаков роли нет",2,False,False,1.0,0.0,31080.0,0.0,1.0,0.0,0.0,1,0,534.1101221030445,9.659427765419959e-06,0,0.0,0.00029744779522469144,,True,0,1,0.0052,0.0482,0.0367,0.03,0.0148,1.0,0.1349
100000005413948100,peripheral,R8c,0.5,7,0.2784,"вход 2 / выход 1, оборот 33 тыс ₸ — признаков роли нет",2,False,False,2.0,1.0,28215.0,5000.0,2.0,1.0,0.177210703526493,9,0,1762.9768170320542,3.188358825550529e-05,0,2.216957061169473e-05,0.0018767228090608417,0.0,True,1,1,0.0095,0.0499,0.0858,0.03,0.0909,1.0,0.2661
100000000724540100,peripheral,R8b,0.4,18,0.3423,отдаёт 200% от полученного в выборке (50 тыс ₸ → 100 тыс ₸): входящие извне не видны — признаков роли по данным недостаточно,2,False,False,1.0,1.0,50000.0,100000.0,1.0,1.0,2.0,8,0,6362.441091622753,0.00011506529757249732,0,2.0154155101540664e-05,0.0003110163299181184,0.0,False,0,1,0.0181,0.0976,0.0842,0.03,0.0839,1.0,0.3138
100000005730108100,peripheral,R8a,0.5,1,0.1038,"разовый входящий 8 тыс ₸ от 1 плательщика, дальше не отправлял; меньше 100 тыс ₸ — признаков роли нет",2,False,False,1.0,0.0,8000.0,0.0,1.0,0.0,0.0,7,0,892.1386812924825,1.6134405232296254e-05,0,0.0,0.0003602529348131063,,True,0,1,0.0068,0.0079,0.0367,0.03,0.0543,1.0,0.1357
100000002566204100,peripheral,R8a,0.5,8,0.1493,"разовый входящий 81 тыс ₸ от 1 плательщика, дальше не отправлял; меньше 100 тыс ₸ — признаков роли нет",2,False,False,1.0,0.0,80805.0,0.0,1.0,0.0,0.0,1,0,1883.929725800059,3.407103207450966e-05,0,0.0,0.00032550825717903974,,True,0,1,0.0099,0.0783,0.0367,0.03,0.0148,1.0,0.1697
100000000625169100,peripheral,R8a,0.5,2,0.051,"разовый входящий 10 тыс ₸ от 1 плательщика, дальше не отправлял; меньше 100 тыс ₸ — признаков роли нет",2,False,False,1.0,0.0,10000.0,0.0,1.0,0.0,0.0,1,0,171.85010363675823,3.1079239914478634e-06,0,0.0,0.00029025906449417087,,True,0,1,0.003,0.0118,0.0367,0.03,0.0148,1.0,0.0963
100000001114385100,peripheral,R8a,0.5,3,0.1505,"разовый входящий 30 тыс ₸ от 1 плательщика, дальше не отправлял; меньше 100 тыс ₸ — признаков роли нет",2,False,False,1.0,0.0,29500.0,0.0,1.0,0.0,0.0,7,0,417.04666145586043,7.542324952166401e-06,0,0.0,0.0002915191185555113,,True,0,1,0.0046,0.045,0.0367,0.03,0.0543,1.0,0.1706
100000002964966100,terminal,R6,0.56,3,0.3969,"конечный получатель в выборке: получил 200 тыс ₸ от 1 плательщика, исходящих от 5 000 ₸ в банке не наблюдается",2,False,False,1.0,0.0,200000.0,0.0,1.0,0.0,0.0,8,0,27157.417611843986,0.0004911442469654995,0,0.0,0.00039716038568004836,,True,0,1,0.0374,0.1066,0.0367,0.09,0.0839,1.0,0.3546
100000008771814100,peripheral,R8a,0.5,2,0.0865,"разовый входящий 24 тыс ₸ от 1 плательщика, дальше не отправлял; меньше 100 тыс ₸ — признаков роли нет",2,False,False,1.0,0.0,23700.0,0.0,1.0,0.0,0.0,1,0,407.284745619117,7.365779859731436e-06,0,0.0,0.00029493105742624547,,True,0,1,0.0046,0.0367,0.0367,0.03,0.0148,1.0,0.1228
100000001241318100,peripheral,R8a,0.5,1,0.2102,"разовый входящий 53 тыс ₸ от 1 плательщика, дальше не отправлял; меньше 100 тыс ₸ — признаков роли нет",2,False,False,1.0,0.0,53000.0,0.0,1.0,0.0,0.0,7,0,14095.0,0.0002549092943932774,0,0.0,0.0005331634962668753,,True,0,1,0.0269,0.0673,0.0367,0.03,0.0543,1.0,0.2152
100000001250022100,peripheral,R8a,0.5,10,0.1506,"разовый входящий 50 тыс ₸ от 1 плательщика, дальше не отправлял; меньше 100 тыс ₸ — признаков роли нет",2,False,False,1.0,0.0,50000.0,0.0,1.0,0.0,0.0,1,0,12000.320008533561,0.00021702682553166505,0,0.0,0.0002963654710294662,,True,0,1,0.0249,0.0643,0.0367,0.03,0.0148,1.0,0.1707
100000006534886100,peripheral,R8b,0.4,4,0.2909,отдаёт 234% от полученного в выборке (72 тыс ₸ → 168 тыс ₸): входящие извне не видны — признаков роли по данным недостаточно,2,False,False,1.0,1.0,71700.0,167500.0,5.0,8.0,2.336122733612273,7,0,36012.23405084402,0.0006512843683168646,1,0.0,0.0011344436242360517,0.34686567164179105,True,1,1,0.0431,0.1113,0.0367,0.03,0.0543,1.0,0.2754
100000008655035100,peripheral,R8a,0.5,9,0.1635,"разовый входящий 30 тыс ₸ от 1 плательщика, дальше не отправлял; меньше 100 тыс ₸ — признаков роли нет",2,False,False,1.0,0.0,30000.0,0.0,1.0,0.0,0.0,2,0,30000.0,0.0005425525953741271,0,0.0,0.0005425057616825969,,True,0,1,0.0393,0.0462,0.0367,0.03,0.0281,1.0,0.1803
100000005932987100,peripheral,R8a,0.5,33,0.1674,"разовый входящий 25 тыс ₸ от 1 плательщика, дальше не отправлял; меньше 100 тыс ₸ — признаков роли нет",2,False,False,1.0,0.0,25000.0,0.0,3.0,0.0,0.0,7,0,10332.421833003782,0.0001868627427332166,1,0.0,0.0004135823517935477,,True,0,1,0.0231,0.0391,0.0367,0.03,0.0543,1.0,0.1832
100000008636603100,peripheral,R8b,0.4,4,0.342,отдаёт 449% от полученного в выборке (35 тыс ₸ → 159 тыс ₸): входящие извне не видны — признаков роли по данным недостаточно,2,False,False,2.0,6.0,35460.0,159375.0,2.0,7.0,4.494500846023689,7,0,11505.576497348207,0.0002080793463303943,0,0.003534092585341171,0.00034020505875882197,0.22249411764705881,True,1,1,0.0243,0.1054,0.0996,0.03,0.0543,1.0,0.3136
100000008710843100,distributor,R2,0.61,18,0.6695,"рассылает 2,0 млн ₸ 13 получателям (14 переводов), плательщиков 2 — признаки веерной раздачи",2,False,False,2.0,13.0,33944.0,1985500.0,3.0,14.0,58.49340089559274,8,0,462.1909463617143,8.358763250232402e-06,1,0.0012569212473984663,0.0002941861965161754,0.007554772097708386,True,0,1,0.0049,0.1457,0.0986,0.225,0.0839,1.0,0.5581
100000000917179100,peripheral,R8a,0.5,15,0.2145,"разовый входящий 94 тыс ₸ от 1 плательщика, дальше не отправлял; меньше 100 тыс ₸ — признаков роли нет",2,False,False,1.0,0.0,94465.0,0.0,2.0,0.0,0.0,7,0,3309.996643633111,5.986157565609314e-05,1,0.0,0.0004277409828661828,,True,0,1,0.0131,0.0843,0.0367,0.03,0.0543,1.0,0.2184
100000004209339100,peripheral,R8b,0.4,11,0.4019,отдаёт 172% от полученного в выборке (138 тыс ₸ → 238 тыс ₸): входящие извне не видны — признаков роли по данным недостаточно,2,False,False,1.0,2.0,138500.0,238500.0,6.0,11.0,1.7220216606498195,8,0,26625.035075412194,0.0004815160627364018,1,2.1363404407633102e-05,0.0008229749088728874,0.18029350104821804,True,1,1,0.037,0.1222,0.0852,0.03,0.0839,1.0,0.3583
100000008765627100,peripheral,R8a,0.5,10,0.163,"разовый входящий 60 тыс ₸ от 1 плательщика, дальше не отправлял; меньше 100 тыс ₸ — признаков роли нет",2,False,False,1.0,0.0,60000.0,0.0,1.0,0.0,0.0,1,0,14400.384010240272,0.000260432190637998,0,0.0,0.00029826879510033174,,True,0,1,0.0272,0.0712,0.0367,0.03,0.0148,1.0,0.1799
100000002443664100,consolidator,R3,0.55,13,0.6393,"получает 557 тыс ₸ от 3 плательщиков, отдаёт дальше 0% полученного — признаки консолидации",2,False,False,3.0,0.0,556880.0,0.0,3.0,0.0,0.0,9,0,8869.87207559747,0.00016041240384173013,0,0.0,0.00034027670681484074,,True,0,3,0.0214,0.1316,0.0367,0.255,0.0909,1.0,0.5356
100000008144528100,consolidator,R3,0.603,4,0.6306,"получает 1,1 млн ₸ от 5 плательщиков, отдаёт дальше 0% полученного — признаки консолидации",2,False,False,5.0,0.0,1068202.6,0.0,13.0,0.0,0.0,7,0,36018.299532862446,0.0006513940630839077,1,0.0,0.0010603560055125359,,True,0,2,0.0431,0.14,0.0367,0.255,0.0543,1.0,0.5291
100000003988112100,peripheral,R8c,0.5,20,0.2722,"вход 1 / выход 1, оборот 156 тыс ₸ — признаков роли нет",2,False,False,1.0,1.0,92000.0,64000.0,2.0,5.0,0.6956521739130435,7,0,32515.622017007085,0.0005880478371843768,1,0.0,0.0005066792348168151,0.6875,True,1,1,0.0409,0.0996,0.0367,0.03,0.0543,1.0,0.2615
100000008008463100,peripheral,R8a,0.5,10,0.1575,"разовый входящий 54 тыс ₸ от 1 плательщика, дальше не отправлял; меньше 100 тыс ₸ — признаков роли нет",2,False,False,1.0,0.0,54180.0,0.0,1.0,0.0,0.0,1,0,13003.546761246966,0.0002351702681461122,0,0.0,0.000297161060491088,,True,0,1,0.0259,0.0684,0.0367,0.03,0.0148,1.0,0.1758
100000006679055100,peripheral,R8a,0.5,3,0.2041,"разовый входящий 25 тыс ₸ от 1 плательщика, дальше не отправлял; меньше 100 тыс ₸ — признаков роли нет",2,False,False,1.0,0.0,25000.0,0.0,1.0,0.0,0.0,9,0,3724.435915624421,6.735674574422144e-05,0,0.0,0.0003021879989194663,,True,0,1,0.0139,0.0391,0.0367,0.03,0.0909,1.0,0.2106
100000007382543100,peripheral,R8b,0.4,29,0.3636,отдаёт 196% от полученного в выборке (218 тыс ₸ → 427 тыс ₸): входящие извне не видны — признаков роли по данным недостаточно,2,False,False,3.0,5.0,218000.0,427000.0,3.0,8.0,1.9587155963302751,7,0,4714.422746505866,8.526074322691927e-05,0,0.0002486655209753645,0.001195155233692197,0.234192037470726,True,2,1,0.0156,0.1338,0.096,0.03,0.0543,1.0,0.3297
100000007749092100,peripheral,R8b,0.4,4,0.197,отдаёт 920% от полученного в выборке (8 тыс ₸ → 70 тыс ₸): входящие извне не видны — признаков роли по данным недостаточно,2,False,False,1.0,1.0,7650.0,70375.0,1.0,5.0,9.199346405228757,7,0,845.4075555177402,1.528926877983488e-05,0,0.0,0.0018294767588865628,0.0,False,1,1,0.0066,0.0777,0.0367,0.03,0.0543,1.0,0.2053
100000004221668100,transit,R4,0.65,10,0.484,"пропускает дальше 65% полученного (1,1 млн ₸ → 731 тыс ₸); 95% ушло за ≤2 дн. — признаки транзита",2,False,False,4.0,3.0,1128300.0,731440.0,8.0,10.0,0.6482673047948241,1,0,73648.59286004762,0.001331941173395708,2,4.635455673354352e-06,0.003108958178821098,0.9537350978890955,True,2,1,0.0616,0.1448,0.0784,0.12,0.0148,1.0,0.4196
100000008174521100,peripheral,R8a,0.5,4,0.2571,"разовый входящий 82 тыс ₸ от 1 плательщика, дальше не отправлял; меньше 100 тыс ₸ — признаков роли нет",2,False,False,1.0,0.0,82110.0,0.0,1.0,0.0,0.0,7,0,48770.806804677035,0.0008820242603455889,0,0.0,0.0004424703784240573,,True,0,1,0.0501,0.0791,0.0367,0.03,0.0543,1.0,0.2502
100000002692750100,consolidator,R3,0.55,10,0.6403,"получает 113 тыс ₸ от 3 плательщиков, отдаёт дальше 68% полученного — признаки консолидации",2,False,False,3.0,1.0,112830.0,77000.0,3.0,8.0,0.682442612780289,7,0,28263.377386299144,0.0005111456251658338,0,2.0154155101540664e-05,0.002038373959908243,0.15584415584415584,True,1,1,0.0382,0.1046,0.0842,0.255,0.0543,1.0,0.5363
100000002173070100,peripheral,R8a,0.5,4,0.1703,"разовый входящий 30 тыс ₸ от 1 плательщика, дальше не отправлял; меньше 100 тыс ₸ — признаков роли нет",2,False,False,1.0,0.0,30000.0,0.0,1.0,0.0,0.0,7,0,6451.5132149626015,0.00011667617462894795,0,0.0,0.00029183902641192664,,True,0,1,0.0182,0.0462,0.0367,0.03,0.0543,1.0,0.1854
100000005911352100,peripheral,R8b,0.4,40,0.2547,отдаёт 160% от полученного в выборке (15 тыс ₸ → 24 тыс ₸): входящие извне не видны — признаков роли по данным недостаточно,2,False,False,2.0,3.0,15000.0,24000.0,2.0,3.0,1.6,7,0,5228.163671128107,9.45517922937093e-05,0,9.915844309958006e-05,0.0005541470664884719,0.0,True,1,1,0.0164,0.0546,0.0931,0.03,0.0543,1.0,0.2484
100000003068941100,consolidator,R3,0.55,1,0.5984,"получает 94 тыс ₸ от 3 плательщиков, отдаёт дальше 27% полученного — признаки консолидации",2,False,False,3.0,1.0,94000.0,25000.0,3.0,2.0,0.26595744680851063,7,0,7327.214164446029,0.00013251330205940864,0,2.0154155101540664e-05,0.0003215989750220119,1.0,True,0,1,0.0194,0.0921,0.0842,0.255,0.0543,1.0,0.505
100000001420847100,peripheral,R8a,0.5,19,0.1375,"разовый входящий 20 тыс ₸ от 1 плательщика, дальше не отправлял; меньше 100 тыс ₸ — признаков роли нет",2,False,False,1.0,0.0,20000.0,0.0,2.0,0.0,0.0,7,0,1641.1188811188813,2.9679776942284422e-05,1,0.0,0.0003041787685098091,,True,0,1,0.0092,0.0307,0.0367,0.03,0.0543,1.0,0.1609
100000005602999100,peripheral,R8b,0.4,11,0.2484,отдаёт 320% от полученного в выборке (5 тыс ₸ → 16 тыс ₸): входящие извне не видны — признаков роли по данным недостаточно,2,False,False,1.0,2.0,5000.0,16000.0,1.0,3.0,3.2,8,0,961.1926020004402,1.7383251362324973e-05,0,4.2726808815266204e-05,0.0003062035820180174,0.3125,True,1,1,0.007,0.0333,0.0895,0.03,0.0839,1.0,0.2437
100000000723383100,peripheral,R8b,0.4,21,0.2931,отдаёт 1103% от полученного в выборке (7 тыс ₸ → 75 тыс ₸): входящие извне не видны — признаков роли по данным недостаточно,2,False,False,1.0,2.0,6800.0,75000.0,1.0,2.0,11.029411764705882,7,0,6205.864156059609,0.00011223359014698027,0,0.0002430591105245804,0.00039098538061520943,0.0,False,0,1,0.0179,0.079,0.0959,0.03,0.0543,1.0,0.2771
100000006977207100,distributor,R2,0.617,6,0.588,"рассылает 4,2 млн ₸ 15 получателям (15 переводов), плательщиков 1 — признаки веерной раздачи",2,False,False,1.0,15.0,414000.0,4157018.0,1.0,15.0,10.041106280193237,1,0,8965.436907190973,0.00016214070208864833,0,3.333497253794826e-05,0.00034941948425511074,0.0,False,0,1,0.0215,0.1488,0.0872,0.225,0.0148,1.0,0.4973
100000001273783100,peripheral,R8a,0.5,8,0.0859,"разовый входящий 23 тыс ₸ от 1 плательщика, дальше не отправлял; меньше 100 тыс ₸ — признаков роли нет",2,False,False,1.0,0.0,23200.0,0.0,1.0,0.0,0.0,1,0,540.8968459694495,9.782166253680143e-06,0,0.0,0.0002979483894523243,,True,0,1,0.0053,0.0356,0.0367,0.03,0.0148,1.0,0.1224
100000000201868100,transit,R4,0.85,57,0.4599,пропускает дальше 100% полученного (190 тыс ₸ → 190 тыс ₸); 100% ушло за ≤2 дн. — признаки транзита,2,False,False,1.0,1.0,190000.0,190000.0,1.0,1.0,1.0,7,0,89909.516676793,0.0016260213873942472,0,0.0,0.0009794617939092786,1.0,True,1,1,0.0681,0.1225,0.0367,0.12,0.0543,1.0,0.4016
100000007777377100,transit,R4,0.65,4,0.5484,пропускает дальше 2% полученного (456 тыс ₸ → 10 тыс ₸); 100% ушло за ≤2 дн. — признаки транзита,2,False,False,1.0,2.0,456290.0,10000.0,7.0,2.0,0.021915886826360427,7,0,98125.36549517619,0.0017746057240480887,1,0.00013825750399656895,0.000362747760239776,1.0,True,0,1,0.0711,0.1278,0.0945,0.12,0.0543,1.0,0.4677
100000004192865100,peripheral,R8a,0.5,30,0.1731,"разовый входящий 67 тыс ₸ от 1 плательщика, дальше не отправлял; меньше 100 тыс ₸ — признаков роли нет",2,False,False,1.0,0.0,66666.0,0.0,1.0,0.0,0.0,1,0,20000.0,0.0003617017302494181,0,0.0,0.000558222696883147,,True,0,1,0.0321,0.0739,0.0367,0.03,0.0148,1.0,0.1875
100000006901046100,transit,R4,0.65,4,0.379,пропускает дальше 7% полученного (76 тыс ₸ → 6 тыс ₸); 100% ушло за ≤2 дн. — признаки транзита,2,False,False,1.0,1.0,75800.0,5500.0,3.0,1.0,0.07255936675461741,7,0,51740.24082053534,0.0009357267314154602,1,0.0,0.0030447256508331394,1.0,True,1,1,0.0516,0.0786,0.0367,0.12,0.0543,1.0,0.3412
100000000437046100,coordinator,R1,0.827,1,0.7883,"получает от 9 плательщиков и рассылает 42 получателям (1,1 млн ₸ → 7,6 млн ₸); узел-посредник, betweenness в топ-1% — признаки координатора",2,False,False,9.0,42.0,1107200.0,7606224.0,20.0,73.0,6.86978323699422,7,0,36889.8867167484,0.0006671567927076461,4,0.0022347905725107996,0.0007959082210455869,0.1304678905065115,True,3,3,0.0436,0.1497,0.0992,0.3,0.0543,1.0,0.6468
100000008765494100,peripheral,R8a,0.5,2,0.0872,"разовый входящий 24 тыс ₸ от 1 плательщика, дальше не отправлял; меньше 100 тыс ₸ — признаков роли нет",2,False,False,1.0,0.0,24000.0,0.0,1.0,0.0,0.0,1,0,412.44024872821973,7.459017579474872e-06,0,0.0,0.00029503336384081646,,True,0,1,0.0046,0.0372,0.0367,0.03,0.0148,1.0,0.1233
100000008713270100,peripheral,R8b,0.4,10,0.2555,отдаёт 633% от полученного в выборке (30 тыс ₸ → 190 тыс ₸): входящие извне не видны — признаков роли по данным недостаточно,2,False,False,1.0,3.0,30000.0,190000.0,1.0,3.0,6.333333333333333,1,0,7200.192005120136,0.000130216095318999,0,1.2092493060924398e-06,0.00029255882288773506,0.15789473684210525,True,0,1,0.0193,0.1089,0.076,0.03,0.0148,1.0,0.249
100000003603979100,terminal,R6,0.543,23,0.2824,"конечный получатель в выборке: получил 165 тыс ₸ от 1 плательщика, исходящих от 5 000 ₸ в банке не наблюдается",2,False,False,1.0,0.0,165000.0,0.0,3.0,0.0,0.0,1,0,13651.202023514958,0.0002468831695944859,1,0.0,0.0005881411619085313,,True,0,1,0.0265,0.1011,0.0367,0.09,0.0148,1.0,0.2691
100000000943371100,peripheral,R8a,0.5,14,0.1901,"разовый входящий 16 тыс ₸ от 1 плательщика, дальше не отправлял; меньше 100 тыс ₸ — признаков роли нет",2,False,False,1.0,0.0,15500.0,0.0,1.0,0.0,0.0,10,0,4546.458682163689,8.222309859230479e-05,0,0.0,0.00030733409885175955,,True,0,1,0.0153,0.0221,0.0367,0.03,0.0961,1.0,0.2002
100000008672480100,peripheral,R8a,0.5,2,0.0589,"разовый входящий 13 тыс ₸ от 1 плательщика, дальше не отправлял; меньше 100 тыс ₸ — признаков роли нет",2,False,False,1.0,0.0,13000.0,0.0,1.0,0.0,0.0,1,0,223.4051347277857,4.040301188882223e-06,0,0.0,0.00029128212863988067,,True,0,1,0.0034,0.0173,0.0367,0.03,0.0148,1.0,0.1022
100000008691168100,peripheral,R8a,0.5,2,0.0872,"разовый входящий 24 тыс ₸ от 1 плательщика, дальше не отправлял; меньше 100 тыс ₸ — признаков роли нет",2,False,False,1.0,0.0,24000.0,0.0,1.0,0.0,0.0,1,0,412.44024872821973,7.459017579474872e-06,0,0.0,0.00029503336384081646,,True,0,1,0.0046,0.0372,0.0367,0.03,0.0148,1.0,0.1233
100000003237045100,peripheral,R8c,0.5,4,0.2864,"вход 1 / выход 1, оборот 490 тыс ₸ — признаков роли нет",2,False,False,1.0,1.0,340200.0,150000.0,2.0,1.0,0.4409171075837742,7,0,9616.003423755597,0.0001739062538228364,1,0.0,0.000395850607128541,0.0,False,1,1,0.0223,0.1288,0.0367,0.03,0.0543,1.0,0.2721
100000008736394100,peripheral,R8a,0.5,2,0.068,"разовый входящий 16 тыс ₸ от 1 плательщика, дальше не отправлял; меньше 100 тыс ₸ — признаков роли нет",2,False,False,1.0,0.0,16000.0,0.0,1.0,0.0,0.0,1,0,274.96016581881315,4.972678386316581e-06,0,0.0,0.0002923051927855904,,True,0,1,0.0038,0.0237,0.0367,0.03,0.0148,1.0,0.109
100000004160650100,distributor,R2,0.6,23,0.5582,"рассылает 1,5 млн ₸ 10 получателям (40 переводов), плательщиков 2 — признаки веерной раздачи",2,False,False,2.0,10.0,75100.0,1489827.0,4.0,40.0,19.83790945406125,1,0,3511.6030967781135,6.350764580269293e-05,2,5.441621877415979e-06,0.0003708466113075059,0.05040853736709027,True,2,1,0.0134,0.1433,0.0785,0.225,0.0148,1.0,0.475
100000000629812100,terminal,R6,0.5,56,0.2809,"конечный получатель в выборке: получил 22 тыс ₸ от 2 плательщиков, исходящих от 5 000 ₸ в банке не наблюдается",2,False,False,2.0,0.0,22000.0,0.0,2.0,0.0,0.0,10,0,2314.983169466298,4.1866670894712094e-05,0,0.0,0.00029931490836673845,,True,0,1,0.0109,0.0343,0.0367,0.09,0.0961,1.0,0.268
100000000955444100,peripheral,R8a,0.5,47,0.0573,"разовый входящий 7 тыс ₸ от 1 плательщика, дальше не отправлял; меньше 100 тыс ₸ — признаков роли нет",2,False,False,1.0,0.0,6910.0,0.0,1.0,0.0,0.0,1,0,3288.123094958968,5.946599063598652e-05,0,0.0,0.0003540925761134552,,True,0,1,0.013,0.0065,0.0367,0.03,0.0148,1.0,0.101
100000008731444100,peripheral,R8b,0.4,1,0.385,отдаёт 200% от полученного в выборке (439 тыс ₸ → 880 тыс ₸): входящие извне не видны — признаков роли по данным недостаточно,2,False,False,3.0,9.0,439000.0,879767.8,5.0,9.0,2.0040268792710707,7,0,12935.255251983059,0.00023393521029300724,1,0.00012624325579835201,0.00035492787307828165,0.42738549876456033,True,0,1,0.0258,0.1415,0.0941,0.03,0.0543,1.0,0.3457
100000008413748100,distributor,R2,0.628,17,0.6392,"рассылает 1,4 млн ₸ 18 получателям (21 переводов), плательщиков 2 — признаки веерной раздачи",2,False,False,2.0,18.0,26480.0,1377320.22,2.0,21.0,52.01360347432024,7,0,5178.488524460305,9.365341296870241e-05,0,0.0006354195816170107,0.0003926188919180008,0.01922573967584677,True,0,2,0.0163,0.1423,0.0976,0.225,0.0543,1.0,0.5355
100000006787636100,peripheral,R8a,0.5,57,0.1548,"разовый входящий 20 тыс ₸ от 1 плательщика, дальше не отправлял; меньше 100 тыс ₸ — признаков роли нет",2,False,False,1.0,0.0,20000.0,0.0,1.0,0.0,0.0,7,0,9464.159650188738,0.0001711601460414997,0,0.0,0.0003597554762787321,,True,0,1,0.0221,0.0307,0.0367,0.03,0.0543,1.0,0.1738
100000005942793100,consolidator,R3,0.577,1,0.4895,"получает 55 тыс ₸ от 4 плательщиков, отдаёт дальше 0% полученного — признаки консолидации",2,False,False,4.0,0.0,55000.0,0.0,4.0,0.0,0.0,7,0,1506.9525399986512,2.7253367056063378e-05,0,0.0,0.0003337093056770524,,True,0,2,0.0088,0.0689,0.0367,0.255,0.0543,1.0,0.4237
100000008730846100,consolidator,R3,0.657,11,0.6905,"получает 155 тыс ₸ от 7 плательщиков, отдаёт дальше 234% полученного — признаки консолидации",2,False,False,7.0,3.0,155042.0,363370.0,11.0,4.0,2.343687516930896,8,0,1832.1574227271858,3.313472549448688e-05,3,0.00014332675386544217,0.0005383983709869001,0.42667804166552,True,0,4,0.0097,0.1304,0.0948,0.255,0.0839,1.0,0.5738
100000002570206100,terminal,R6,0.545,17,0.3143,"конечный получатель в выборке: получил 167 тыс ₸ от 2 плательщиков, исходящих от 5 000 ₸ в банке не наблюдается",2,False,False,2.0,0.0,166959.6,0.0,2.0,0.0,0.0,7,0,2079.9313039738345,3.7615737572363216e-05,0,0.0,0.0003199267645471731,,True,0,1,0.0104,0.1015,0.0367,0.09,0.0543,1.0,0.2929
100000000785800100,transit,R4,0.85,55,0.2661,пропускает дальше 100% полученного (19 тыс ₸ → 19 тыс ₸); 100% ушло за ≤2 дн. — признаки транзита,2,False,False,1.0,1.0,19000.0,19000.0,1.0,1.0,1.0,1,0,19000.0,0.0003436166437369472,0,0.0,0.00035861183893383933,1.0,True,0,1,0.0313,0.0541,0.0367,0.12,0.0148,1.0,0.2569
100000007382152100,peripheral,R8a,0.5,1,0.0952,"разовый входящий 6 тыс ₸ от 1 плательщика, дальше не отправлял; меньше 100 тыс ₸ — признаков роли нет",2,False,False,1.0,0.0,5860.0,0.0,1.0,0.0,0.0,7,0,228.4741501036485,4.131974770487746e-06,0,0.0,0.00028776428441163376,,True,0,1,0.0034,0.0049,0.0367,0.03,0.0543,1.0,0.1293
100000000910216100,peripheral,R8c,0.5,1,0.3053,"вход 1 / выход 1, оборот 123 тыс ₸ — признаков роли нет",2,False,False,1.0,1.0,71000.0,52010.0,3.0,1.0,0.7325352112676057,7,0,2766.6500017879616,5.003510463206307e-05,1,0.0004883880943513077,0.00032467871188862456,0.0,True,0,1,0.0119,0.0927,0.0973,0.03,0.0543,1.0,0.2862
100000003131016100,peripheral,R8c,0.5,1,0.317,"вход 1 / выход 1, оборот 532 тыс ₸ — признаков роли нет",2,False,False,1.0,1.0,405700.0,126000.0,7.0,4.0,0.31057431599704216,7,0,35816.957396088044,0.0006477527731217369,1,0.0,0.0016950738653232485,0.3253968253968254,True,1,1,0.043,0.1309,0.0367,0.03,0.0543,1.0,0.2949
100000003221384100,terminal,R6,0.642,16,0.375,"конечный получатель в выборке: получил 511 тыс ₸ от 1 плательщика, исходящих от 5 000 ₸ в банке не наблюдается",2,False,False,1.0,0.0,511200.0,0.0,1.0,0.0,0.0,7,0,14170.623596654943,0.00025627695368116626,0,0.0,0.000450140728994583,,True,0,1,0.027,0.1302,0.0367,0.09,0.0543,1.0,0.3382
100000002156381100,peripheral,R8c,0.5,11,0.3164,"вход 2 / выход 1, оборот 83 тыс ₸ — признаков роли нет",2,False,False,2.0,1.0,61000.0,21800.0,7.0,3.0,0.35737704918032787,8,0,2612.4626481899527,4.724661300311414e-05,1,4.312989191729702e-05,0.0010867978830243889,0.22935779816513763,True,1,2,0.0116,0.0794,0.0896,0.03,0.0839,1.0,0.2945
100000002779485100,peripheral,R8a,0.5,6,0.2503,"разовый входящий 91 тыс ₸ от 1 плательщика, дальше не отправлял; меньше 100 тыс ₸ — признаков роли нет",2,False,False,1.0,0.0,91000.0,0.0,2.0,0.0,0.0,7,0,32003.262388690626,0.0005787817689807762,1,0.0,0.0005492997691906776,,True,0,1,0.0406,0.0835,0.0367,0.03,0.0543,1.0,0.2451
100000008774237100,transit,R4,0.65,23,0.2555,пропускает дальше 20% полученного (50 тыс ₸ → 10 тыс ₸); 100% ушло за ≤2 дн. — признаки транзита,2,False,False,1.0,1.0,50000.0,10000.0,1.0,1.0,0.2,1,0,759.5251510834374,1.37360780657415e-05,0,0.0,0.0003117296868876274,1.0,True,0,1,0.0063,0.0712,0.0367,0.12,0.0148,1.0,0.249
100000002628146100,peripheral,R8a,0.5,34,0.2078,"разовый входящий 30 тыс ₸ от 1 плательщика, дальше не отправлял; меньше 100 тыс ₸ — признаков роли нет",2,False,False,1.0,0.0,30500.0,0.0,2.0,0.0,0.0,8,0,4541.559677178684,8.213449966332593e-05,1,0.0,0.00032063590711054455,,True,0,1,0.0153,0.0475,0.0367,0.03,0.0839,1.0,0.2134
100000002852402100,peripheral,R8a,0.5,16,0.2073,"разовый входящий 55 тыс ₸ от 1 плательщика, дальше не отправлял; меньше 100 тыс ₸ — признаков роли нет",2,False,False,1.0,0.0,55000.0,0.0,1.0,0.0,0.0,7,0,10349.479524354807,0.00018717123255700293,0,0.0,0.00032847387841670073,,True,0,1,0.0231,0.0689,0.0367,0.03,0.0543,1.0,0.213
100000006989106100,peripheral,R8a,0.5,9,0.2054,"разовый входящий 64 тыс ₸ от 1 плательщика, дальше не отправлял; меньше 100 тыс ₸ — признаков роли нет",2,False,False,1.0,0.0,64000.0,0.0,2.0,0.0,0.0,1,0,64000.0,0.0011574455367981378,1,0.0,0.0004978155873421434,,True,0,1,0.0574,0.0727,0.0367,0.03,0.0148,1.0,0.2116
100000002958343100,peripheral,R8c,0.5,52,0.4284,"вход 1 / выход 2, оборот 4,3 млн ₸ — признаков роли нет",2,False,False,1.0,2.0,2900000.0,1390000.0,4.0,17.0,0.4793103448275862,1,0,236546.12214312472,0.00427795708314792,1,4.0308310203081327e-07,0.0006321936524405395,0.1079136690647482,True,1,1,0.1104,0.1487,0.0742,0.03,0.0148,1.0,0.3781
100000008461532100,peripheral,R8b,0.4,26,0.3703,"отдаёт 448% от полученного в выборке (565 тыс ₸ → 2,5 млн ₸): входящие извне не видны — признаков роли по данным недостаточно",2,False,False,2.0,8.0,565300.0,2530090.0,2.0,9.0,4.475658942154608,7,0,816.5070765136732,1.476660111679448e-05,0,0.0002759103833400917,0.0007483125003170452,0.2234307870471011,True,1,1,0.0065,0.1476,0.0963,0.03,0.0543,1.0,0.3347
100000004400305100,distributor,R2,0.852,1,0.6509,"рассылает 5,8 млн ₸ 82 получателям (101 переводов), плательщиков 7 — признаки веерной раздачи",2,False,False,7.0,82.0,222800.0,5830181.0,9.0,101.0,26.167778276481148,7,0,4934.913453764931,8.924833674289535e-05,2,0.0026538505082248217,0.00038751976253122237,0.03821493706627633,True,2,2,0.0159,0.1495,0.0995,0.225,0.0543,1.0,0.5442
100000000297649100,peripheral,R8b,0.4,12,0.2621,отдаёт 176% от полученного в выборке (40 тыс ₸ → 71 тыс ₸): входящие извне не видны — признаков роли по данным недостаточно,2,False,False,1.0,1.0,40000.0,70600.0,1.0,2.0,1.765,8,0,3402.645813245732,6.153714390384598e-05,0,0.0,0.0008126196235416601,0.0,True,1,1,0.0132,0.0901,0.0367,0.03,0.0839,1.0,0.2539
100000003191430100,terminal,R6,0.551,4,0.3494,"конечный получатель в выборке: получил 180 тыс ₸ от 1 плательщика, исходящих от 5 000 ₸ в банке не наблюдается",2,False,False,1.0,0.0,180000.0,0.0,1.0,0.0,0.0,7,0,23519.999999999996,0.0004253612347733156,0,0.0,0.000533064269801058,,True,0,1,0.0348,0.1033,0.0367,0.09,0.0543,1.0,0.3191
100000003275398100,peripheral,R8c,0.5,23,0.2102,"вход 1 / выход 1, оборот 320 тыс ₸ — признаков роли нет",2,False,False,1.0,1.0,300000.0,20000.0,1.0,1.0,0.06666666666666667,1,0,4557.150906500624,8.241646839444899e-05,0,0.0,0.00043613386795007266,0.0,False,0,1,0.0153,0.1184,0.0367,0.03,0.0148,1.0,0.2152
100000005203590100,peripheral,R8a,0.5,10,0.1867,"разовый входящий 90 тыс ₸ от 1 плательщика, дальше не отправлял; меньше 100 тыс ₸ — признаков роли нет",2,False,False,1.0,0.0,90000.0,0.0,1.0,0.0,0.0,1,0,21600.57601536041,0.00039064828595699707,0,0.0,0.0003039787673129284,,True,0,1,0.0334,0.0827,0.0367,0.03,0.0148,1.0,0.1976
100000008672603100,peripheral,R8a,0.5,3,0.1852,"разовый входящий 21 тыс ₸ от 1 плательщика, дальше не отправлял; меньше 100 тыс ₸ — признаков роли нет",2,False,False,1.0,0.0,21200.0,0.0,1.0,0.0,0.0,8,0,2878.6862668554627,5.2061290178342945e-05,0,0.0,0.0002985418733856588,,True,0,1,0.0122,0.0337,0.0367,0.03,0.0839,1.0,0.1965
100000000718427100,peripheral,R8a,0.5,2,0.0413,"разовый входящий 6 тыс ₸ от 1 плательщика, дальше не отправлял; меньше 100 тыс ₸ — признаков роли нет",2,False,False,1.0,0.0,6000.0,0.0,1.0,0.0,0.0,1,0,103.11006218205493,1.864754394868718e-06,0,0.0,0.00028889497896655787,,True,0,1,0.0023,0.0053,0.0367,0.03,0.0148,1.0,0.0891
100000003104347100,peripheral,R8c,0.5,22,0.3475,"вход 1 / выход 1, оборот 450 тыс ₸ — признаков роли нет",2,False,False,1.0,1.0,418000.0,32000.0,1.0,1.0,0.07655502392344497,7,0,12938.697906300034,0.0002339974709941623,0,1.9549530448494444e-05,0.0003659292140404737,0.0,True,0,1,0.0258,0.1266,0.081,0.03,0.0543,1.0,0.3177
100000002974256100,peripheral,R8a,0.5,12,0.0668,"разовый входящий 7 тыс ₸ от 1 плательщика, дальше не отправлял; меньше 100 тыс ₸ — признаков роли нет",2,False,False,1.0,0.0,7200.0,0.0,1.0,0.0,0.0,1,0,7200.0,0.00013021262288979052,0,0.0,0.00053423602843645,,True,0,1,0.0193,0.0073,0.0367,0.03,0.0148,1.0,0.1081
100000007173936100,peripheral,R8a,0.5,31,0.1011,"разовый входящий 10 тыс ₸ от 1 плательщика, дальше не отправлял; меньше 100 тыс ₸ — признаков роли нет",2,False,False,1.0,0.0,10000.0,0.0,1.0,0.0,0.0,7,0,16.50018589389189,2.9840728936288686e-07,0,0.0,0.0002881032978398647,,True,0,1,0.0009,0.0118,0.0367,0.03,0.0543,1.0,0.1337
100000002744581100,peripheral,R8a,0.5,9,0.0855,"разовый входящий 12 тыс ₸ от 1 плательщика, дальше не отправлял; меньше 100 тыс ₸ — признаков роли нет",2,False,False,1.0,0.0,12000.0,0.0,1.0,0.0,0.0,1,0,12000.0,0.00021702103814965086,0,0.0,0.0003264051138002018,,True,0,1,0.0249,0.0157,0.0367,0.03,0.0148,1.0,0.1221
100000000596954100,transit,R4,0.65,3,0.5623,пропускает дальше 40% полученного (120 тыс ₸ → 48 тыс ₸); 100% ушло за ≤2 дн. — признаки транзита,2,False,False,1.0,2.0,120000.0,48100.0,1.0,2.0,0.4008333333333333,10,0,95325.01472995091,0.0017239611381937255,0,4.9176138447759216e-05,0.0005178616657439633,1.0,True,0,1,0.0701,0.1018,0.0901,0.12,0.0961,1.0,0.4781
100000004950490100,peripheral,R8a,0.5,9,0.0774,"разовый входящий 10 тыс ₸ от 1 плательщика, дальше не отправлял; меньше 100 тыс ₸ — признаков роли нет",2,False,False,1.0,0.0,10000.0,0.0,1.0,0.0,0.0,1,0,10000.0,0.00018085086512470904,0,0.0,0.0003321133600975874,,True,0,1,0.0227,0.0118,0.0367,0.03,0.0148,1.0,0.116
100000008772058100,peripheral,R8a,0.5,2,0.1263,"разовый входящий 50 тыс ₸ от 1 плательщика, дальше не отправлял; меньше 100 тыс ₸ — признаков роли нет",2,False,False,1.0,0.0,50000.0,0.0,1.0,0.0,0.0,1,0,859.2505181837911,1.5539619957239314e-05,0,0.0,0.000303899919770301,,True,0,1,0.0067,0.0643,0.0367,0.03,0.0148,1.0,0.1525
100000000971908100,peripheral,R8a,0.5,10,0.1856,"разовый входящий 89 тыс ₸ от 1 плательщика, дальше не отправлял; меньше 100 тыс ₸ — признаков роли нет",2,False,False,1.0,0.0,89000.0,0.0,1.0,0.0,0.0,1,0,21360.56961518974,0.00038630774944636376,0,0.0,0.00030378843490584185,,True,0,1,0.0332,0.0821,0.0367,0.03,0.0148,1.0,0.1968
100000008687492100,peripheral,R8a,0.5,2,0.0638,"разовый входящий 15 тыс ₸ от 1 плательщика, дальше не отправлял; меньше 100 тыс ₸ — признаков роли нет",2,False,False,1.0,0.0,15000.0,0.0,1.0,0.0,0.0,1,0,257.77515545513734,4.661885987171795e-06,0,0.0,0.00029196417140368717,,True,0,1,0.0036,0.0208,0.0367,0.03,0.0148,1.0,0.1059
100000003159641100,consolidator,R3,0.577,60,0.6184,"получает 64 тыс ₸ от 4 плательщиков, отдаёт дальше 309% полученного — признаки консолидации",2,False,False,4.0,1.0,64000.0,197800.0,7.0,1.0,3.090625,7,0,720.2404314002837,1.3025610511653496e-05,3,5.985784065157577e-05,0.00030657557839232434,0.07583417593528817,True,0,1,0.0061,0.1136,0.091,0.255,0.0543,1.0,0.52
100000005326681100,peripheral,R8a,0.5,16,0.1579,"разовый входящий 31 тыс ₸ от 1 плательщика, дальше не отправлял; меньше 100 тыс ₸ — признаков роли нет",2,False,False,1.0,0.0,31228.0,0.0,1.0,0.0,0.0,7,0,865.6499093825128,1.565535350069534e-05,0,0.0,0.00029682396565197645,,True,0,1,0.0067,0.0484,0.0367,0.03,0.0543,1.0,0.1761
100000006888238100,peripheral,R8b,0.4,58,0.1793,отдаёт 167% от полученного в выборке (18 тыс ₸ → 30 тыс ₸): входящие извне не видны — признаков роли по данным недостаточно,2,False,False,1.0,1.0,18000.0,30000.0,1.0,1.0,1.6666666666666667,1,0,2343.3179723502303,4.237910825618182e-05,0,4.0308310203081327e-07,0.0006123269432202909,0.0,False,0,1,0.011,0.0621,0.0742,0.03,0.0148,1.0,0.1921
100000001290243100,peripheral,R8a,0.5,4,0.1287,"разовый входящий 10 тыс ₸ от 1 плательщика, дальше не отправлял; меньше 100 тыс ₸ — признаков роли нет",2,False,False,1.0,0.0,10000.0,0.0,1.0,0.0,0.0,7,0,9010.037752189452,0.0001629473122289751,0,0.0,0.0003213748640726425,,True,0,1,0.0215,0.0118,0.0367,0.03,0.0543,1.0,0.1543
100000008289539100,peripheral,R8a,0.5,16,0.1169,"разовый входящий 15 тыс ₸ от 1 плательщика, дальше не отправлял; меньше 100 тыс ₸ — признаков роли нет",2,False,False,1.0,0.0,14912.0,0.0,1.0,0.0,0.0,7,0,413.3652955268359,7.475747130855929e-06,0,0.0,0.00029161216931656946,,True,0,1,0.0046,0.0199,0.0367,0.03,0.0543,1.0,0.1455
100000000821507100,terminal,R6,0.62,31,0.338,"конечный получатель в выборке: получил 400 тыс ₸ от 1 плательщика, исходящих от 5 000 ₸ в банке не наблюдается",2,False,False,1.0,0.0,400000.0,0.0,1.0,0.0,0.0,7,0,660.0074357556755,1.1936291574515473e-05,0,0.0,0.00033702673726419016,,True,0,1,0.0058,0.1238,0.0367,0.09,0.0543,1.0,0.3106
100000003086040100,peripheral,R8a,0.5,1,0.1201,"разовый входящий 10 тыс ₸ от 1 плательщика, дальше не отправлял; меньше 100 тыс ₸ — признаков роли нет",2,False,False,1.0,0.0,10500.0,0.0,1.0,0.0,0.0,7,0,3140.1023205874235,5.67890221258342e-05,0,0.0,0.0005510497606358256,,True,0,1,0.0127,0.0142,0.0367,0.03,0.0543,1.0,0.1479
100000002969048100,terminal,R6,0.507,10,0.2803,"конечный получатель в выборке: получил 108 тыс ₸ от 1 плательщика, исходящих от 5 000 ₸ в банке не наблюдается",2,False,False,1.0,0.0,108470.0,0.0,1.0,0.0,0.0,1,0,26033.494226512707,0.00047081799530839414,0,0.0,0.0003074942068718171,,True,0,1,0.0366,0.0894,0.0367,0.09,0.0148,1.0,0.2675
100000002826669100,terminal,R6,0.541,1,0.3407,"конечный получатель в выборке: получил 160 тыс ₸ от 1 плательщика, исходящих от 5 000 ₸ в банке не наблюдается",2,False,False,1.0,0.0,159900.0,0.0,4.0,0.0,0.0,7,0,19490.992731842907,0.0003524962897693206,1,0.0,0.00047829346095073865,,True,0,1,0.0317,0.0999,0.0367,0.09,0.0543,1.0,0.3126
100000002293421100,transit,R4,0.65,1,0.4338,пропускает дальше 115% полученного (41 тыс ₸ → 47 тыс ₸); 32% ушло за ≤2 дн. — признаки транзита,2,False,False,2.0,2.0,41000.0,47000.0,6.0,5.0,1.146341463414634,7,0,34928.72740242106,0.0006316890568432979,1,1.9952613550525257e-05,0.0009787288750667904,0.3191489361702128,True,1,1,0.0424,0.0818,0.0836,0.12,0.0543,1.0,0.3821
100000004732589100,terminal,R6,0.571,8,0.2801,"конечный получатель в выборке: получил 228 тыс ₸ от 1 плательщика, исходящих от 5 000 ₸ в банке не наблюдается",2,False,False,1.0,0.0,227520.0,0.0,1.0,0.0,0.0,1,0,5304.519413576257,9.593269250160803e-05,0,0.0,0.0003957008792348517,,True,0,1,0.0165,0.1094,0.0367,0.09,0.0148,1.0,0.2674
100000003003821100,peripheral,R8a,0.5,3,0.2753,"разовый входящий 40 тыс ₸ от 1 плательщика, дальше не отправлял; меньше 100 тыс ₸ — признаков роли нет",2,False,False,1.0,0.0,40000.0,0.0,1.0,0.0,0.0,10,0,40000.0,0.0007234034604988362,0,0.0,0.0004398501996338099,,True,0,1,0.0454,0.0556,0.0367,0.03,0.0961,1.0,0.2638
100000005237935150,peripheral,R8a,0.5,13,0.1062,"разовый входящий 35 тыс ₸ от 1 плательщика, дальше не отправлял; меньше 100 тыс ₸ — признаков роли нет",2,False,False,1.0,0.0,34508.0,0.0,1.0,0.0,0.0,1,0,502.58583023289685,9.089308219703954e-06,0,0.0,0.00029930984677363866,,True,0,1,0.0051,0.0509,0.0367,0.03,0.0148,1.0,0.1375
100000004463277100,peripheral,R8a,0.5,30,0.1571,"разовый входящий 35 тыс ₸ от 1 плательщика, дальше не отправлял; меньше 100 тыс ₸ — признаков роли нет",2,False,False,1.0,0.0,35000.0,0.0,1.0,0.0,0.0,1,0,35000.0,0.0006329780279364817,0,0.0,0.0006948210120651965,,True,0,1,0.0425,0.0515,0.0367,0.03,0.0148,1.0,0.1755
100000006523053100,peripheral,R8a,0.5,3,0.1611,"разовый входящий 5 тыс ₸ от 1 плательщика, дальше не отправлял; меньше 100 тыс ₸ — признаков роли нет",2,False,False,1.0,0.0,5000.0,0.0,1.0,0.0,0.0,10,0,3439.3677531898443,6.220126336464102e-05,0,0.0,0.0005410075313508015,,True,0,1,0.0133,0.0024,0.0367,0.03,0.0961,1.0,0.1785
100000001954903100,peripheral,R8a,0.5,8,0.0967,"разовый входящий 27 тыс ₸ от 1 плательщика, дальше не отправлял; меньше 100 тыс ₸ — признаков роли нет",2,False,False,1.0,0.0,27118.0,0.0,1.0,0.0,0.0,1,0,632.2431322844626,1.1434171744280092e-05,0,0.0,0.0002998228719061612,,True,0,1,0.0057,0.0432,0.0367,0.03,0.0148,1.0,0.1304
100000005328215100,peripheral,R8a,0.5,8,0.0961,"разовый входящий 27 тыс ₸ от 1 плательщика, дальше не отправлял; меньше 100 тыс ₸ — признаков роли нет",2,False,False,1.0,0.0,27000.0,0.0,1.0,0.0,0.0,1,0,629.4920190161697,1.138441762281741e-05,0,0.0,0.0002997664173554841,,True,0,1,0.0057,0.0428,0.0367,0.03,0.0148,1.0,0.13
100000004424023100,peripheral,R8b,0.4,10,0.3649,отдаёт 200% от полученного в выборке (50 тыс ₸ → 100 тыс ₸): входящие извне не видны — признаков роли по данным недостаточно,2,False,False,1.0,1.0,50000.0,100000.0,1.0,1.0,2.0,9,0,14466.859049423452,0.0002616343974725457,0,2.0758779754586885e-05,0.0009757985999759042,0.0,False,0,1,0.0273,0.0976,0.0849,0.03,0.0909,1.0,0.3307
100000002299948100,peripheral,R8a,0.5,34,0.1418,"разовый входящий 7 тыс ₸ от 1 плательщика, дальше не отправлял; меньше 100 тыс ₸ — признаков роли нет",2,False,False,1.0,0.0,6750.0,0.0,1.0,0.0,0.0,8,0,1005.0992728182334,1.8177307302539347e-05,0,0.0,0.00029432631398461346,,True,0,1,0.0072,0.0063,0.0367,0.03,0.0839,1.0,0.1641
100000005105153100,peripheral,R8a,0.5,1,0.1623,"разовый входящий 30 тыс ₸ от 1 плательщика, дальше не отправлял; меньше 100 тыс ₸ — признаков роли нет",2,False,False,1.0,0.0,30000.0,0.0,1.0,0.0,0.0,7,0,2899.5383156825055,5.2438401285342285e-05,0,0.0,0.00040314809720736947,,True,0,1,0.0122,0.0462,0.0367,0.03,0.0543,1.0,0.1794
100000001985793100,terminal,R6,0.625,10,0.3363,"конечный получатель в выборке: получил 420 тыс ₸ от 1 плательщика, исходящих от 5 000 ₸ в банке не наблюдается",2,False,False,1.0,0.0,420000.0,0.0,1.0,0.0,0.0,1,0,35853.65853658537,0.0006484165164227373,0,0.0,0.00037431126259945596,,True,0,1,0.043,0.1248,0.0367,0.09,0.0148,1.0,0.3093
100000003134934100,consolidator,R3,0.577,1,0.6413,"получает 379 тыс ₸ от 4 плательщиков, отдаёт дальше 0% полученного — признаки консолидации",2,False,False,4.0,0.0,379354.0,0.0,4.0,0.0,0.0,9,0,20014.123553418664,0.0003619571559348581,0,0.0,0.0004263284015335226,,True,0,2,0.0321,0.1224,0.0367,0.255,0.0909,1.0,0.5371
100000006240939100,peripheral,R8b,0.4,10,0.3076,отдаёт 486% от полученного в выборке (160 тыс ₸ → 778 тыс ₸): входящие извне не видны — признаков роли по данным недостаточно,2,False,False,1.0,5.0,160000.0,778015.0,1.0,5.0,4.86259375,1,0,13658.536585365855,0.0002470158157800904,0,4.2323725713235395e-06,0.000320167864741545,0.2056515619878794,True,0,1,0.0265,0.1385,0.0781,0.03,0.0148,1.0,0.2879
100000008656043100,peripheral,R8a,0.5,2,0.0934,"разовый входящий 26 тыс ₸ от 1 плательщика, дальше не отправлял; меньше 100 тыс ₸ — признаков роли нет",2,False,False,1.0,0.0,26200.0,0.0,1.0,0.0,0.0,1,0,450.24727152830656,8.142760857593402e-06,0,0.0,0.0002957836108810036,,True,0,1,0.0048,0.0417,0.0367,0.03,0.0148,1.0,0.128
100000002605184100,terminal,R6,0.529,16,0.3413,"конечный получатель в выборке: получил 140 тыс ₸ от 1 плательщика, исходящих от 5 000 ₸ в банке не наблюдается",2,False,False,1.0,0.0,140000.0,0.0,1.0,0.0,0.0,7,0,26344.129698357694,0.0004764358646905529,0,0.0,0.00039280346674456975,,True,0,1,0.0368,0.0953,0.0367,0.09,0.0543,1.0,0.3131
100000003157333100,peripheral,R8a,0.5,10,0.1189,"разовый входящий 30 тыс ₸ от 1 плательщика, дальше не отправлял; меньше 100 тыс ₸ — признаков роли нет",2,False,False,1.0,0.0,30000.0,0.0,1.0,0.0,0.0,1,0,7200.192005120136,0.000130216095318999,0,0.0,0.00029255882288773506,,True,0,1,0.0193,0.0462,0.0367,0.03,0.0148,1.0,0.147
100000007898453100,peripheral,R8b,0.4,3,0.4098,отдаёт 1293% от полученного в выборке (25 тыс ₸ → 320 тыс ₸): входящие извне не видны — признаков роли по данным недостаточно,2,False,False,1.0,2.0,24750.0,320000.0,1.0,2.0,12.929292929292929,10,0,19660.784288052375,0.0003555669847524559,0,2.43865276728642e-05,0.00033449524378308354,0.07734375,True,1,1,0.0318,0.1197,0.0866,0.03,0.0961,1.0,0.3642
100000002710570100,terminal,R6,0.57,32,0.3724,"конечный получатель в выборке: получил 225 тыс ₸ от 1 плательщика, исходящих от 5 000 ₸ в банке не наблюдается",2,False,False,1.0,0.0,225015.0,0.0,1.0,0.0,0.0,7,0,41190.29317169288,0.0007449300154841053,0,0.0,0.0005414532929435295,,True,0,1,0.0461,0.1092,0.0367,0.09,0.0543,1.0,0.3363
100000004979498100,consolidator,R3b,0.613,51,0.7684,"сюда дошло 684 тыс ₸ денег курьеров (1% от всех) от 1 плательщика, дальше ушло 29% — признаки консолидации",2,False,False,1.0,1.0,700000.0,200000.0,2.0,1.0,0.2857142857142857,1,0,684055.8412931667,0.012371209069147987,1,0.0,0.0013279423584759296,1.0,True,0,1,0.1877,0.1378,0.0367,0.255,0.0148,1.0,0.632
100000001541418100,terminal,R6,0.5,9,0.302,"конечный получатель в выборке: получил 97 тыс ₸ от 2 плательщиков, исходящих от 5 000 ₸ в банке не наблюдается",2,False,False,2.0,0.0,96900.0,0.0,2.0,0.0,0.0,7,0,5755.275488377322,0.00010408465511040711,0,0.0,0.0003048959847607107,,True,0,1,0.0172,0.0855,0.0367,0.09,0.0543,1.0,0.2837
100000007797290100,peripheral,R8c,0.5,1,0.2862,"вход 1 / выход 1, оборот 120 тыс ₸ — признаков роли нет",2,False,False,1.0,1.0,100000.0,20000.0,1.0,1.0,0.2,7,0,3898.876281632227,7.05115148547397e-05,0,1.9549530448494444e-05,0.0003024705867928069,0.0,True,0,1,0.0142,0.0924,0.081,0.03,0.0543,1.0,0.2719
100000008683818100,peripheral,R8a,0.5,2,0.0713,"разовый входящий 17 тыс ₸ от 1 плательщика, дальше не отправлял; меньше 100 тыс ₸ — признаков роли нет",2,False,False,1.0,0.0,17400.0,0.0,1.0,0.0,0.0,1,0,299.0191803279593,5.407787745119282e-06,0,0.0,0.000292782622720255,,True,0,1,0.0039,0.0261,0.0367,0.03,0.0148,1.0,0.1115
100000006567935100,terminal,R6,0.56,31,0.3127,"конечный получатель в выборке: получил 200 тыс ₸ от 1 плательщика, исходящих от 5 000 ₸ в банке не наблюдается",2,False,False,1.0,0.0,200000.0,0.0,1.0,0.0,0.0,7,0,330.00371787783774,5.968145787257737e-06,0,0.0,0.0003119377939696643,,True,0,1,0.0041,0.1066,0.0367,0.09,0.0543,1.0,0.2917
100000002132479100,peripheral,R8c,0.5,15,0.2429,"вход 1 / выход 1, оборот 50 тыс ₸ — признаков роли нет",2,False,False,1.0,1.0,30000.0,20000.0,2.0,1.0,0.6666666666666666,8,0,11811.782381036262,0.0002136171062275204,1,0.0,0.0006085432400876414,0.0,True,1,1,0.0247,0.0643,0.0367,0.03,0.0839,1.0,0.2396
100000002170580100,terminal,R6,0.535,8,0.2602,"конечный получатель в выборке: получил 150 тыс ₸ от 1 плательщика, исходящих от 5 000 ₸ в банке не наблюдается",2,False,False,1.0,0.0,150000.0,0.0,1.0,0.0,0.0,1,0,3497.177883423165,6.324676457120783e-05,0,0.0,0.00035861311001039243,,True,0,1,0.0134,0.0976,0.0367,0.09,0.0148,1.0,0.2525
100000001232297100,peripheral,R8b,0.4,14,0.2378,отдаёт 900% от полученного в выборке (5 тыс ₸ → 45 тыс ₸): входящие извне не видны — признаков роли по данным недостаточно,2,False,False,1.0,2.0,5000.0,45000.0,1.0,2.0,9.0,10,0,1466.599574891513,2.6523580191066062e-05,0,0.0,0.000293456995248242,0.0,True,1,1,0.0087,0.0643,0.0367,0.03,0.0961,1.0,0.2358
100000002028158100,peripheral,R8a,0.5,16,0.162,"разовый входящий 35 тыс ₸ от 1 плательщика, дальше не отправлял; меньше 100 тыс ₸ — признаков роли нет",2,False,False,1.0,0.0,34800.0,0.0,1.0,0.0,0.0,7,0,964.6668645610172,1.744608370130005e-05,0,0.0,0.000297964964457448,,True,0,1,0.007,0.0512,0.0367,0.03,0.0543,1.0,0.1792
100000005519998100,transit,R4,0.65,33,0.4739,пропускает дальше 103% полученного (182 тыс ₸ → 188 тыс ₸); 33% ушло за ≤2 дн. — признаки транзита,2,False,False,3.0,3.0,182000.0,188000.0,5.0,8.0,1.032967032967033,7,0,11839.445943355897,0.0002141174041453141,1,6.0865548406652806e-05,0.0006551647286806789,0.32978723404255317,True,2,1,0.0247,0.1218,0.0913,0.12,0.0543,1.0,0.4121
100000002335358100,terminal,R6,0.529,4,0.4058,"конечный получатель в выборке: получил 140 тыс ₸ от 1 плательщика, исходящих от 5 000 ₸ в банке не наблюдается",2,False,False,1.0,0.0,140000.0,0.0,2.0,0.0,0.0,7,0,139987.1203571381,0.0025316791822905197,1,0.0,0.0006151184450136056,,True,0,1,0.0849,0.0953,0.0367,0.09,0.0543,1.0,0.3612
100000007289427100,peripheral,R8a,0.5,3,0.0868,"разовый входящий 12 тыс ₸ от 1 плательщика, дальше не отправлял; меньше 100 тыс ₸ — признаков роли нет",2,False,False,1.0,0.0,12300.0,0.0,1.0,0.0,0.0,1,0,12300.0,0.00022244656410339212,0,0.0,0.0003752814558888946,,True,0,1,0.0252,0.0163,0.0367,0.03,0.0148,1.0,0.123
100000004592467100,peripheral,R8a,0.5,3,0.0442,"разовый входящий 7 тыс ₸ от 1 плательщика, дальше не отправлял; меньше 100 тыс ₸ — признаков роли нет",2,False,False,1.0,0.0,7000.0,0.0,1.0,0.0,0.0,1,0,151.5895129235189,2.7415094556051657e-06,0,0.0,0.00028790680824774655,,True,0,1,0.0028,0.0069,0.0367,0.03,0.0148,1.0,0.0912
100000004993576100,terminal,R6,0.545,16,0.3211,"конечный получатель в выборке: получил 167 тыс ₸ от 1 плательщика, исходящих от 5 000 ₸ в банке не наблюдается",2,False,False,1.0,0.0,167000.0,0.0,1.0,0.0,0.0,7,0,4629.292137404881,8.372114879646862e-05,0,0.0,0.000340193419687946,,True,0,1,0.0154,0.1016,0.0367,0.09,0.0543,1.0,0.298
100000001648936100,peripheral,R8a,0.5,10,0.1887,"разовый входящий 93 тыс ₸ от 1 плательщика, дальше не отправлял; меньше 100 тыс ₸ — признаков роли нет",2,False,False,1.0,0.0,92740.0,0.0,1.0,0.0,0.0,1,0,22258.193551828048,0.0004025413559961323,0,0.0,0.0003045002781083456,,True,0,1,0.0339,0.0837,0.0367,0.03,0.0148,1.0,0.1991
100000008512552100,peripheral,R8b,0.4,17,0.3882,"отдаёт 330% от полученного в выборке (394 тыс ₸ → 1,3 млн ₸): входящие извне не видны — признаков роли по данным недостаточно",2,False,False,4.0,6.0,394360.0,1302275.0,9.0,11.0,3.3022492139162187,7,0,9937.731195593167,0.00017972472840998335,3,0.0004381089284089468,0.00042774201035011497,0.3028239043212839,True,1,2,0.0226,0.144,0.0972,0.03,0.0543,1.0,0.3481
100000007629096100,consolidator,R3,0.577,25,0.6827,"получает 1,1 млн ₸ от 4 плательщиков, отдаёт дальше 71% полученного — признаки консолидации",2,False,False,4.0,1.0,1075170.0,765205.0,5.0,5.0,0.7117060557865268,7,0,23851.443539139582,0.00043135541985265456,1,1.551869942818631e-05,0.002502258548680081,0.9346122934377062,True,1,2,0.0351,0.1446,0.079,0.255,0.0543,1.0,0.568
100000001601320100,transit,R4,0.65,9,0.3582,пропускает дальше 106% полученного (44 тыс ₸ → 46 тыс ₸); 0% ушло за ≤2 дн. — признаки транзита,2,False,False,2.0,1.0,43500.0,46200.0,2.0,1.0,1.0620689655172413,1,0,21081.081081081084,0.00038125317512776506,0,1.0077077550770332e-06,0.0008152009196827959,0.0,True,0,1,0.033,0.0824,0.0755,0.12,0.0148,1.0,0.3257
100000005782781100,peripheral,R8b,0.4,9,0.3739,"отдаёт 735% от полученного в выборке (172 тыс ₸ → 1,3 млн ₸): входящие извне не видны — признаков роли по данным недостаточно",2,False,False,6.0,10.0,171888.0,1263597.0,10.0,10.0,7.351281066741134,7,0,3293.8444519870973,5.956946187280897e-05,4,0.0005780609985678846,0.0004896362070138854,0.12795851842003422,True,0,3,0.013,0.1425,0.0976,0.03,0.0543,1.0,0.3374
100000002723538100,distributor,R2,0.607,6,0.6284,"рассылает 560 тыс ₸ 12 получателям (14 переводов), плательщиков 3 — признаки веерной раздачи",2,False,False,3.0,12.0,105647.0,560499.0,3.0,14.0,5.305394379395534,7,0,6091.344401813376,0.00011016249048405023,0,0.00029586993447259233,0.00032173676844183234,0.18848740140481962,True,1,1,0.0177,0.134,0.0964,0.225,0.0543,1.0,0.5274
100000002340562100,peripheral,R8a,0.5,9,0.1603,"разовый входящий 37 тыс ₸ от 1 плательщика, дальше не отправлял; меньше 100 тыс ₸ — признаков роли нет",2,False,False,1.0,0.0,36650.0,0.0,2.0,0.0,0.0,1,0,36650.0,0.0006628184206820587,1,0.0,0.0005331828016435874,,True,0,1,0.0435,0.0529,0.0367,0.03,0.0148,1.0,0.1779
100000005939154100,peripheral,R8a,0.5,4,0.148,"разовый входящий 22 тыс ₸ от 1 плательщика, дальше не отправлял; меньше 100 тыс ₸ — признаков роли нет",2,False,False,1.0,0.0,22000.0,0.0,2.0,0.0,0.0,7,0,3507.7269195255853,6.343754480174328e-05,1,0.0,0.00029501093822377646,,True,0,1,0.0134,0.0343,0.0367,0.03,0.0543,1.0,0.1687
100000004386258100,transit,R4,0.65,12,0.5047,пропускает дальше 65% полученного (62 тыс ₸ → 40 тыс ₸); 75% ушло за ≤2 дн. — признаки транзита,2,False,False,3.0,3.0,61700.0,40000.0,3.0,3.0,0.6482982171799028,9,0,34270.62207206978,0.0006197871650095769,0,0.00012253726301736723,0.0005359655801261068,0.75,True,2,2,0.042,0.0882,0.094,0.12,0.0909,1.0,0.4351
100000008406609100,peripheral,R8a,0.5,20,0.24,"разовый входящий 34 тыс ₸ от 1 плательщика, дальше не отправлял; меньше 100 тыс ₸ — признаков роли нет",2,False,False,1.0,0.0,34000.0,0.0,1.0,0.0,0.0,8,0,25500.0,0.0004611697060680081,0,0.0,0.00043238051504698857,,True,0,1,0.0362,0.0506,0.0367,0.03,0.0839,1.0,0.2374
100000007242833100,transit,R4,0.65,12,0.5306,пропускает дальше 42% полученного (108 тыс ₸ → 45 тыс ₸); 100% ушло за ≤2 дн. — признаки транзита,2,False,False,1.0,1.0,107500.0,45000.0,3.0,2.0,0.4186046511627907,9,0,71582.29708229836,0.0012945720354947596,1,2.0154155101540664e-05,0.0005160352036917609,1.0,True,0,1,0.0607,0.0986,0.0842,0.12,0.0909,1.0,0.4544
100000004698193100,peripheral,R8c,0.5,10,0.2781,"вход 2 / выход 3, оборот 261 тыс ₸ — признаков роли нет",2,False,False,2.0,3.0,222700.0,38000.0,15.0,5.0,0.17063313875168387,1,0,18277.771237228106,0.00033055507408042263,1,1.612332408123253e-06,0.0008287195333211077,0.3157894736842105,True,1,1,0.0307,0.1136,0.0768,0.03,0.0148,1.0,0.2659
100000002733905100,peripheral,R8b,0.4,2,0.2777,отдаёт 718% от полученного в выборке (100 тыс ₸ → 718 тыс ₸): входящие извне не видны — признаков роли по данным недостаточно,2,False,False,3.0,2.0,100000.0,717839.0,5.0,3.0,7.17839,1,0,979.0013151356281,1.7705323480050625e-05,1,1.8138739591386597e-06,0.002937899779349556,0.08358420202858859,True,2,2,0.0071,0.1366,0.0771,0.03,0.0148,1.0,0.2656
100000006912294100,peripheral,R8b,0.4,9,0.1709,отдаёт 474% от полученного в выборке (6 тыс ₸ → 30 тыс ₸): входящие извне не видны — признаков роли по данным недостаточно,2,False,False,1.0,2.0,6335.09,30000.0,1.0,2.0,4.7355286191672095,1,0,3552.235910712748,6.424249375794592e-05,0,6.046246530462199e-07,0.0005050490593143352,0.0,False,1,1,0.0135,0.0527,0.0748,0.03,0.0148,1.0,0.1858
100000003036198100,peripheral,R8a,0.5,3,0.1163,"разовый входящий 15 тыс ₸ от 1 плательщика, дальше не отправлял; меньше 100 тыс ₸ — признаков роли нет",2,False,False,1.0,0.0,15000.0,0.0,1.0,0.0,0.0,7,0,212.05762446908156,3.835080484152407e-06,0,0.0,0.0002892235631566839,,True,0,1,0.0033,0.0208,0.0367,0.03,0.0543,1.0,0.1451
100000004687099100,peripheral,R8a,0.5,9,0.1318,"разовый входящий 30 тыс ₸ от 1 плательщика, дальше не отправлял; меньше 100 тыс ₸ — признаков роли нет",2,False,False,1.0,0.0,30000.0,0.0,1.0,0.0,0.0,1,0,16216.216216216217,0.00029327167317520384,0,0.0,0.00033570064330650185,,True,0,1,0.0289,0.0462,0.0367,0.03,0.0148,1.0,0.1566
100000005242320100,distributor,R2,0.638,13,0.5945,"рассылает 8,9 млн ₸ 21 получателю (29 переводов), плательщиков 2 — признаки веерной раздачи",2,False,False,2.0,21.0,365700.0,8936295.0,2.0,29.0,24.43613617719442,2,0,2866.2659701172133,5.183666803732115e-05,0,3.0231232652310996e-05,0.0005023175201394411,0.04092299996810759,True,0,1,0.0122,0.1497,0.0871,0.225,0.0281,1.0,0.5021
100000008762832100,peripheral,R8c,0.5,3,0.1966,"вход 1 / выход 1, оборот 235 тыс ₸ — признаков роли нет",2,False,False,1.0,1.0,150000.0,85000.0,1.0,4.0,0.5666666666666667,1,0,3248.346705503976,5.874663119153925e-05,0,0.0,0.0003095193700881718,0.0,False,1,1,0.0129,0.1106,0.0367,0.03,0.0148,1.0,0.205
100000002489253100,peripheral,R8a,0.5,4,0.1837,"разовый входящий 51 тыс ₸ от 1 плательщика, дальше не отправлял; меньше 100 тыс ₸ — признаков роли нет",2,False,False,1.0,0.0,51000.0,0.0,1.0,0.0,0.0,7,0,1441.552541480116,2.60706024249402e-05,0,0.0,0.00030318950199531336,,True,0,1,0.0086,0.0658,0.0367,0.03,0.0543,1.0,0.1954
100000004756901100,terminal,R6,0.537,4,0.3519,"конечный получатель в выборке: получил 153 тыс ₸ от 1 плательщика, исходящих от 5 000 ₸ в банке не наблюдается",2,False,False,1.0,0.0,153248.0,0.0,1.0,0.0,0.0,7,0,32956.04990555296,0.0005960130136512338,0,0.0,0.0003123399990521828,,True,0,1,0.0412,0.0988,0.0367,0.09,0.0543,1.0,0.321
100000008749989100,peripheral,R8a,0.5,2,0.068,"разовый входящий 16 тыс ₸ от 1 плательщика, дальше не отправлял; меньше 100 тыс ₸ — признаков роли нет",2,False,False,1.0,0.0,16000.0,0.0,1.0,0.0,0.0,1,0,274.96016581881315,4.972678386316581e-06,0,0.0,0.0002923051927855904,,True,0,1,0.0038,0.0237,0.0367,0.03,0.0148,1.0,0.109
100000001380986100,peripheral,R8a,0.5,9,0.1595,"разовый входящий 70 тыс ₸ от 1 плательщика, дальше не отправлял; меньше 100 тыс ₸ — признаков роли нет",2,False,False,1.0,0.0,70170.0,0.0,1.0,0.0,0.0,1,0,8004.178834994377,0.00014475626669216188,0,0.0,0.00029347981117744225,,True,0,1,0.0203,0.0755,0.0367,0.03,0.0148,1.0,0.1773
100000003089018100,terminal,R6,0.572,9,0.3079,"конечный получатель в выборке: получил 230 тыс ₸ от 1 плательщика, исходящих от 5 000 ₸ в банке не наблюдается",2,False,False,1.0,0.0,230000.0,0.0,1.0,0.0,0.0,1,0,26235.729400722626,0.00047447543592984515,0,0.0,0.0003085835081573942,,True,0,1,0.0368,0.1098,0.0367,0.09,0.0148,1.0,0.2881
100000008742266100,peripheral,R8a,0.5,2,0.0815,"разовый входящий 21 тыс ₸ от 1 плательщика, дальше не отправлял; меньше 100 тыс ₸ — признаков роли нет",2,False,False,1.0,0.0,21000.0,0.0,1.0,0.0,0.0,1,0,360.8852176371923,6.526640382040513e-06,0,0.0,0.00029401029969510666,,True,0,1,0.0043,0.0333,0.0367,0.03,0.0148,1.0,0.1191
100000003044431100,terminal,R6,0.5,1,0.2704,"конечный получатель в выборке: получил 60 тыс ₸ от 2 плательщиков, исходящих от 5 000 ₸ в банке не наблюдается",2,False,False,2.0,0.0,60000.0,0.0,2.0,0.0,0.0,7,0,1204.8679042540082,2.1790140284533247e-05,0,0.0,0.0003038093996283426,,True,0,1,0.0079,0.0712,0.0367,0.09,0.0543,1.0,0.2601
100000003321423100,terminal,R6,0.5,11,0.3628,"конечный получатель в выборке: получил 100 тыс ₸ от 1 плательщика, исходящих от 5 000 ₸ в банке не наблюдается",2,False,False,1.0,0.0,100000.0,0.0,2.0,0.0,0.0,8,0,19223.852040008805,0.00034766502724649953,1,0.0,0.000673943477532719,,True,0,1,0.0315,0.087,0.0367,0.09,0.0839,1.0,0.3291
100000002540623100,terminal,R6,0.5,8,0.2428,"конечный получатель в выборке: получил 100 тыс ₸ от 1 плательщика, исходящих от 5 000 ₸ в банке не наблюдается",2,False,False,1.0,0.0,100000.0,0.0,1.0,0.0,0.0,1,0,2331.45192228211,4.216450971413855e-05,0,0.0,0.0003346916902319744,,True,0,1,0.011,0.087,0.0367,0.09,0.0148,1.0,0.2395
100000004225615100,peripheral,R8a,0.5,9,0.1727,"разовый входящий 90 тыс ₸ от 1 плательщика, дальше не отправлял; меньше 100 тыс ₸ — признаков роли нет",2,False,False,1.0,0.0,90000.0,0.0,2.0,0.0,0.0,1,0,10266.154982891463,0.00018566430101602636,1,0.0,0.00029535371664645587,,True,0,1,0.023,0.0827,0.0367,0.03,0.0148,1.0,0.1872
100000004820260100,transit,R4,0.65,16,0.5011,пропускает дальше 92% полученного (234 тыс ₸ → 215 тыс ₸); 70% ушло за ≤2 дн. — признаки транзита,2,False,False,1.0,3.0,234200.0,215350.0,12.0,10.0,0.9195132365499573,7,0,44828.508718528225,0.0008107274583996391,1,1.9952613550525257e-05,0.0014103695688040061,0.6974692361272348,True,1,1,0.0481,0.1264,0.0836,0.12,0.0543,1.0,0.4324
100000000795129100,terminal,R6,0.604,16,0.353,"конечный получатель в выборке: получил 332 тыс ₸ от 1 плательщика, исходящих от 5 000 ₸ в банке не наблюдается",2,False,False,1.0,0.0,332000.0,0.0,1.0,0.0,0.0,7,0,9203.143650409704,0.00016643964910435677,0,0.0,0.00039289913158682774,,True,0,1,0.0218,0.119,0.0367,0.09,0.0543,1.0,0.3218
100000008213966100,consolidator,R3,0.55,29,0.6917,"получает 187 тыс ₸ от 3 плательщиков, отдаёт дальше 234% полученного — признаки консолидации",2,False,False,3.0,1.0,187004.0,436900.0,7.0,8.0,2.336313661739856,7,0,34736.02482805576,0.0006282040141147256,1,4.3936058121358645e-05,0.0019431352837726214,0.3250263218127718,True,1,1,0.0423,0.1334,0.0897,0.255,0.0543,1.0,0.5747
100000008478414100,peripheral,R8a,0.5,2,0.051,"разовый входящий 10 тыс ₸ от 1 плательщика, дальше не отправлял; меньше 100 тыс ₸ — признаков роли нет",2,False,False,1.0,0.0,10000.0,0.0,1.0,0.0,0.0,1,0,171.85010363675823,3.1079239914478634e-06,0,0.0,0.00029025906449417087,,True,0,1,0.003,0.0118,0.0367,0.03,0.0148,1.0,0.0963
100000001330595100,consolidator,R3,0.55,23,0.543,"получает 87 тыс ₸ от 3 плательщиков, отдаёт дальше 177% полученного — признаки консолидации",2,False,False,3.0,1.0,87000.0,154000.0,6.0,1.0,1.7701149425287357,1,0,744.068569207089,1.345654444532065e-05,2,1.2092493060924398e-06,0.0006784467559252045,0.0,True,0,2,0.0062,0.1117,0.076,0.255,0.0148,1.0,0.4637
100000000076451100,peripheral,R8c,0.5,16,0.3025,"вход 3 / выход 4, оборот 146 тыс ₸ — признаков роли нет",2,False,False,3.0,4.0,87707.0,58000.0,4.0,4.0,0.661292713238396,7,0,1969.9860053239297,3.5627367334640234e-05,1,9.935998465059547e-05,0.0014012275295631398,0.08620689655172414,True,2,2,0.0101,0.0965,0.0932,0.03,0.0543,1.0,0.2841
100000005664632100,terminal,R6,0.56,62,0.4003,"конечный получатель в выборке: получил 199 тыс ₸ от 1 плательщика, исходящих от 5 000 ₸ в банке не наблюдается",2,False,False,1.0,0.0,198620.0,0.0,18.0,0.0,0.0,10,0,15816.968480736457,0.0002860512433391443,1,0.0,0.0003667595262044198,,True,0,1,0.0285,0.1058,0.0367,0.09,0.0961,1.0,0.3571
100000002457464100,peripheral,R8a,0.5,3,0.2516,"разовый входящий 67 тыс ₸ от 1 плательщика, дальше не отправлял; меньше 100 тыс ₸ — признаков роли нет",2,False,False,1.0,0.0,66647.0,0.0,1.0,0.0,0.0,8,0,9049.802057882831,0.0001636664531375482,0,0.0,0.00032360851504249956,,True,0,1,0.0216,0.0739,0.0367,0.03,0.0839,1.0,0.2461
100000002757240100,peripheral,R8a,0.5,3,0.2481,"разовый входящий 51 тыс ₸ от 1 плательщика, дальше не отправлял; меньше 100 тыс ₸ — признаков роли нет",2,False,False,1.0,0.0,51183.0,0.0,1.0,0.0,0.0,9,0,7625.11213877619,0.00013790081269705943,0,0.0,0.00031825299565871584,,True,0,1,0.0198,0.0661,0.0367,0.03,0.0909,1.0,0.2435
100000003718221100,peripheral,R8b,0.4,22,0.3902,отдаёт 121% от полученного в выборке (350 тыс ₸ → 424 тыс ₸): входящие извне не видны — признаков роли по данным недостаточно,2,False,False,2.0,4.0,350000.0,423500.0,6.0,8.0,1.21,7,0,32307.788716468895,0.0005842891539639713,2,3.9905227101050515e-05,0.0010507940734642523,0.6375442739079102,True,2,1,0.0408,0.1357,0.0888,0.03,0.0543,1.0,0.3496
100000008629581100,peripheral,R8a,0.5,3,0.2416,"разовый входящий 54 тыс ₸ от 1 плательщика, дальше не отправлял; меньше 100 тыс ₸ — признаков роли нет",2,False,False,1.0,0.0,54184.0,0.0,1.0,0.0,0.0,8,0,7357.487579400773,0.00013306079938789312,0,0.0,0.0003167344517386686,,True,0,1,0.0195,0.0685,0.0367,0.03,0.0839,1.0,0.2386
100000004806903100,peripheral,R8a,0.5,3,0.2057,"разовый входящий 18 тыс ₸ от 1 плательщика, дальше не отправлял; меньше 100 тыс ₸ — признаков роли нет",2,False,False,1.0,0.0,18000.0,0.0,1.0,0.0,0.0,10,0,9010.758258373504,0.00016296034264564647,0,0.0,0.0005358736858678885,,True,0,1,0.0215,0.0275,0.0367,0.03,0.0961,1.0,0.2118
100000000913911100,peripheral,R8b,0.4,3,0.3634,отдаёт 128% от полученного в выборке (467 тыс ₸ → 600 тыс ₸): входящие извне не видны — признаков роли по данным недостаточно,2,False,False,2.0,1.0,467000.0,600000.0,2.0,1.0,1.284796573875803,7,0,9722.651790803817,0.0001758349987673172,0,1.975107199950985e-05,0.0004614358888210906,0.0,True,0,2,0.0224,0.1399,0.083,0.03,0.0543,1.0,0.3296
100000004905207100,terminal,R6,0.616,15,0.4197,"конечный получатель в выборке: получил 380 тыс ₸ от 1 плательщика, исходящих от 5 000 ₸ в банке не наблюдается",2,False,False,1.0,0.0,380000.0,0.0,1.0,0.0,0.0,11,0,10419.03776513192,0.00018842919935911227,0,0.0,0.000436738349886462,,True,0,1,0.0232,0.1225,0.0367,0.09,0.0992,1.0,0.3716
100000003831201100,peripheral,R8a,0.5,1,0.2072,"разовый входящий 40 тыс ₸ от 1 плательщика, дальше не отправлял; меньше 100 тыс ₸ — признаков роли нет",2,False,False,1.0,0.0,40500.0,0.0,3.0,0.0,0.0,7,0,24614.11717975707,0.000445148438624003,1,0.0,0.0005366717916456754,,True,0,1,0.0356,0.0563,0.0367,0.03,0.0543,1.0,0.2129
100000003073398100,peripheral,R8a,0.5,10,0.1889,"разовый входящий 93 тыс ₸ от 1 плательщика, дальше не отправлял; меньше 100 тыс ₸ — признаков роли нет",2,False,False,1.0,0.0,92960.0,0.0,1.0,0.0,0.0,1,0,22310.994959865595,0.0004034962740284716,0,0.0,0.0003045421512379046,,True,0,1,0.0339,0.0839,0.0367,0.03,0.0148,1.0,0.1993
100000008418934100,terminal,R6,0.611,9,0.3355,"конечный получатель в выборке: получил 360 тыс ₸ от 1 плательщика, исходящих от 5 000 ₸ в банке не наблюдается",2,False,False,1.0,0.0,360000.0,0.0,1.0,0.0,0.0,1,0,41064.61993156585,0.0007426572040641054,0,0.0,0.00032086831456040846,,True,0,1,0.046,0.1212,0.0367,0.09,0.0148,1.0,0.3087
100000002741024100,peripheral,R8c,0.5,25,0.39,"вход 5 / выход 6, оборот 1,3 млн ₸ — признаков роли нет",2,False,False,5.0,6.0,817980.85,434989.0,9.0,7.0,0.5317838431058625,7,0,17504.3727455728,0.0003165680954502219,1,0.00012072338905822858,0.002881440784720113,0.06483612229274763,True,3,1,0.03,0.1412,0.0939,0.03,0.0543,1.0,0.3494
100000008106997100,transit,R4,0.65,1,0.3671,пропускает дальше 58% полученного (36 тыс ₸ → 21 тыс ₸); 100% ушло за ≤2 дн. — признаки транзита,2,False,False,2.0,1.0,35600.0,20600.0,2.0,1.0,0.5786516853932584,7,0,1068.6398317277656,1.932644380746899e-05,0,1.9549530448494444e-05,0.0003067342666124052,1.0,True,0,1,0.0074,0.0696,0.081,0.12,0.0543,1.0,0.3323
100000007998965100,consolidator,R3,0.603,8,0.664,"получает 278 тыс ₸ от 5 плательщиков, отдаёт дальше 9% полученного — признаки консолидации",2,False,False,5.0,1.0,278000.0,26000.0,7.0,3.0,0.09352517985611511,8,0,3461.3508105792034,6.259882885933619e-05,2,2.0154155101540664e-05,0.000473983922472455,0.38461538461538464,True,0,2,0.0134,0.1175,0.0842,0.255,0.0839,1.0,0.554
100000001822623100,terminal,R6,0.561,22,0.332,"конечный получатель в выборке: получил 201 тыс ₸ от 1 плательщика, исходящих от 5 000 ₸ в банке не наблюдается",2,False,False,1.0,0.0,201300.0,0.0,1.0,0.0,0.0,7,0,6231.004518033964,0.0001126882557682413,0,0.0,0.0003249322888221288,,True,0,1,0.0179,0.1072,0.0367,0.09,0.0543,1.0,0.3061
100000006424479100,peripheral,R8c,0.5,14,0.5109,"вход 1 / выход 2, оборот 720 тыс ₸ — признаков роли нет",2,False,False,1.0,2.0,500000.0,220000.0,2.0,3.0,0.44,10,0,146659.95748915127,0.002652358019106606,1,7.436883232468505e-05,0.0009476633079854991,0.0,True,0,1,0.0869,0.1348,0.0919,0.03,0.0961,1.0,0.4397
100000008696692100,peripheral,R8a,0.5,2,0.075,"разовый входящий 19 тыс ₸ от 1 плательщика, дальше не отправлял; меньше 100 тыс ₸ — признаков роли нет",2,False,False,1.0,0.0,19000.0,0.0,1.0,0.0,0.0,1,0,326.51519690984065,5.905055583750941e-06,0,0.0,0.00029332825693130016,,True,0,1,0.0041,0.0286,0.0367,0.03,0.0148,1.0,0.1142
100000002748532100,peripheral,R8b,0.4,18,0.4253,отдаёт 182% от полученного в выборке (356 тыс ₸ → 647 тыс ₸): входящие извне не видны — признаков роли по данным недостаточно,2,False,False,3.0,2.0,355575.0,646685.0,3.0,7.0,1.8187021022287844,9,0,15667.91318521812,0.00028335556542455326,0,3.1642023509418844e-05,0.00034062255500050286,0.0,True,0,1,0.0284,0.1393,0.0872,0.03,0.0909,1.0,0.3758
100000004456564100,peripheral,R8a,0.5,15,0.1585,"разовый входящий 10 тыс ₸ от 1 плательщика, дальше не отправлял; меньше 100 тыс ₸ — признаков роли нет",2,False,False,1.0,0.0,10000.0,0.0,2.0,0.0,0.0,8,0,3937.260793678754,7.120570207584013e-05,1,0.0,0.00039408031381263944,,True,0,1,0.0142,0.0118,0.0367,0.03,0.0839,1.0,0.1766
100000001530740100,peripheral,R8a,0.5,4,0.1473,"разовый входящий 15 тыс ₸ от 1 плательщика, дальше не отправлял; меньше 100 тыс ₸ — признаков роли нет",2,False,False,1.0,0.0,15000.0,0.0,1.0,0.0,0.0,7,0,13485.0,0.00024387739162067015,0,0.0,0.0005321421608384045,,True,0,1,0.0264,0.0208,0.0367,0.03,0.0543,1.0,0.1682
100000001386612100,peripheral,R8a,0.5,20,0.226,"разовый входящий 62 тыс ₸ от 1 плательщика, дальше не отправлял; меньше 100 тыс ₸ — признаков роли нет",2,False,False,1.0,0.0,62264.0,0.0,1.0,0.0,0.0,7,0,22006.007492031837,0.00039798054928747866,0,0.0,0.00043562623152510973,,True,0,1,0.0337,0.0723,0.0367,0.03,0.0543,1.0,0.227
100000003360542100,peripheral,R8c,0.5,11,0.4663,"вход 2 / выход 2, оборот 369 тыс ₸ — признаков роли нет",2,False,False,2.0,2.0,317000.0,51800.0,3.0,5.0,0.16340694006309148,11,0,124662.73364297765,0.002254536322814368,1,1.0077077550770332e-06,0.001462123233616894,0.29922779922779924,True,1,1,0.0801,0.1216,0.0755,0.03,0.0992,1.0,0.4064
100000008352542100,peripheral,R8a,0.5,3,0.2724,"разовый входящий 50 тыс ₸ от 1 плательщика, дальше не отправлял; меньше 100 тыс ₸ — признаков роли нет",2,False,False,1.0,0.0,50220.0,0.0,1.0,0.0,0.0,10,0,21708.683473389356,0.00039260341868809385,0,0.0,0.00033294857833076393,,True,0,1,0.0334,0.0654,0.0367,0.03,0.0961,1.0,0.2616
100000001138376100,peripheral,R8a,0.5,16,0.1197,"разовый входящий 15 тыс ₸ от 1 плательщика, дальше не отправлял; меньше 100 тыс ₸ — признаков роли нет",2,False,False,1.0,0.0,15300.0,0.0,1.0,0.0,0.0,7,0,424.12077666044723,7.670260937640538e-06,0,0.0,0.00029173610759667106,,True,0,1,0.0047,0.0219,0.0367,0.03,0.0543,1.0,0.1476
100000003246024100,transit,R4,0.65,1,0.364,пропускает дальше 20% полученного (25 тыс ₸ → 5 тыс ₸); 100% ушло за ≤2 дн. — признаки транзита,2,False,False,1.0,1.0,25000.0,5000.0,1.0,1.0,0.2,7,0,2207.108540552628,3.991574889830767e-05,0,0.001639302449236005,0.00037362633493987277,1.0,True,0,1,0.0107,0.0462,0.0988,0.12,0.0543,1.0,0.33
100000002680477100,peripheral,R8a,0.5,13,0.0893,"разовый входящий 25 тыс ₸ от 1 плательщика, дальше не отправлял; меньше 100 тыс ₸ — признаков роли нет",2,False,False,1.0,0.0,25000.0,0.0,1.0,0.0,0.0,1,0,364.1081997166576,6.584928291775787e-06,0,0.0,0.00029587646463313387,,True,0,1,0.0043,0.0391,0.0367,0.03,0.0148,1.0,0.1249
100000005882013100,transit,R4,0.65,14,0.4471,пропускает дальше 7% полученного (135 тыс ₸ → 10 тыс ₸); 100% ушло за ≤2 дн. — признаки транзита,2,False,False,2.0,1.0,135000.0,10000.0,3.0,1.0,0.07407407407407407,10,0,35687.25632236015,0.0006454071179826075,1,0.0,0.0005286709305561872,1.0,True,1,1,0.0429,0.0964,0.0367,0.12,0.0961,1.0,0.3921
100000005665181100,peripheral,R8b,0.4,5,0.3203,отдаёт 400% от полученного в выборке (45 тыс ₸ → 182 тыс ₸): входящие извне не видны — признаков роли по данным недостаточно,2,False,False,4.0,11.0,45498.0,181915.0,5.0,11.0,3.998307617917271,7,0,1100.5861433551272,1.990419561700418e-05,1,0.0002729179652370544,0.0004002985549973445,0.027485364043646758,True,1,2,0.0075,0.1094,0.0962,0.03,0.0543,1.0,0.2974
100000008141170100,peripheral,R8a,0.5,4,0.1232,"разовый входящий 11 тыс ₸ от 1 плательщика, дальше не отправлял; меньше 100 тыс ₸ — признаков роли нет",2,False,False,1.0,0.0,11000.0,0.0,1.0,0.0,0.0,7,0,4054.065869755684,7.331813198178714e-05,0,0.0,0.0006245744237647772,,True,0,1,0.0145,0.0147,0.0367,0.03,0.0543,1.0,0.1502
100000001382002100,transit,R4,0.65,1,0.3965,пропускает дальше 103% полученного (55 тыс ₸ → 56 тыс ₸); 0% ушло за ≤2 дн. — признаки транзита,2,False,False,1.0,1.0,55000.0,56500.0,2.0,3.0,1.0272727272727273,7,0,54400.945417050905,0.0009838458042275731,1,0.0,0.0006660132624212756,0.0,True,1,1,0.0529,0.0904,0.0367,0.12,0.0543,1.0,0.3543
100000002481735100,peripheral,R8a,0.5,4,0.1737,"разовый входящий 22 тыс ₸ от 1 плательщика, дальше не отправлял; меньше 100 тыс ₸ — признаков роли нет",2,False,False,1.0,0.0,22436.0,0.0,2.0,0.0,0.0,7,0,20214.920700812254,0.0003655885897169286,1,0.0,0.00036431141433377863,,True,0,1,0.0323,0.0346,0.0367,0.03,0.0543,1.0,0.1879
100000000806727100,peripheral,R8c,0.5,3,0.2792,"вход 1 / выход 1, оборот 50 тыс ₸ — признаков роли нет",2,False,False,1.0,1.0,45000.0,5000.0,1.0,1.0,0.1111111111111111,11,0,25898.73508261516,0.0004683808645326605,0,0.0,0.0003473862740271751,0.0,True,0,1,0.0365,0.0643,0.0367,0.03,0.0992,1.0,0.2667
100000003039473100,peripheral,R8a,0.5,4,0.1753,"разовый входящий 23 тыс ₸ от 1 плательщика, дальше не отправлял; меньше 100 тыс ₸ — признаков роли нет",2,False,False,1.0,0.0,23000.0,0.0,1.0,0.0,0.0,7,0,20980.100085756887,0.00037942692509121157,0,0.0,0.0003135944817852381,,True,0,1,0.0329,0.0352,0.0367,0.03,0.0543,1.0,0.1891
100000005205745100,peripheral,R8a,0.5,10,0.1051,"разовый входящий 6 тыс ₸ от 1 плательщика, дальше не отправлял; меньше 100 тыс ₸ — признаков роли нет",2,False,False,1.0,0.0,6000.0,0.0,1.0,0.0,0.0,7,0,2087.178543943468,3.774680453419067e-05,0,0.0,0.0003136533125139488,,True,0,1,0.0104,0.0053,0.0367,0.03,0.0543,1.0,0.1367
100000004356593100,peripheral,R8c,0.5,3,0.2468,"вход 1 / выход 1, оборот 60 тыс ₸ — признаков роли нет",2,False,False,1.0,1.0,50000.0,10000.0,1.0,1.0,0.2,7,0,706.8587482302719,1.2783601613841357e-05,0,1.9549530448494444e-05,0.00029476455894695685,0.0,True,0,1,0.006,0.0712,0.081,0.03,0.0543,1.0,0.2425
100000008688881100,peripheral,R8a,0.5,2,0.1174,"разовый входящий 44 тыс ₸ от 1 плательщика, дальше не отправлял; меньше 100 тыс ₸ — признаков роли нет",2,False,False,1.0,0.0,44211.0,0.0,1.0,0.0,0.0,1,0,759.7664931884718,1.3740442758590149e-05,0,0.0,0.00030192574699046306,,True,0,1,0.0063,0.0581,0.0367,0.03,0.0148,1.0,0.1459
100000008111003100,consolidator,R3,0.63,1,0.6574,"получает 223 тыс ₸ от 6 плательщиков, отдаёт дальше 16% полученного — признаки консолидации",2,False,False,6.0,1.0,222716.0,35000.0,9.0,1.0,0.15715081089818422,7,0,15807.059813243124,0.0002858720442303041,2,0.0008970140535353849,0.0004716778968758092,1.0,True,1,2,0.0285,0.1132,0.0981,0.255,0.0543,1.0,0.5491
100000003016773100,peripheral,R8a,0.5,7,0.2305,"разовый входящий 47 тыс ₸ от 1 плательщика, дальше не отправлял; меньше 100 тыс ₸ — признаков роли нет",2,False,False,1.0,0.0,46555.0,0.0,1.0,0.0,0.0,9,0,2908.927369020992,5.2608203127239016e-05,0,0.0,0.00031619941383605584,,True,0,1,0.0122,0.0605,0.0367,0.03,0.0909,1.0,0.2303
100000004674799100,terminal,R6,0.529,1,0.3476,"конечный получатель в выборке: получил 140 тыс ₸ от 1 плательщика, исходящих от 5 000 ₸ в банке не наблюдается",2,False,False,1.0,0.0,140000.0,0.0,5.0,0.0,0.0,7,0,33363.07186114714,0.0006033740409306297,1,0.0,0.0007939298298890643,,True,0,1,0.0415,0.0953,0.0367,0.09,0.0543,1.0,0.3178
100000005834479100,peripheral,R8b,0.4,6,0.1871,отдаёт 193% от полученного в выборке (8 тыс ₸ → 14 тыс ₸): входящие извне не видны — признаков роли по данным недостаточно,2,False,False,1.0,2.0,7500.0,14470.0,1.0,2.0,1.9293333333333333,7,0,106.02881223454078,1.9175402420762037e-06,0,2.0151171844200285e-06,0.00028803620691591114,0.0,False,0,1,0.0023,0.0341,0.0772,0.03,0.0543,1.0,0.1979
100000003278020100,terminal,R6,0.556,1,0.3241,"конечный получатель в выборке: получил 190 тыс ₸ от 1 плательщика, исходящих от 5 000 ₸ в банке не наблюдается",2,False,False,1.0,0.0,190000.0,0.0,1.0,0.0,0.0,7,0,4106.605351170569,7.42683130484957e-05,0,0.0,0.0003259973532000971,,True,0,1,0.0145,0.1047,0.0367,0.09,0.0543,1.0,0.3002
100000000831684100,peripheral,R8b,0.4,12,0.1632,отдаёт 333% от полученного в выборке (15 тыс ₸ → 50 тыс ₸): входящие извне не видны — признаков роли по данным недостаточно,2,False,False,1.0,1.0,15000.0,50000.0,2.0,3.0,3.3333333333333335,1,0,12669.825347861788,0.00022913488751397722,1,0.0,0.0019199218378837585,0.3,True,1,1,0.0255,0.0731,0.0367,0.03,0.0148,1.0,0.1801
100000000307908100,peripheral,R8a,0.5,44,0.0459,"разовый входящий 5 тыс ₸ от 1 плательщика, дальше не отправлял; меньше 100 тыс ₸ — признаков роли нет",2,False,False,1.0,0.0,5000.0,0.0,1.0,0.0,0.0,1,0,1449.2638561395063,2.621006221768016e-05,0,0.0,0.00029787536393487927,,True,0,1,0.0086,0.0024,0.0367,0.03,0.0148,1.0,0.0925
100000001782980100,peripheral,R8b,0.4,30,0.3012,отдаёт 1192% от полученного в выборке (50 тыс ₸ → 596 тыс ₸): входящие извне не видны — признаков роли по данным недостаточно,2,False,False,1.0,1.0,50000.0,596200.0,1.0,3.0,11.924,1,0,16999.575010624736,0.00030743878474238684,0,6.046246530462199e-07,0.0003718880578006442,0.0,True,0,1,0.0296,0.1339,0.0748,0.03,0.0148,1.0,0.2831
100000002454724100,terminal,R6,0.519,31,0.2935,"конечный получатель в выборке: получил 125 тыс ₸ от 1 плательщика, исходящих от 5 000 ₸ в банке не наблюдается",2,False,False,1.0,0.0,125000.0,0.0,3.0,0.0,0.0,7,0,206.2523236736486,3.7300911170360857e-06,1,0.0,0.0003025294402342171,,True,0,1,0.0033,0.0931,0.0367,0.09,0.0543,1.0,0.2774
100000005904580100,terminal,R6,0.5,12,0.2989,"конечный получатель в выборке: получил 72 тыс ₸ от 2 плательщиков, исходящих от 5 000 ₸ в банке не наблюдается",2,False,False,2.0,0.0,72000.0,0.0,2.0,0.0,0.0,7,0,11675.162370581673,0.00021114632151911445,0,0.0,0.0005249309055138308,,True,0,2,0.0245,0.0759,0.0367,0.09,0.0543,1.0,0.2814
100000008474308100,peripheral,R8c,0.5,1,0.162,"вход 1 / выход 1, оборот 24 тыс ₸ — признаков роли нет",2,False,False,1.0,1.0,14000.0,10000.0,2.0,1.0,0.7142857142857143,7,0,8575.0,0.00015507961684443802,1,0.0,0.0004469304204716151,0.0,False,1,1,0.021,0.0372,0.0367,0.03,0.0543,1.0,0.1792
100000000795033100,peripheral,R8a,0.5,1,0.1372,"разовый входящий 18 тыс ₸ от 1 плательщика, дальше не отправлял; меньше 100 тыс ₸ — признаков роли нет",2,False,False,1.0,0.0,18200.0,0.0,1.0,0.0,0.0,7,0,2647.0398056303056,4.787194388677824e-05,0,0.0,0.0005353514037946001,,True,0,1,0.0117,0.028,0.0367,0.03,0.0543,1.0,0.1607
100000000861294100,terminal,R6,0.535,10,0.3,"конечный получатель в выборке: получил 150 тыс ₸ от 1 плательщика, исходящих от 5 000 ₸ в банке не наблюдается",2,False,False,1.0,0.0,150000.0,0.0,1.0,0.0,0.0,1,0,36000.96002560068,0.0006510804765949951,0,0.0,0.0003153987117381218,,True,0,1,0.0431,0.0976,0.0367,0.09,0.0148,1.0,0.2822
100000006557763100,peripheral,R8a,0.5,3,0.1863,"разовый входящий 10 тыс ₸ от 1 плательщика, дальше не отправлял; меньше 100 тыс ₸ — признаков роли нет",2,False,False,1.0,0.0,10000.0,0.0,1.0,0.0,0.0,10,0,10000.0,0.00018085086512470904,0,0.0,0.00034871423372879323,,True,0,1,0.0227,0.0118,0.0367,0.03,0.0961,1.0,0.1973
100000005608515100,peripheral,R8a,0.5,52,0.1505,"разовый входящий 64 тыс ₸ от 1 плательщика, дальше не отправлял; меньше 100 тыс ₸ — признаков роли нет",2,False,False,1.0,0.0,64000.0,0.0,4.0,0.0,0.0,1,0,5220.328212813787,9.441008735222997e-05,1,0.0,0.00029447025319685754,,True,0,1,0.0164,0.0727,0.0367,0.03,0.0148,1.0,0.1706
100000003922499100,peripheral,R8a,0.5,12,0.1833,"разовый входящий 50 тыс ₸ от 1 плательщика, дальше не отправлял; меньше 100 тыс ₸ — признаков роли нет",2,False,False,1.0,0.0,50000.0,0.0,1.0,0.0,0.0,1,0,47101.0,0.0008518256598238921,0,0.0,0.0005375833478114208,,True,0,1,0.0493,0.0643,0.0367,0.03,0.0148,1.0,0.1951
100000008603629100,coordinator,R1,0.9,6,0.7859,"получает от 19 плательщиков и рассылает 61 получателю (1,8 млн ₸ → 5,0 млн ₸); узел-посредник, betweenness в топ-1% — признаки координатора",2,False,False,19.0,61.0,1817300.0,4986156.0,45.0,74.0,2.7437165025037142,7,0,33165.43513578833,0.0005997997636544741,12,0.005859219509461027,0.0011969051333826275,0.3644691421608149,True,7,4,0.0413,0.1496,0.0998,0.3,0.0543,1.0,0.645
100000004825069100,peripheral,R8a,0.5,2,0.1,"разовый входящий 30 тыс ₸ от 1 плательщика, дальше не отправлял; меньше 100 тыс ₸ — признаков роли нет",2,False,False,1.0,0.0,30000.0,0.0,4.0,0.0,0.0,1,0,515.5503109102747,9.32377197434359e-06,1,0.0,0.0002970794921322359,,True,0,1,0.0052,0.0462,0.0367,0.03,0.0148,1.0,0.1329
100000004331458100,terminal,R6,0.58,46,0.3266,"конечный получатель в выборке: получил 250 тыс ₸ от 2 плательщиков, исходящих от 5 000 ₸ в банке не наблюдается",2,False,False,2.0,0.0,250000.0,0.0,2.0,0.0,0.0,1,0,44661.117650355925,0.0008077001764503283,0,0.0,0.0013288678037691965,,True,0,1,0.048,0.1126,0.0367,0.09,0.0148,1.0,0.3021
100000002911170100,terminal,R6,0.595,31,0.3276,"конечный получатель в выборке: получил 300 тыс ₸ от 1 плательщика, исходящих от 5 000 ₸ в банке не наблюдается",2,False,False,1.0,0.0,300000.0,0.0,2.0,0.0,0.0,7,0,495.0055768167566,8.952218680886606e-06,1,0.0,0.00032448226561692723,,True,0,1,0.005,0.1168,0.0367,0.09,0.0543,1.0,0.3028
100000008011159100,peripheral,R8c,0.5,42,0.3617,"вход 3 / выход 5, оборот 516 тыс ₸ — признаков роли нет",2,False,False,3.0,5.0,363000.0,153037.0,6.0,5.0,0.4215895316804408,7,0,7446.373469897406,0.00013466830840726273,1,0.00012420501935201975,0.00048822818856943286,0.11108424760025354,True,1,1,0.0196,0.1303,0.0941,0.03,0.0543,1.0,0.3283
100000003854444100,distributor,R2,0.614,19,0.6642,"рассылает 2,3 млн ₸ 14 получателям (14 переводов), плательщиков 1 — признаки веерной раздачи",2,False,False,1.0,14.0,210000.0,2322909.0,4.0,14.0,11.061471428571428,7,0,17231.748251748253,0.00031163765789398644,1,0.0010936814222312309,0.00046881298793918145,0.06887915109890227,True,0,1,0.0298,0.1467,0.0984,0.225,0.0543,1.0,0.5542
100000008547948100,distributor,R2,0.656,7,0.6906,"рассылает 5,2 млн ₸ 26 получателям (31 переводов), плательщиков 6 — признаки веерной раздачи",2,False,False,6.0,26.0,212665.0,5185600.0,7.0,31.0,24.383890155878966,8,0,5829.971974345289,0.00010543554752131535,1,0.0011516115029891866,0.00043046983886426077,0.0410106834310398,True,2,4,0.0173,0.1493,0.0984,0.225,0.0839,1.0,0.5739
100000005175148100,transit,R4,0.65,16,0.3547,пропускает дальше 19% полученного (79 тыс ₸ → 15 тыс ₸); 100% ушло за ≤2 дн. — признаки транзита,2,False,False,2.0,1.0,79000.0,15000.0,4.0,1.0,0.189873417721519,7,0,15121.486683703542,0.0002734733948719553,1,0.0,0.0007224239433805336,1.0,True,1,1,0.0279,0.0842,0.0367,0.12,0.0543,1.0,0.3231
100000002087788100,terminal,R6,0.5,5,0.3049,"конечный получатель в выборке: получил 100 тыс ₸ от 1 плательщика, исходящих от 5 000 ₸ в банке не наблюдается",2,False,False,1.0,0.0,100500.0,0.0,1.0,0.0,0.0,7,0,5600.261371599207,0.00010128121139782063,0,0.0,0.0006613596572143565,,True,0,1,0.017,0.0879,0.0367,0.09,0.0543,1.0,0.2859
100000004150593100,distributor,R2,0.603,4,0.6388,"рассылает 871 тыс ₸ 11 получателям (16 переводов), плательщиков 1 — признаки веерной раздачи",2,False,False,1.0,11.0,57000.0,871165.0,2.0,16.0,15.28359649122807,7,0,9088.201564225381,0.00016436091153178943,1,0.00022543818568173185,0.00030799607750570075,0.0654296258458501,True,0,1,0.0216,0.1384,0.0959,0.225,0.0543,1.0,0.5352
100000001597505100,peripheral,R8c,0.5,34,0.2728,"вход 1 / выход 1, оборот 39 тыс ₸ — признаков роли нет",2,False,False,1.0,1.0,26460.0,12920.0,1.0,1.0,0.48828420256991684,8,0,3939.989149447475,7.125504462595424e-05,0,9.956152620161088e-06,0.0003161605068482809,0.0,False,0,1,0.0142,0.0549,0.0789,0.03,0.0839,1.0,0.2619
100000007629121100,peripheral,R8a,0.5,3,0.2516,"разовый входящий 29 тыс ₸ от 1 плательщика, дальше не отправлял; меньше 100 тыс ₸ — признаков роли нет",2,False,False,1.0,0.0,29000.0,0.0,1.0,0.0,0.0,10,0,29000.0,0.0005244675088616562,0,0.0,0.0003977748286701752,,True,0,1,0.0387,0.0446,0.0367,0.03,0.0961,1.0,0.2461
100000005614315100,terminal,R6,0.632,4,0.5381,"конечный получатель в выборке: получил 455 тыс ₸ от 1 плательщика, исходящих от 5 000 ₸ в банке не наблюдается",2,False,False,1.0,0.0,455000.0,0.0,1.0,0.0,0.0,7,0,449367.21295228804,0.008126844922110065,0,0.0,0.0005776190601164823,,True,0,1,0.1521,0.1269,0.0367,0.09,0.0543,1.0,0.46
100000008324800100,consolidator,R3,0.55,70,0.6492,"получает 526 тыс ₸ от 3 плательщиков, отдаёт дальше 97% полученного — признаки консолидации",2,False,False,3.0,1.0,526500.0,511000.0,17.0,13.0,0.9705603038936372,7,0,3279.1814837856045,5.930428082435537e-05,2,1.9549530448494444e-05,0.0018767530718553356,0.6164383561643836,True,1,2,0.013,0.1397,0.081,0.255,0.0543,1.0,0.543
100000005030592100,peripheral,R8a,0.5,16,0.105,"разовый входящий 10 тыс ₸ от 1 плательщика, дальше не отправлял; меньше 100 тыс ₸ — признаков роли нет",2,False,False,1.0,0.0,10000.0,0.0,1.0,0.0,0.0,7,0,277.2031220002923,5.013242442902313e-06,0,0.0,0.00029004313624476756,,True,0,1,0.0038,0.0118,0.0367,0.03,0.0543,1.0,0.1366
100000001633685100,consolidator,R3,0.55,1,0.4749,"получает 45 тыс ₸ от 3 плательщиков, отдаёт дальше 0% полученного — признаки консолидации",2,False,False,3.0,0.0,45000.0,0.0,3.0,0.0,0.0,7,0,1097.4929634281905,1.9848255190426892e-05,0,0.0,0.0003075538727983914,,True,0,1,0.0075,0.0593,0.0367,0.255,0.0543,1.0,0.4128
100000001848426100,peripheral,R8a,0.5,10,0.1913,"разовый входящий 96 тыс ₸ от 1 плательщика, дальше не отправлял; меньше 100 тыс ₸ — признаков роли нет",2,False,False,1.0,0.0,95530.0,0.0,1.0,0.0,0.0,1,0,22927.81140830422,0.0004146514528607992,0,0.0,0.0003050313055241171,,True,0,1,0.0344,0.0852,0.0367,0.03,0.0148,1.0,0.2011
100000004580202100,peripheral,R8b,0.4,22,0.2606,отдаёт 500% от полученного в выборке (9 тыс ₸ → 45 тыс ₸): входящие извне не видны — признаков роли по данным недостаточно,2,False,False,1.0,3.0,9000.0,45000.0,1.0,4.0,5.0,7,0,1586.9067409522127,2.8699345697344022e-05,0,6.046246530462199e-05,0.0003231892346538889,0.1111111111111111,True,0,1,0.009,0.0683,0.0912,0.03,0.0543,1.0,0.2528
100000008717375100,peripheral,R8a,0.5,3,0.2034,"разовый входящий 30 тыс ₸ от 1 плательщика, дальше не отправлял; меньше 100 тыс ₸ — признаков роли нет",2,False,False,1.0,0.0,29506.0,0.0,1.0,0.0,0.0,8,0,4006.5338202753433,7.245851075482014e-05,0,0.0,0.00030312311143441273,,True,0,1,0.0144,0.0451,0.0367,0.03,0.0839,1.0,0.2101
100000007861311100,peripheral,R8a,0.5,9,0.158,"разовый входящий 45 тыс ₸ от 1 плательщика, дальше не отправлял; меньше 100 тыс ₸ — признаков роли нет",2,False,False,1.0,0.0,45000.0,0.0,1.0,0.0,0.0,1,0,24324.324324324327,0.0004399075097628058,0,0.0,0.00036012653962218364,,True,0,1,0.0354,0.0593,0.0367,0.03,0.0148,1.0,0.1762
100000005578559100,distributor,R2,0.638,8,0.6397,"рассылает 893 тыс ₸ 21 получателю (23 переводов), плательщиков 2 — признаки веерной раздачи",2,False,False,2.0,21.0,131000.0,893163.67,2.0,23.0,6.818043282442749,7,0,6891.761014293182,0.00012463809416676642,0,0.0009833140294916325,0.00039274226148974404,0.14666964678489441,True,0,1,0.0188,0.1396,0.0982,0.225,0.0543,1.0,0.5359
100000008764436100,peripheral,R8a,0.5,2,0.0593,"разовый входящий 13 тыс ₸ от 1 плательщика, дальше не отправлял; меньше 100 тыс ₸ — признаков роли нет",2,False,False,1.0,0.0,13100.0,0.0,1.0,0.0,0.0,1,0,225.12363576415328,4.071380428796701e-06,0,0.0,0.000291316230778071,,True,0,1,0.0034,0.0176,0.0367,0.03,0.0148,1.0,0.1025
100000000190228100,peripheral,R8b,0.4,9,0.2714,отдаёт 571% от полученного в выборке (5 тыс ₸ → 29 тыс ₸): входящие извне не видны — признаков роли по данным недостаточно,2,False,False,1.0,1.0,5000.0,28560.0,1.0,1.0,5.712,8,0,2390.8443939581707,4.323862770258959e-05,0,2.1968029060679322e-05,0.000584572299626703,0.0,False,0,1,0.0111,0.0502,0.0857,0.03,0.0839,1.0,0.2609
100000003971049100,peripheral,R8a,0.5,1,0.1912,"разовый входящий 56 тыс ₸ от 1 плательщика, дальше не отправлял; меньше 100 тыс ₸ — признаков роли нет",2,False,False,1.0,0.0,55900.0,0.0,7.0,0.0,0.0,7,0,2179.4718414324147,3.941593680379949e-05,1,0.0,0.0002955814011649151,,True,0,1,0.0106,0.0694,0.0367,0.03,0.0543,1.0,0.201
100000008743913100,distributor,R2,0.61,18,0.6993,"рассылает 1,9 млн ₸ 13 получателям (13 переводов), плательщиков 3 — признаки веерной раздачи",2,False,False,3.0,13.0,149300.0,1850600.0,3.0,13.0,12.395177494976558,9,0,9752.604866971758,0.00017637670274112905,0,0.00031130865874268865,0.000333585190840509,0.07581324975683562,True,0,2,0.0224,0.1455,0.0966,0.225,0.0909,1.0,0.5804
100000004400361100,peripheral,R8a,0.5,4,0.1139,"разовый входящий 10 тыс ₸ от 1 плательщика, дальше не отправлял; меньше 100 тыс ₸ — признаков роли нет",2,False,False,1.0,0.0,10000.0,0.0,1.0,0.0,0.0,7,0,2150.5044049875337,3.889205820964931e-05,0,0.0,0.0002885122425874011,,True,0,1,0.0105,0.0118,0.0367,0.03,0.0543,1.0,0.1433
100000002175422100,peripheral,R8b,0.4,32,0.3813,"отдаёт 2367% от полученного в выборке (68 тыс ₸ → 1,6 млн ₸): входящие извне не видны — признаков роли по данным недостаточно",2,False,False,3.0,6.0,68500.0,1621188.0,5.0,14.0,23.66697810218978,7,0,7453.256659518944,0.00013479279148705,2,0.0001614347823633407,0.0008493337041109501,0.029916332960767043,True,3,2,0.0196,0.1439,0.0951,0.03,0.0543,1.0,0.3429
100000004544958100,peripheral,R8c,0.5,11,0.3972,"вход 1 / выход 2, оборот 191 тыс ₸ — признаков роли нет",2,False,False,1.0,2.0,168000.0,23200.0,3.0,2.0,0.1380952380952381,8,0,50400.0,0.0009114883602285336,1,2.1161862856617695e-05,0.001220845768505495,0.22413793103448276,True,1,1,0.051,0.1048,0.0851,0.03,0.0839,1.0,0.3548
100000008466579100,distributor,R2,0.624,7,0.6847,"рассылает 1,9 млн ₸ 17 получателям (20 переводов), плательщиков 2 — признаки веерной раздачи",2,False,False,2.0,17.0,36952.0,1933000.0,2.0,20.0,52.31110630006495,8,0,6063.565318359562,0.00010966010335655086,0,0.0005142948495563981,0.0003559298666444721,0.01911639937920331,True,0,1,0.0177,0.1454,0.0975,0.225,0.0839,1.0,0.5695
100000001184915100,terminal,R6,0.561,16,0.3306,"конечный получатель в выборке: получил 201 тыс ₸ от 1 плательщика, исходящих от 5 000 ₸ в банке не наблюдается",2,False,False,1.0,0.0,201000.0,0.0,2.0,0.0,0.0,7,0,5571.782752205875,0.00010076617310233649,1,0.0,0.00035105399062468524,,True,0,1,0.0169,0.1072,0.0367,0.09,0.0543,1.0,0.3051
100000004435304100,peripheral,R8a,0.5,2,0.0934,"разовый входящий 26 тыс ₸ от 1 плательщика, дальше не отправлял; меньше 100 тыс ₸ — признаков роли нет",2,False,False,1.0,0.0,26200.0,0.0,1.0,0.0,0.0,1,0,450.24727152830656,8.142760857593402e-06,0,0.0,0.0002957836108810036,,True,0,1,0.0048,0.0417,0.0367,0.03,0.0148,1.0,0.128
100000008762728100,peripheral,R8a,0.5,4,0.1484,"разовый входящий 17 тыс ₸ от 1 плательщика, дальше не отправлял; меньше 100 тыс ₸ — признаков роли нет",2,False,False,1.0,0.0,17026.0,0.0,1.0,0.0,0.0,7,0,10112.918726786398,0.0001828930100675191,0,0.0,0.0003191179059845172,,True,0,1,0.0228,0.0252,0.0367,0.03,0.0543,1.0,0.169
100000004285800100,peripheral,R8b,0.4,1,0.194,отдаёт 300% от полученного в выборке (5 тыс ₸ → 15 тыс ₸): входящие извне не видны — признаков роли по данным недостаточно,2,False,False,1.0,1.0,5000.0,15000.0,1.0,1.0,3.0,10,0,1787.1621469409479,3.232098203924028e-05,0,0.0,0.00034574603210178083,0.0,False,0,1,0.0096,0.0307,0.0367,0.03,0.0961,1.0,0.2031
100000008557672100,peripheral,R8a,0.5,2,0.1243,"разовый входящий 49 тыс ₸ от 1 плательщика, дальше не отправлял; меньше 100 тыс ₸ — признаков роли нет",2,False,False,1.0,0.0,49125.0,0.0,1.0,0.0,0.0,1,0,844.2136341155748,1.526767660798763e-05,0,0.0,0.00030360152606113565,,True,0,1,0.0066,0.0629,0.0367,0.03,0.0148,1.0,0.151
100000005142589100,peripheral,R8a,0.5,1,0.1907,"разовый входящий 50 тыс ₸ от 1 плательщика, дальше не отправлял; меньше 100 тыс ₸ — признаков роли нет",2,False,False,1.0,0.0,50000.0,0.0,2.0,0.0,0.0,7,0,4517.958444780084,8.170766933359633e-05,1,0.0,0.0003117547395403754,,True,0,1,0.0153,0.0643,0.0367,0.03,0.0543,1.0,0.2006
100000003747133100,consolidator,R3,0.603,25,0.6613,"получает 237 тыс ₸ от 5 плательщиков, отдаёт дальше 105% полученного — признаки консолидации",2,False,False,5.0,2.0,237068.0,250000.0,8.0,2.0,1.0545497494389795,7,0,8602.017816022975,0.00015556823638459153,2,9.774765224247222e-05,0.0003797416045329042,0.160628,True,0,2,0.0211,0.1286,0.093,0.255,0.0543,1.0,0.552
100000003289405100,terminal,R6,0.61,3,0.3001,"конечный получатель в выборке: получил 355 тыс ₸ от 1 плательщика, исходящих от 5 000 ₸ в банке не наблюдается",2,False,False,1.0,0.0,355000.0,0.0,1.0,0.0,0.0,1,0,7687.753869692743,0.00013903369381997624,0,0.0,0.0003405024132859843,,True,0,1,0.0199,0.1209,0.0367,0.09,0.0148,1.0,0.2823
100000002691858100,peripheral,R8a,0.5,34,0.2392,"разовый входящий 52 тыс ₸ от 1 плательщика, дальше не отправлял; меньше 100 тыс ₸ — признаков роли нет",2,False,False,1.0,0.0,51500.0,0.0,1.0,0.0,0.0,8,0,7668.535192613189,0.00013868612238233726,0,0.0,0.0003438991262955783,,True,0,1,0.0199,0.0663,0.0367,0.03,0.0839,1.0,0.2368
100000007534354100,peripheral,R8b,0.4,8,0.2354,отдаёт 296% от полученного в выборке (50 тыс ₸ → 148 тыс ₸): входящие извне не видны — признаков роли по данным недостаточно,2,False,False,1.0,3.0,50000.0,147810.0,1.0,3.0,2.9562,1,0,728.2163994333152,1.3169856583551574e-05,0,2.4184986121848796e-06,0.00030490407859112926,0.0,False,0,1,0.0061,0.1056,0.0775,0.03,0.0148,1.0,0.234
100000000765628100,peripheral,R8a,0.5,4,0.1087,"разовый входящий 5 тыс ₸ от 1 плательщика, дальше не отправлял; меньше 100 тыс ₸ — признаков роли нет",2,False,False,1.0,0.0,5000.0,0.0,1.0,0.0,0.0,7,0,5000.0,9.042543256235452e-05,0,0.0,0.00031683162772349065,,True,0,1,0.016,0.0024,0.0367,0.03,0.0543,1.0,0.1394
100000004962193100,consolidator,R3,0.683,1,0.6013,"получает 900 тыс ₸ от 8 плательщиков, отдаёт дальше 0% полученного — признаки консолидации",2,False,False,8.0,0.0,900468.0,0.0,11.0,0.0,0.0,7,0,10578.062492851592,0.00019130517531754467,2,0.0,0.0006601649087275742,,True,0,5,0.0233,0.1379,0.0367,0.255,0.0543,1.0,0.5072
100000005032294100,peripheral,R8a,0.5,15,0.1585,"разовый входящий 10 тыс ₸ от 1 плательщика, дальше не отправлял; меньше 100 тыс ₸ — признаков роли нет",2,False,False,1.0,0.0,10000.0,0.0,1.0,0.0,0.0,8,0,3937.260793678754,7.120570207584013e-05,0,0.0,0.00039408031381263944,,True,0,1,0.0142,0.0118,0.0367,0.03,0.0839,1.0,0.1766
100000001251686100,peripheral,R8a,0.5,3,0.1857,"разовый входящий 18 тыс ₸ от 1 плательщика, дальше не отправлял; меньше 100 тыс ₸ — признаков роли нет",2,False,False,1.0,0.0,18000.0,0.0,1.0,0.0,0.0,9,0,2681.593859249583,4.849685693583944e-05,0,0.0,0.0002978930374110545,,True,0,1,0.0118,0.0275,0.0367,0.03,0.0909,1.0,0.1969
100000002398779100,consolidator,R3,0.817,1,0.7229,"получает 1,1 млн ₸ от 13 плательщиков, отдаёт дальше 6% полученного — признаки консолидации",2,False,False,13.0,1.0,1095690.0,66000.0,28.0,3.0,0.06023601566136407,8,0,30411.366424663065,0.0005499921927524846,8,1.2999430040493728e-05,0.0016072661759540486,1.0,True,0,7,0.0396,0.1406,0.0789,0.255,0.0839,1.0,0.598
100000008512827100,distributor,R2,0.6,13,0.6925,"рассылает 1,9 млн ₸ 10 получателям (10 переводов), плательщиков 3 — признаки веерной раздачи",2,False,False,3.0,10.0,107949.0,1944500.0,3.0,10.0,18.01313583266172,9,0,6949.013234989883,0.00012567350553109734,0,0.00013961710969786337,0.00033674656361513174,0.050372332219079455,True,0,1,0.0189,0.1459,0.0946,0.225,0.0909,1.0,0.5753
100000003943483100,peripheral,R8a,0.5,12,0.1686,"разовый входящий 10 тыс ₸ от 1 плательщика, дальше не отправлял; меньше 100 тыс ₸ — признаков роли нет",2,False,False,1.0,0.0,10000.0,0.0,1.0,0.0,0.0,8,0,9155.795796850394,0.00016558335907655686,0,0.0,0.00033042891179093194,,True,0,1,0.0217,0.0118,0.0367,0.03,0.0839,1.0,0.1841
100000005031696100,peripheral,R8b,0.4,53,0.3605,отдаёт 2300% от полученного в выборке (5 тыс ₸ → 115 тыс ₸): входящие извне не видны — признаков роли по данным недостаточно,2,False,False,1.0,2.0,5000.0,115000.0,1.0,3.0,23.0,10,0,5000.0,9.042543256235452e-05,0,9.75461106914568e-05,0.000542069147772073,0.043478260869565216,True,0,1,0.016,0.0924,0.0929,0.03,0.0961,1.0,0.3274
100000002703376100,peripheral,R8a,0.5,1,0.1781,"разовый входящий 47 тыс ₸ от 1 плательщика, дальше не отправлял; меньше 100 тыс ₸ — признаков роли нет",2,False,False,1.0,0.0,46501.0,0.0,1.0,0.0,0.0,7,0,1813.0164597218018,3.2788559522602504e-05,0,0.0,0.0002941131141872154,,True,0,1,0.0097,0.0605,0.0367,0.03,0.0543,1.0,0.1912
100000003617552100,peripheral,R8a,0.5,30,0.1226,"разовый входящий 25 тыс ₸ от 1 плательщика, дальше не отправлял; меньше 100 тыс ₸ — признаков роли нет",2,False,False,1.0,0.0,25000.0,0.0,1.0,0.0,0.0,1,0,16500.0,0.00029840392745576993,0,0.0,0.0005534417558517753,,True,0,1,0.0292,0.0391,0.0367,0.03,0.0148,1.0,0.1498
100000007617808100,terminal,R6,0.631,4,0.4285,"конечный получатель в выборке: получил 450 тыс ₸ от 1 плательщика, исходящих от 5 000 ₸ в банке не наблюдается",2,False,False,1.0,0.0,450000.0,0.0,1.0,0.0,0.0,7,0,96772.69822443902,0.0017501426194342193,0,0.0,0.0003617014867269627,,True,0,1,0.0706,0.1266,0.0367,0.09,0.0543,1.0,0.3782
100000002613776100,peripheral,R8a,0.5,1,0.1564,"разовый входящий 30 тыс ₸ от 1 плательщика, дальше не отправлял; меньше 100 тыс ₸ — признаков роли нет",2,False,False,1.0,0.0,30000.0,0.0,2.0,0.0,0.0,7,0,1169.0070430089977,2.1141593506505518e-05,1,0.0,0.00030283329907520294,,True,0,1,0.0078,0.0462,0.0367,0.03,0.0543,1.0,0.175
100000002578405100,distributor,R2,0.95,2,0.5836,"рассылает 3,1 млн ₸ 116 получателям (120 переводов), плательщиков 2 — признаки веерной раздачи",2,False,False,2.0,116.0,1200351.0,3108352.0,7.0,120.0,2.589535894084314,1,0,2065.523782050601,3.7355176291951215e-05,2,0.00017393035852629593,0.0005724925422578232,0.3861695843971339,True,2,1,0.0103,0.1487,0.0952,0.225,0.0148,1.0,0.494
100000006161893100,peripheral,R8a,0.5,4,0.145,"разовый входящий 14 тыс ₸ от 1 плательщика, дальше не отправлял; меньше 100 тыс ₸ — признаков роли нет",2,False,False,1.0,0.0,14000.0,0.0,1.0,0.0,0.0,7,0,14000.0,0.0002531912111745927,0,0.0,0.0005341853190630782,,True,0,1,0.0269,0.0186,0.0367,0.03,0.0543,1.0,0.1665
100000002633701100,terminal,R6,0.585,9,0.3172,"конечный получатель в выборке: получил 267 тыс ₸ от 1 плательщика, исходящих от 5 000 ₸ в банке не наблюдается",2,False,False,1.0,0.0,266850.0,0.0,1.0,0.0,0.0,1,0,30439.149524273187,0.0005504946525125182,0,0.0,0.0003120657782800948,,True,0,1,0.0396,0.114,0.0367,0.09,0.0148,1.0,0.2951
100000002432143100,peripheral,R8a,0.5,3,0.272,"разовый входящий 81 тыс ₸ от 1 плательщика, дальше не отправлял; меньше 100 тыс ₸ — признаков роли нет",2,False,False,1.0,0.0,81310.0,0.0,1.0,0.0,0.0,9,0,12113.355371976866,0.0002190710798585058,0,0.0,0.0003367378964249906,,True,0,1,0.025,0.0787,0.0367,0.03,0.0909,1.0,0.2613
100000000490383100,peripheral,R8b,0.4,4,0.3569,отдаёт 737% от полученного в выборке (63 тыс ₸ → 461 тыс ₸): входящие извне не видны — признаков роли по данным недостаточно,2,False,False,3.0,8.0,62600.0,461375.0,3.0,9.0,7.37020766773163,7,0,7415.164779378839,0.00013410389653929354,0,5.2535164298015986e-05,0.0005504333625377887,0.01083717149823896,True,0,1,0.0195,0.1307,0.0902,0.03,0.0543,1.0,0.3247
100000005809252100,peripheral,R8a,0.5,5,0.1506,"разовый входящий 25 тыс ₸ от 1 плательщика, дальше не отправлял; меньше 100 тыс ₸ — признаков роли нет",2,False,False,1.0,0.0,25000.0,0.0,1.0,0.0,0.0,7,0,2189.004643789097,3.9588338359126376e-05,0,0.0,0.0005695877439578756,,True,0,1,0.0106,0.0391,0.0367,0.03,0.0543,1.0,0.1707
100000006612238100,transit,R4,0.65,2,0.3068,пропускает дальше 16% полученного (160 тыс ₸ → 25 тыс ₸); 100% ушло за ≤2 дн. — признаки транзита,2,False,False,1.0,1.0,160000.0,25000.0,1.0,1.0,0.15625,1,0,2749.6016581881318,4.9726783863165814e-05,0,0.0,0.00034141227177965876,1.0,True,1,1,0.0119,0.1039,0.0367,0.12,0.0148,1.0,0.2873
100000002593038100,peripheral,R8a,0.5,12,0.1976,"разовый входящий 28 тыс ₸ от 1 плательщика, дальше не отправлял; меньше 100 тыс ₸ — признаков роли нет",2,False,False,1.0,0.0,28500.0,0.0,1.0,0.0,0.0,8,0,2424.385141937584,4.3845215031490265e-05,0,0.0,0.0006614605263425352,,True,0,1,0.0112,0.044,0.0367,0.03,0.0839,1.0,0.2058
100000002947299100,peripheral,R8a,0.5,3,0.2752,"разовый входящий 85 тыс ₸ от 1 плательщика, дальше не отправлял; меньше 100 тыс ₸ — признаков роли нет",2,False,False,1.0,0.0,85000.0,0.0,1.0,0.0,0.0,9,0,12663.082113123031,0.0002290129355303529,0,0.0,0.0003390019547058534,,True,0,1,0.0255,0.0806,0.0367,0.03,0.0909,1.0,0.2637
100000004336312100,transit,R4,0.65,33,0.4364,пропускает дальше 80% полученного (90 тыс ₸ → 73 тыс ₸); 36% ушло за ≤2 дн. — признаки транзита,2,False,False,3.0,2.0,90415.0,72650.0,7.0,3.0,0.8035171155228668,7,0,9268.700462523351,0.0001676252497229139,2,3.436283444812683e-05,0.0006989602995804726,0.35788024776324845,True,1,3,0.0219,0.1006,0.0873,0.12,0.0543,1.0,0.3841
100000001308856100,peripheral,R8a,0.5,2,0.0951,"разовый входящий 27 тыс ₸ от 1 плательщика, дальше не отправлял; меньше 100 тыс ₸ — признаков роли нет",2,False,False,1.0,0.0,27000.0,0.0,1.0,0.0,0.0,1,0,463.99527981924723,8.391394776909232e-06,0,0.0,0.00029605642798652616,,True,0,1,0.0049,0.0428,0.0367,0.03,0.0148,1.0,0.1292
100000008238989100,terminal,R6,0.56,22,0.3312,"конечный получатель в выборке: получил 200 тыс ₸ от 1 плательщика, исходящих от 5 000 ₸ в банке не наблюдается",2,False,False,1.0,0.0,200000.0,0.0,2.0,0.0,0.0,7,0,6190.7645484689165,0.00011196051243739822,1,0.0,0.00032468634510831316,,True,0,1,0.0179,0.1066,0.0367,0.09,0.0543,1.0,0.3055
100000005561741100,peripheral,R8a,0.5,8,0.1962,"разовый входящий 25 тыс ₸ от 1 плательщика, дальше не отправлял; меньше 100 тыс ₸ — признаков роли нет",2,False,False,1.0,0.0,25000.0,0.0,1.0,0.0,0.0,9,0,1253.4404337162498,2.266857868198743e-05,0,0.0,0.0003313147812804973,,True,0,1,0.008,0.0391,0.0367,0.03,0.0909,1.0,0.2047
100000006248077100,peripheral,R8a,0.5,4,0.2017,"разовый входящий 50 тыс ₸ от 1 плательщика, дальше не отправлял; меньше 100 тыс ₸ — признаков роли нет",2,False,False,1.0,0.0,50000.0,0.0,1.0,0.0,0.0,7,0,10752.522024937669,0.00019446029104824657,0,0.0,0.0002951658102364522,,True,0,1,0.0235,0.0643,0.0367,0.03,0.0543,1.0,0.2088
100000000646541100,consolidator,R3,0.55,1,0.4501,"получает 25 тыс ₸ от 3 плательщиков, отдаёт дальше 0% полученного — признаки консолидации",2,False,False,3.0,0.0,25300.0,0.0,4.0,0.0,0.0,7,0,1270.3563532312448,2.297450454985411e-05,1,0.0,0.0005080733109951697,,True,0,1,0.0081,0.0402,0.0367,0.255,0.0543,1.0,0.3943
100000006595426100,peripheral,R8a,0.5,1,0.2051,"разовый входящий 85 тыс ₸ от 1 плательщика, дальше не отправлял; меньше 100 тыс ₸ — признаков роли нет",2,False,False,1.0,0.0,84800.0,0.0,3.0,0.0,0.0,7,0,1992.9494712103408,3.604266360182216e-05,1,0.0,0.0003358072321954047,,True,0,1,0.0101,0.0803,0.0367,0.03,0.0543,1.0,0.2114
100000002956898100,terminal,R6,0.593,16,0.3454,"конечный получатель в выборке: получил 290 тыс ₸ от 2 плательщиков, исходящих от 5 000 ₸ в банке не наблюдается",2,False,False,2.0,0.0,290240.0,0.0,2.0,0.0,0.0,7,0,7055.974107946627,0.00012760790217196947,0,0.0,0.00037849375109358233,,True,0,1,0.0191,0.116,0.0367,0.09,0.0543,1.0,0.3161
100000001262647100,peripheral,R8a,0.5,16,0.1528,"разовый входящий 24 тыс ₸ от 1 плательщика, дальше не отправлял; меньше 100 тыс ₸ — признаков роли нет",2,False,False,1.0,0.0,23650.0,0.0,1.0,0.0,0.0,7,0,4450.276195472567,8.048362999951127e-05,0,0.0,0.0003047476126040102,,True,0,1,0.0151,0.0362,0.0367,0.03,0.0543,1.0,0.1723
100000005849100100,peripheral,R8a,0.5,3,0.2625,"разовый входящий 33 тыс ₸ от 1 плательщика, дальше не отправлял; меньше 100 тыс ₸ — признаков роли нет",2,False,False,1.0,0.0,33300.0,0.0,1.0,0.0,0.0,10,0,33300.0,0.0006022333808652811,0,0.0,0.0004928605762438091,,True,0,1,0.0414,0.05,0.0367,0.03,0.0961,1.0,0.2542
100000000533217100,peripheral,R8a,0.5,1,0.2451,"разовый входящий 54 тыс ₸ от 1 плательщика, дальше не отправлял; меньше 100 тыс ₸ — признаков роли нет",2,False,False,1.0,0.0,53587.0,0.0,1.0,0.0,0.0,7,0,53003.33567388194,0.0009585699111116903,0,0.0,0.0006562721839885975,,True,0,1,0.0523,0.0679,0.0367,0.03,0.0543,1.0,0.2412
100000002812641100,transit,R4,0.65,9,0.3038,пропускает дальше 70% полученного (10 тыс ₸ → 7 тыс ₸); 100% ушло за ≤2 дн. — признаки транзита,2,False,False,1.0,1.0,10000.0,7023.95,1.0,1.0,0.702395,8,0,7274.860213943621,0.00013156647633530297,0,0.0,0.002098796144747264,1.0,True,1,1,0.0194,0.0251,0.0367,0.12,0.0839,1.0,0.2851
100000008647905100,peripheral,R8b,0.4,19,0.3371,отдаёт 688% от полученного в выборке (50 тыс ₸ → 344 тыс ₸): входящие извне не видны — признаков роли по данным недостаточно,2,False,False,1.0,2.0,50000.0,344222.0,1.0,2.0,6.88444,7,0,4102.797202797203,7.419944235571105e-05,0,3.909906089698889e-05,0.0003301736452618153,0.14525509700135378,True,0,1,0.0145,0.1232,0.0879,0.03,0.0543,1.0,0.3099
100000002842337100,peripheral,R8a,0.5,9,0.1672,"разовый входящий 50 тыс ₸ от 1 плательщика, дальше не отправлял; меньше 100 тыс ₸ — признаков роли нет",2,False,False,1.0,0.0,50000.0,0.0,1.0,0.0,0.0,1,0,27027.02702702703,0.0004887861219586731,0,0.0,0.00036826850506074414,,True,0,1,0.0373,0.0643,0.0367,0.03,0.0148,1.0,0.1831
100000002445750100,peripheral,R8c,0.5,1,0.3166,"вход 1 / выход 1, оборот 80 тыс ₸ — признаков роли нет",2,False,False,1.0,1.0,70000.0,10000.0,1.0,1.0,0.14285714285714285,7,0,46943.85831288901,0.0008489837388177742,0,1.975107199950985e-05,0.0005396399331413593,0.0,False,0,1,0.0492,0.0781,0.083,0.03,0.0543,1.0,0.2946
100000005619339100,peripheral,R4x,0.4,4,0.1093,"вход 5 тыс ₸ → выход 5 тыс ₸, но все исходящие раньше первого входящего — временная последовательность не подтверждает транзит наблюдаемых поступлений",2,False,False,1.0,1.0,5000.0,5442.6,1.0,1.0,1.0885200000000002,7,0,426.61551349934524,7.715378469197857e-06,0,0.0,0.00032225534682256554,0.0,False,0,1,0.0047,0.0141,0.0367,0.03,0.0543,1.0,0.1398
100000006844768100,peripheral,R8c,0.5,1,0.3748,"вход 1 / выход 2, оборот 470 тыс ₸ — признаков роли нет",2,False,False,1.0,2.0,282000.0,188000.0,5.0,5.0,0.6666666666666666,7,0,27255.660167415554,0.0004929209720822176,1,3.95021439990197e-05,0.0013800617680781104,0.3351063829787234,True,1,1,0.0375,0.1278,0.0885,0.03,0.0543,1.0,0.3381
100000002488629100,peripheral,R8a,0.5,10,0.1734,"разовый входящий 73 тыс ₸ от 1 плательщика, дальше не отправлял; меньше 100 тыс ₸ — признаков роли нет",2,False,False,1.0,0.0,73050.0,0.0,1.0,0.0,0.0,1,0,17532.46753246753,0.00031707619210176257,0,0.0,0.0003007526330128113,,True,0,1,0.0301,0.0761,0.0367,0.03,0.0148,1.0,0.1877
100000002796853100,transit,R4,0.65,65,0.4285,пропускает дальше 23% полученного (199 тыс ₸ → 46 тыс ₸); 89% ушло за ≤2 дн. — признаки транзита,2,False,False,1.0,1.0,199000.0,46167.62,8.0,5.0,0.23199809045226133,1,0,173561.42510561354,0.0031388733882627604,1,0.0,0.002149784294916272,0.8916989872988904,True,1,1,0.0946,0.1121,0.0367,0.12,0.0148,1.0,0.3782
100000006755850100,terminal,R6,0.629,5,0.5168,"конечный получатель в выборке: получил 443 тыс ₸ от 1 плательщика, исходящих от 5 000 ₸ в банке не наблюдается",2,False,False,1.0,0.0,443475.8,0.0,3.0,0.0,0.0,11,0,165233.3824805989,0.0029882600169098255,1,0.0,0.0006519969602831517,,True,0,1,0.0923,0.1259,0.0367,0.09,0.0992,1.0,0.4441
100000008733194100,transit,R4,0.65,14,0.4639,пропускает дальше 64% полученного (251 тыс ₸ → 160 тыс ₸); 71% ушло за ≤2 дн. — признаки транзита,2,False,False,4.0,8.0,251424.0,159695.0,4.0,8.0,0.6351621165839378,7,0,2009.2002276150558,3.633655993729452e-05,0,0.000203887830571811,0.0004727805244094759,0.711481261154075,True,1,2,0.0102,0.1244,0.0957,0.12,0.0543,1.0,0.4046
100000001904863100,terminal,R6,0.64,15,0.4338,"конечный получатель в выборке: получил 500 тыс ₸ от 1 плательщика, исходящих от 5 000 ₸ в банке не наблюдается",2,False,False,1.0,0.0,500000.0,0.0,1.0,0.0,0.0,11,0,13709.260217278841,0.0002479331570514635,0,0.0,0.0004840718759531958,,True,0,1,0.0266,0.1296,0.0367,0.09,0.0992,1.0,0.3821
100000001641951100,peripheral,R8a,0.5,3,0.233,"разовый входящий 25 тыс ₸ от 1 плательщика, дальше не отправлял; меньше 100 тыс ₸ — признаков роли нет",2,False,False,1.0,0.0,25000.0,0.0,4.0,0.0,0.0,11,0,14388.186157008424,0.00026021159140703364,1,0.0,0.00032048075253738104,,True,0,1,0.0272,0.0391,0.0367,0.03,0.0992,1.0,0.2322
100000004816564100,transit,R4,0.65,16,0.4463,пропускает дальше 2% полученного (285 тыс ₸ → 5 тыс ₸); 100% ушло за ≤2 дн. — признаки транзита,2,False,False,1.0,1.0,285480.0,5000.0,1.0,1.0,0.01751436177665686,7,0,7913.594726864345,0.00014311804525997523,0,1.9549530448494444e-05,0.00037803931511691275,1.0,True,0,1,0.0202,0.116,0.081,0.12,0.0543,1.0,0.3915
100000002205022100,peripheral,R8b,0.4,56,0.4126,отдаёт 7296% от полученного в выборке (7 тыс ₸ → 518 тыс ₸): входящие извне не видны — признаков роли по данным недостаточно,2,False,False,1.0,3.0,7100.0,518000.0,1.0,3.0,72.95774647887323,10,0,7100.0,0.00012840411423854342,0,5.54463200349052e-05,0.0005480158521231138,0.011583011583011582,True,0,1,0.0191,0.1308,0.0903,0.03,0.0961,1.0,0.3663
100000002267998100,peripheral,R8b,0.4,22,0.4193,"отдаёт 265% от полученного в выборке (420 тыс ₸ → 1,1 млн ₸): входящие извне не видны — признаков роли по данным недостаточно",2,False,False,2.0,3.0,420000.0,1115000.0,4.0,12.0,2.6547619047619047,7,0,54048.56900017359,0.0009774730462433925,1,5.985784065157577e-05,0.0015963363566370945,0.2242152466367713,True,2,1,0.0528,0.1432,0.091,0.03,0.0543,1.0,0.3713
100000002199091100,peripheral,R8a,0.5,2,0.1393,"разовый входящий 65 тыс ₸ от 1 плательщика, дальше не отправлял; меньше 100 тыс ₸ — признаков роли нет",2,False,False,1.0,0.0,65000.0,0.0,1.0,0.0,0.0,1,0,1117.0256736389285,2.0201505944411114e-05,0,0.0,0.0003090152404988498,,True,0,1,0.0076,0.0731,0.0367,0.03,0.0148,1.0,0.1622
100000008571443100,terminal,R6,0.5,14,0.272,"конечный получатель в выборке: получил 65 тыс ₸ от 2 плательщиков, исходящих от 5 000 ₸ в банке не наблюдается",2,False,False,2.0,0.0,65000.0,0.0,2.0,0.0,0.0,7,0,1019.7788401211806,1.8442788547178784e-05,0,0.0,0.00031615005477357013,,True,0,1,0.0072,0.0731,0.0367,0.09,0.0543,1.0,0.2613
100000002742067100,peripheral,R8a,0.5,16,0.1125,"разовый входящий 13 тыс ₸ от 1 плательщика, дальше не отправлял; меньше 100 тыс ₸ — признаков роли нет",2,False,False,1.0,0.0,12730.0,0.0,1.0,0.0,0.0,7,0,352.8795743063721,6.381857629814644e-06,0,0.0,0.0002909151762052763,,True,0,1,0.0043,0.0169,0.0367,0.03,0.0543,1.0,0.1422
100000003292979100,peripheral,R8a,0.5,3,0.268,"разовый входящий 49 тыс ₸ от 1 плательщика, дальше не отправлял; меньше 100 тыс ₸ — признаков роли нет",2,False,False,1.0,0.0,48950.0,0.0,1.0,0.0,0.0,10,0,21159.698447280145,0.0003826749769968577,0,0.0,0.0003317827747839172,,True,0,1,0.033,0.0625,0.0367,0.03,0.0961,1.0,0.2583
100000002558173100,peripheral,R8a,0.5,34,0.1474,"разовый входящий 9 тыс ₸ от 1 плательщика, дальше не отправлял; меньше 100 тыс ₸ — признаков роли нет",2,False,False,1.0,0.0,9300.0,0.0,1.0,0.0,0.0,8,0,1384.8034425495662,2.5044290061276436e-05,0,0.0,0.0002971511334570819,,True,0,1,0.0084,0.0093,0.0367,0.03,0.0839,1.0,0.1683
100000004687282100,peripheral,R8a,0.5,4,0.1682,"разовый входящий 20 тыс ₸ от 1 плательщика, дальше не отправлял; меньше 100 тыс ₸ — признаков роли нет",2,False,False,1.0,0.0,20000.0,0.0,1.0,0.0,0.0,7,0,19998.160051019728,0.00036166845461293133,0,0.0,0.0003337445070092051,,True,0,1,0.0321,0.0307,0.0367,0.03,0.0543,1.0,0.1838
100000003034546100,terminal,R6,0.637,9,0.3553,"конечный получатель в выборке: получил 487 тыс ₸ от 1 плательщика, исходящих от 5 000 ₸ в банке не наблюдается",2,False,False,1.0,0.0,486715.0,0.0,2.0,0.0,0.0,1,0,55518.79580553353,0.0010040622252112806,1,0.0,0.0003328426933554695,,True,0,1,0.0535,0.1285,0.0367,0.09,0.0148,1.0,0.3235
100000003798151100,terminal,R6,0.609,4,0.492,"конечный получатель в выборке: получил 350 тыс ₸ от 1 плательщика, исходящих от 5 000 ₸ в банке не наблюдается",2,False,False,1.0,0.0,350000.0,0.0,3.0,0.0,0.0,7,0,300361.6173558082,0.0054320658349054736,1,0.0,0.0005779100190365989,,True,0,1,0.1244,0.1202,0.0367,0.09,0.0543,1.0,0.4256
100000008710791100,distributor,R2,0.645,7,0.7,"рассылает 5,5 млн ₸ 23 получателям (25 переводов), плательщиков 3 — признаки веерной раздачи",2,False,False,3.0,23.0,181510.0,5521511.0,3.0,25.0,30.41987218335078,9,0,6961.199086342266,0.0001258938877070333,0,0.00031999845656290716,0.0003357504918816128,0.03069992978371319,True,0,1,0.0189,0.1494,0.0967,0.225,0.0909,1.0,0.5809
100000008688476100,peripheral,R8a,0.5,2,0.0872,"разовый входящий 24 тыс ₸ от 1 плательщика, дальше не отправлял; меньше 100 тыс ₸ — признаков роли нет",2,False,False,1.0,0.0,24000.0,0.0,1.0,0.0,0.0,1,0,412.44024872821973,7.459017579474872e-06,0,0.0,0.00029503336384081646,,True,0,1,0.0046,0.0372,0.0367,0.03,0.0148,1.0,0.1233
100000003242289100,distributor,R2,0.645,17,0.6486,"рассылает 2,4 млн ₸ 23 получателям (26 переводов), плательщиков 3 — признаки веерной раздачи",2,False,False,3.0,23.0,550791.0,2377741.0,8.0,26.0,4.316956885642648,7,0,5846.453593478147,0.0001057336190291987,1,0.001018500903825114,0.00044164083204680177,0.18675919706982383,True,1,2,0.0174,0.1475,0.0983,0.225,0.0543,1.0,0.5425
100000006564102100,terminal,R6,0.574,3,0.418,"конечный получатель в выборке: получил 233 тыс ₸ от 1 плательщика, исходящих от 5 000 ₸ в банке не наблюдается",2,False,False,1.0,0.0,233235.0,0.0,1.0,0.0,0.0,9,0,34746.75243122647,0.0006283980237461395,0,0.0,0.0004299539003057715,,True,0,1,0.0423,0.1104,0.0367,0.09,0.0909,1.0,0.3703
100000001526235100,peripheral,R8b,0.4,27,0.3657,отдаёт 528% от полученного в выборке (82 тыс ₸ → 433 тыс ₸): входящие извне не видны — признаков роли по данным недостаточно,2,False,False,3.0,8.0,82000.0,432750.0,4.0,9.0,5.277439024390244,7,0,8279.545302307472,0.00014973629307615268,1,0.0002609963085649516,0.0008816319237140674,0.10514153668399769,True,3,1,0.0207,0.1302,0.0961,0.03,0.0543,1.0,0.3313
100000004398811100,peripheral,R8b,0.4,3,0.3051,"отдаёт 244% от полученного в выборке (426 тыс ₸ → 1,0 млн ₸): входящие извне не видны — признаков роли по данным недостаточно",2,False,False,1.0,3.0,426000.0,1040672.0,1.0,4.0,2.4428920187793426,1,0,9225.304643631292,0.0001668404325839715,0,1.5115616326155497e-06,0.00035123312580815345,0.39493711755481076,True,0,1,0.0218,0.1428,0.0766,0.03,0.0148,1.0,0.286
100000002957787100,distributor,R2,0.684,1,0.6293,"рассылает 1,3 млн ₸ 34 получателям (41 переводов), плательщиков 4 — признаки веерной раздачи",2,False,False,4.0,34.0,84956.0,1276153.96,7.0,41.0,15.02135175855737,7,0,999.0281257643804,1.8067510082840483e-05,2,0.004349913946687339,0.0006165068183473814,0.0665719048507282,True,1,2,0.0072,0.1419,0.0997,0.225,0.0543,1.0,0.5281
100000002621915100,peripheral,R8a,0.5,4,0.1087,"разовый входящий 5 тыс ₸ от 1 плательщика, дальше не отправлял; меньше 100 тыс ₸ — признаков роли нет",2,False,False,1.0,0.0,5000.0,0.0,1.0,0.0,0.0,7,0,5000.0,9.042543256235452e-05,0,0.0,0.0005343718543091357,,True,0,1,0.016,0.0024,0.0367,0.03,0.0543,1.0,0.1394
100000008283183100,peripheral,R8a,0.5,2,0.0977,"разовый входящий 29 тыс ₸ от 1 плательщика, дальше не отправлял; меньше 100 тыс ₸ — признаков роли нет",2,False,False,1.0,0.0,29000.0,0.0,1.0,0.0,0.0,1,0,498.36530054659886,9.012979575198805e-06,0,0.0,0.0002967384707503327,,True,0,1,0.0051,0.0446,0.0367,0.03,0.0148,1.0,0.1312
100000003843844100,peripheral,R8b,0.4,14,0.2988,отдаёт 1427% от полученного в выборке (17 тыс ₸ → 238 тыс ₸): входящие извне не видны — признаков роли по данным недостаточно,3,False,False,1.0,1.0,16680.0,238000.0,1.0,1.0,14.268585131894485,7,0,180.24190088987424,3.259690370765582e-06,0,1.9549530448494444e-05,0.0002930486894899771,0.0,True,0,1,0.003,0.113,0.081,0.03,0.0543,1.0,0.2813
100000000954884100,peripheral,R8a,0.5,35,0.1551,"разовый входящий 34 тыс ₸ от 1 плательщика, дальше не отправлял; меньше 100 тыс ₸ — признаков роли нет",3,False,False,1.0,0.0,34000.0,0.0,1.0,0.0,0.0,7,0,109.01158248082724,1.9714839000271183e-06,0,0.0,0.0003128824264424135,,True,0,1,0.0024,0.0506,0.0367,0.03,0.0543,1.0,0.174
100000005893892100,terminal,R6,0.502,5,0.286,"конечный получатель в выборке: получил 103 тыс ₸ от 1 плательщика, исходящих от 5 000 ₸ в банке не наблюдается",3,False,False,1.0,0.0,102780.0,0.0,1.0,0.0,0.0,7,0,122.85931062540585,2.2219212615230007e-06,0,0.0,0.0002901929711701949,,True,0,1,0.0025,0.0883,0.0367,0.09,0.0543,1.0,0.2718
100000001819396100,terminal,R6,0.544,26,0.3024,"конечный получатель в выборке: получил 166 тыс ₸ от 1 плательщика, исходящих от 5 000 ₸ в банке не наблюдается",3,False,False,1.0,0.0,166080.0,0.0,1.0,0.0,0.0,7,0,53.59710337078556,9.69308251278503e-07,0,0.0,0.0003286570329794405,,True,0,1,0.0017,0.1013,0.0367,0.09,0.0543,1.0,0.284
100000008472324100,terminal,R6,0.562,5,0.3134,"конечный получатель в выборке: получил 205 тыс ₸ от 1 плательщика, исходящих от 5 000 ₸ в банке не наблюдается",3,False,False,1.0,0.0,205200.0,0.0,1.0,0.0,0.0,7,0,245.28829091587158,4.4360599617096684e-06,0,0.0,0.0002935253784586138,,True,0,1,0.0036,0.1076,0.0367,0.09,0.0543,1.0,0.2922
100000002646745100,peripheral,R8a,0.5,2,0.0538,"разовый входящий 12 тыс ₸ от 1 плательщика, дальше не отправлял; меньше 100 тыс ₸ — признаков роли нет",3,False,False,1.0,0.0,12300.0,0.0,1.0,0.0,0.0,1,0,8.173444487375429,1.4781745065906305e-07,0,0.0,0.0002887765123468335,,True,0,1,0.0006,0.0163,0.0367,0.03,0.0148,1.0,0.0984
100000008405209100,peripheral,R8a,0.5,17,0.1793,"разовый входящий 54 тыс ₸ от 1 плательщика, дальше не отправлял; меньше 100 тыс ₸ — признаков роли нет",3,False,False,1.0,0.0,54400.0,0.0,1.0,0.0,0.0,7,0,133.7601847657971,2.4190645134135335e-06,0,0.0,0.000295446660665207,,True,0,1,0.0026,0.0685,0.0367,0.03,0.0543,1.0,0.1921
100000004417753100,terminal,R6,0.557,3,0.3159,"конечный получатель в выборке: получил 192 тыс ₸ от 2 плательщиков, исходящих от 5 000 ₸ в банке не наблюдается",3,False,False,2.0,0.0,192099.0,0.0,2.0,0.0,0.0,7,0,1198.6366231192164,2.167744702612701e-05,0,0.0,0.0003948780666174993,,True,0,2,0.0079,0.1052,0.0367,0.09,0.0543,1.0,0.2941
100000003457710100,peripheral,R8b,0.4,5,0.3419,"отдаёт 400% от полученного в выборке (327 тыс ₸ → 1,3 млн ₸): входящие извне не видны — признаков роли по данным недостаточно",3,False,False,1.0,1.0,326555.0,1306000.0,1.0,2.0,3.999326300316945,7,0,390.35145146214643,7.059539769961506e-06,0,1.9549530448494444e-05,0.0002974738678794894,0.25004211332312404,True,0,1,0.0045,0.1437,0.081,0.03,0.0543,1.0,0.3135
100000007333038100,peripheral,R8b,0.4,13,0.1761,отдаёт 200% от полученного в выборке (18 тыс ₸ → 35 тыс ₸): входящие извне не видны — признаков роли по данным недостаточно,3,False,False,1.0,2.0,17500.0,34994.0,1.0,2.0,1.9996571428571428,1,0,23.05881159263532,4.1702060252757677e-07,0,1.612332408123253e-06,0.00030102883105703315,0.0,False,0,1,0.0011,0.067,0.0768,0.03,0.0148,1.0,0.1897
100000006444163100,peripheral,R8a,0.5,25,0.0951,"разовый входящий 6 тыс ₸ от 1 плательщика, дальше не отправлял; меньше 100 тыс ₸ — признаков роли нет",3,False,False,1.0,0.0,6026.0,0.0,1.0,0.0,0.0,7,0,128.9533247200367,2.332132033632617e-06,0,0.0,0.0003206554253053999,,True,0,1,0.0026,0.0056,0.0367,0.03,0.0543,1.0,0.1292
100000008706947100,peripheral,R8a,0.5,2,0.0667,"разовый входящий 17 тыс ₸ от 1 плательщика, дальше не отправлял; меньше 100 тыс ₸ — признаков роли нет",3,False,False,1.0,0.0,17200.0,0.0,1.0,0.0,0.0,1,0,11.429532128687592,2.0670407734438084e-07,0,0.0,0.00028954444260628927,,True,0,1,0.0008,0.0257,0.0367,0.03,0.0148,1.0,0.108
100000008761219100,peripheral,R8b,0.4,45,0.3746,отдаёт 750% от полученного в выборке (50 тыс ₸ → 375 тыс ₸): входящие извне не видны — признаков роли по данным недостаточно,3,False,False,2.0,2.0,50000.0,375000.0,2.0,2.0,7.5,9,0,117.64822296026895,2.1276782902749297e-06,0,4.2441291617994376e-05,0.0002941512748559038,0.09333333333333334,True,0,1,0.0025,0.125,0.0895,0.03,0.0909,1.0,0.3379
100000005022552100,peripheral,R8c,0.5,4,0.2496,"вход 1 / выход 1, оборот 246 тыс ₸ — признаков роли нет",3,False,False,1.0,1.0,241000.0,5000.0,3.0,1.0,0.02074688796680498,7,0,2514.1696199667304,4.546897508412442e-05,1,0.0,0.00035934272282234583,0.0,True,0,1,0.0114,0.1122,0.0367,0.03,0.0543,1.0,0.2446
100000008735832100,peripheral,R8a,0.5,2,0.068,"разовый входящий 18 тыс ₸ от 1 плательщика, дальше не отправлял; меньше 100 тыс ₸ — признаков роли нет",3,False,False,1.0,0.0,17600.0,0.0,1.0,0.0,0.0,1,0,11.695335201447769,2.1151114891052924e-07,0,0.0,0.0002896071307907347,,True,0,1,0.0008,0.0267,0.0367,0.03,0.0148,1.0,0.109
100000005661528100,peripheral,R8a,0.5,6,0.1384,"разовый входящий 25 тыс ₸ от 1 плательщика, дальше не отправлял; меньше 100 тыс ₸ — признаков роли нет",3,False,False,1.0,0.0,25000.0,0.0,1.0,0.0,0.0,7,0,41.78066856884419,7.556070056164211e-07,0,0.0,0.00029239338217592616,,True,0,1,0.0015,0.0391,0.0367,0.03,0.0543,1.0,0.1616
100000002529880100,terminal,R6,0.533,7,0.3399,"конечный получатель в выборке: получил 147 тыс ₸ от 2 плательщиков, исходящих от 5 000 ₸ в банке не наблюдается",3,False,False,2.0,0.0,147000.0,0.0,2.0,0.0,0.0,8,0,406.77919588648933,7.356636949080508e-06,0,0.0,0.000307502631813874,,True,0,2,0.0046,0.0968,0.0367,0.09,0.0839,1.0,0.312
100000001969496100,peripheral,R8a,0.5,15,0.1322,"разовый входящий 23 тыс ₸ от 1 плательщика, дальше не отправлял; меньше 100 тыс ₸ — признаков роли нет",3,False,False,1.0,0.0,22740.0,0.0,1.0,0.0,0.0,7,0,25.142999044168505,4.547133128967607e-07,0,0.0,0.00029330827545839925,,True,0,1,0.0011,0.0348,0.0367,0.03,0.0543,1.0,0.1569
100000003215448100,peripheral,R8b,0.4,6,0.3053,отдаёт 136% от полученного в выборке (91 тыс ₸ → 124 тыс ₸): входящие извне не видны — признаков роли по данным недостаточно,3,False,False,1.0,2.0,91309.0,124000.0,1.0,4.0,1.3580260434349298,7,0,607.3421523140664,1.0983835367270173e-05,0,3.909906089698889e-05,0.0003055010465210008,0.06451612903225806,True,0,1,0.0056,0.1084,0.0879,0.03,0.0543,1.0,0.2862
100000006894637100,peripheral,R8a,0.5,1,0.1788,"разовый входящий 53 тыс ₸ от 1 плательщика, дальше не отправлял; меньше 100 тыс ₸ — признаков роли нет",3,False,False,1.0,0.0,52831.0,0.0,1.0,0.0,0.0,7,0,256.2282684723109,4.633910402262363e-06,0,0.0,0.00029155306650878313,,True,0,1,0.0036,0.0671,0.0367,0.03,0.0543,1.0,0.1917
100000002936322100,terminal,R6,0.679,6,0.3618,"конечный получатель в выборке: получил 787 тыс ₸ от 2 плательщиков, исходящих от 5 000 ₸ в банке не наблюдается",3,False,False,2.0,0.0,787133.0,0.0,2.0,0.0,0.0,7,0,2538.888116833523,4.59160112384186e-05,0,0.0,0.000367992272391502,,True,0,1,0.0114,0.136,0.0367,0.09,0.0543,1.0,0.3284
100000005061890100,peripheral,R8a,0.5,3,0.2025,"разовый входящий 90 тыс ₸ от 1 плательщика, дальше не отправлял; меньше 100 тыс ₸ — признаков роли нет",3,False,False,1.0,0.0,90000.0,0.0,1.0,0.0,0.0,7,0,636.1728734072447,1.1505241452457221e-05,0,0.0,0.0005369658745633378,,True,0,1,0.0057,0.0827,0.0367,0.03,0.0543,1.0,0.2094
100000004017410100,peripheral,R8b,0.4,33,0.3825,"отдаёт 687% от полученного в выборке (194 тыс ₸ → 1,3 млн ₸): входящие извне не видны — признаков роли по данным недостаточно",3,False,False,2.0,5.0,193650.0,1330915.0,6.0,11.0,6.872785954040795,7,0,14276.886667900755,0.00025819873051772765,2,4.128242769965579e-05,0.0011361307962045452,0.03204562274825966,True,2,2,0.0271,0.1431,0.0893,0.03,0.0543,1.0,0.3438
100000002983426100,peripheral,R8a,0.5,8,0.2018,"разовый входящий 89 тыс ₸ от 1 плательщика, дальше не отправлял; меньше 100 тыс ₸ — признаков роли нет",3,False,False,1.0,0.0,88945.0,0.0,1.0,0.0,0.0,7,0,686.3105878638202,1.2411986355941951e-05,0,0.0,0.00032012701271987715,,True,0,1,0.0059,0.082,0.0367,0.03,0.0543,1.0,0.2089
100000005530114100,transit,R4,0.65,17,0.3991,пропускает дальше 18% полученного (137 тыс ₸ → 25 тыс ₸); 100% ушло за ≤2 дн. — признаки транзита,3,False,False,2.0,1.0,136970.0,25000.0,2.0,1.0,0.1825217200846901,7,0,197.0279860076639,3.5632681723265088e-06,0,4.534684897846649e-06,0.0004970436403447192,1.0,True,0,1,0.0032,0.1004,0.0783,0.12,0.0543,1.0,0.3562
100000001169666100,peripheral,R8c,0.5,8,0.3529,"вход 1 / выход 1, оборот 244 тыс ₸ — признаков роли нет",3,False,False,1.0,1.0,220000.0,24000.0,2.0,1.0,0.10909090909090909,9,0,177.28811920765602,3.2062709735037137e-06,1,2.2371112162710136e-05,0.00032096707027641454,0.0,True,0,1,0.003,0.1119,0.0859,0.03,0.0909,1.0,0.3217
100000001784279100,peripheral,R8a,0.5,1,0.1581,"разовый входящий 36 тыс ₸ от 1 плательщика, дальше не отправлял; меньше 100 тыс ₸ — признаков роли нет",3,False,False,1.0,0.0,35674.0,0.0,1.0,0.0,0.0,7,0,173.01749445365826,3.1290363553653646e-06,0,0.0,0.0002900253605963862,,True,0,1,0.003,0.0523,0.0367,0.03,0.0543,1.0,0.1763
100000008744364100,peripheral,R8a,0.5,2,0.0815,"разовый входящий 24 тыс ₸ от 1 плательщика, дальше не отправлял; меньше 100 тыс ₸ — признаков роли нет",3,False,False,1.0,0.0,23700.0,0.0,1.0,0.0,0.0,1,0,15.748832061040462,2.848189902942922e-07,0,0.0,0.0002905631256035266,,True,0,1,0.0009,0.0367,0.0367,0.03,0.0148,1.0,0.1191
100000008714412100,terminal,R6,0.546,8,0.3535,"конечный получатель в выборке: получил 169 тыс ₸ от 1 плательщика, исходящих от 5 000 ₸ в банке не наблюдается",3,False,False,1.0,0.0,169000.0,0.0,1.0,0.0,0.0,9,0,136.18950975497214,2.462999066009671e-06,0,0.0,0.00031305784664157325,,True,0,1,0.0026,0.102,0.0367,0.09,0.0909,1.0,0.3222
100000007754369100,peripheral,R8a,0.5,1,0.196,"разовый входящий 82 тыс ₸ от 1 плательщика, дальше не отправлял; меньше 100 тыс ₸ — признаков роли нет",3,False,False,1.0,0.0,82424.0,0.0,1.0,0.0,0.0,7,0,399.753152515791,7.229570346881056e-06,0,0.0,0.0002941881076619896,,True,0,1,0.0045,0.0791,0.0367,0.03,0.0543,1.0,0.2046
100000003122817100,terminal,R6,0.63,26,0.3368,"конечный получатель в выборке: получил 445 тыс ₸ от 1 плательщика, исходящих от 5 000 ₸ в банке не наблюдается",3,False,False,1.0,0.0,444680.0,0.0,1.0,0.0,0.0,7,0,143.50650245015007,2.595327511913082e-06,0,0.0,0.0003987904601830688,,True,0,1,0.0027,0.126,0.0367,0.09,0.0543,1.0,0.3097
100000003711830100,peripheral,R8a,0.5,6,0.1757,"разовый входящий 50 тыс ₸ от 1 плательщика, дальше не отправлял; меньше 100 тыс ₸ — признаков роли нет",3,False,False,1.0,0.0,50000.0,0.0,1.0,0.0,0.0,7,0,332.57518553158314,6.0146510022397435e-06,0,0.0,0.0002970626279839811,,True,0,1,0.0041,0.0643,0.0367,0.03,0.0543,1.0,0.1894
100000001110358100,terminal,R6,0.5,1,0.2355,"конечный получатель в выборке: получил 32 тыс ₸ от 2 плательщиков, исходящих от 5 000 ₸ в банке не наблюдается",3,False,False,2.0,0.0,32000.0,0.0,2.0,0.0,0.0,7,0,301.12906147813914,5.4459451282513156e-06,0,0.0,0.000294295035325378,,True,0,2,0.0039,0.0492,0.0367,0.09,0.0543,1.0,0.2341
100000006530134100,terminal,R6,0.532,5,0.2973,"конечный получатель в выборке: получил 145 тыс ₸ от 2 плательщиков, исходящих от 5 000 ₸ в банке не наблюдается",3,False,False,2.0,0.0,144663.0,0.0,2.0,0.0,0.0,7,0,163.26222423875143,2.952611449576244e-06,0,0.0,0.0003004222367253865,,True,0,1,0.0029,0.0963,0.0367,0.09,0.0543,1.0,0.2802
100000001639766100,peripheral,R8a,0.5,10,0.0933,"разовый входящий 20 тыс ₸ от 1 плательщика, дальше не отправлял; меньше 100 тыс ₸ — признаков роли нет",3,False,False,1.0,0.0,20000.0,0.0,1.0,0.0,0.0,1,0,4800.1273529528125,8.681071844902957e-05,0,0.0,0.0006546676072366184,,True,0,1,0.0157,0.0307,0.0367,0.03,0.0148,1.0,0.1279
100000003242795100,terminal,R6,0.509,5,0.2888,"конечный получатель в выборке: получил 111 тыс ₸ от 1 плательщика, исходящих от 5 000 ₸ в банке не наблюдается",3,False,False,1.0,0.0,111000.0,0.0,1.0,0.0,0.0,7,0,132.68518660653874,2.399623078702599e-06,0,0.0,0.0002904604227217552,,True,0,1,0.0026,0.0903,0.0367,0.09,0.0543,1.0,0.2739
100000004970752100,peripheral,R8a,0.5,1,0.1248,"разовый входящий 10 тыс ₸ от 1 плательщика, дальше не отправлял; меньше 100 тыс ₸ — признаков роли нет",3,False,False,1.0,0.0,10000.0,0.0,1.0,0.0,0.0,7,0,6706.265473269859,0.00012128339125968204,0,0.0,0.0007460308300494871,,True,0,1,0.0186,0.0118,0.0367,0.03,0.0543,1.0,0.1514
100000004564736100,peripheral,R8a,0.5,22,0.1189,"разовый входящий 15 тыс ₸ от 1 плательщика, дальше не отправлял; меньше 100 тыс ₸ — признаков роли нет",3,False,False,1.0,0.0,15000.0,0.0,2.0,0.0,0.0,7,0,528.9689136507375,9.566448565781339e-06,1,0.0,0.00037847187218373,,True,0,1,0.0052,0.0208,0.0367,0.03,0.0543,1.0,0.147
100000005873152100,peripheral,R4x,0.4,11,0.2546,"вход 10 тыс ₸ → выход 10 тыс ₸, но все исходящие раньше первого входящего — временная последовательность не подтверждает транзит наблюдаемых поступлений",3,False,False,1.0,1.0,10000.0,10000.0,1.0,1.0,1.0,11,0,3932.5783483589166,7.112101964714096e-05,0,4.0308310203081327e-07,0.00046938669267821635,0.0,False,0,1,0.0142,0.0307,0.0742,0.03,0.0992,1.0,0.2483
100000001637376100,peripheral,R8b,0.4,5,0.3084,отдаёт 201% от полученного в выборке (117 тыс ₸ → 234 тыс ₸): входящие извне не видны — признаков роли по данным недостаточно,3,False,False,1.0,1.0,116700.0,234250.0,1.0,2.0,2.0072836332476434,7,0,139.4987502430907,2.5228469665278672e-06,0,1.9549530448494444e-05,0.00029064588182685174,0.4951974386339381,True,0,1,0.0027,0.1205,0.081,0.03,0.0543,1.0,0.2885
100000006710485100,peripheral,R8a,0.5,2,0.0734,"разовый входящий 20 тыс ₸ от 1 плательщика, дальше не отправлял; меньше 100 тыс ₸ — признаков роли нет",3,False,False,1.0,0.0,20000.0,0.0,1.0,0.0,0.0,1,0,13.290153638008828,2.4035357830741956e-07,0,0.0,0.0002899832598974069,,True,0,1,0.0008,0.0307,0.0367,0.03,0.0148,1.0,0.113
100000003582677100,peripheral,R8b,0.4,3,0.2749,отдаёт 188% от полученного в выборке (30 тыс ₸ → 56 тыс ₸): входящие извне не видны — признаков роли по данным недостаточно,3,False,False,2.0,4.0,29756.989999999998,56000.0,2.0,5.0,1.881910771217116,7,0,150.36329259256692,2.7193331548365485e-06,0,0.00018194610278608216,0.00029460359346959513,0.0,True,0,1,0.0028,0.081,0.0954,0.03,0.0543,1.0,0.2635
100000008713685100,peripheral,R8a,0.5,2,0.1174,"разовый входящий 50 тыс ₸ от 1 плательщика, дальше не отправлял; меньше 100 тыс ₸ — признаков роли нет",3,False,False,1.0,0.0,49700.0,0.0,1.0,0.0,0.0,1,0,33.02603179045194,5.972786420939377e-07,0,0.0,0.00029463785759247565,,True,0,1,0.0013,0.0631,0.0367,0.03,0.0148,1.0,0.1459
100000008070101100,terminal,R6,0.5,7,0.3238,"конечный получатель в выборке: получил 100 тыс ₸ от 1 плательщика, исходящих от 5 000 ₸ в банке не наблюдается",3,False,False,1.0,0.0,100000.0,0.0,1.0,0.0,0.0,8,0,112.42617969656912,2.0332371860790526e-06,0,0.0,0.00029389779906267827,,True,0,1,0.0024,0.087,0.0367,0.09,0.0839,1.0,0.3
100000004475818100,peripheral,R8b,0.4,5,0.2595,отдаёт 415% от полученного в выборке (13 тыс ₸ → 54 тыс ₸): входящие извне не видны — признаков роли по данным недостаточно,3,False,False,1.0,3.0,13000.0,53989.0,1.0,3.0,4.153,7,0,78.65002810992306,1.422392562576227e-06,0,7.059084797641469e-05,0.00031118891379402743,0.24078979051288224,True,1,1,0.002,0.074,0.0917,0.03,0.0543,1.0,0.252
100000007197866100,transit,R4,0.65,6,0.3364,пропускает дальше 75% полученного (20 тыс ₸ → 15 тыс ₸); 100% ушло за ≤2 дн. — признаки транзита,3,False,False,1.0,1.0,20000.0,15000.0,1.0,1.0,0.75,7,0,133.03007421263325,2.405860400895897e-06,0,1.9549530448494444e-05,0.00029093436159867544,1.0,True,0,1,0.0026,0.0515,0.081,0.12,0.0543,1.0,0.3094
100000006965162100,peripheral,R8a,0.5,29,0.1031,"разовый входящий 10 тыс ₸ от 1 плательщика, дальше не отправлял; меньше 100 тыс ₸ — признаков роли нет",3,False,False,1.0,0.0,10000.0,0.0,1.0,0.0,0.0,7,0,110.40802685025436,1.9967387172580605e-06,0,0.0,0.0003106766055378161,,True,0,1,0.0024,0.0118,0.0367,0.03,0.0543,1.0,0.1352
100000005995391100,peripheral,R8a,0.5,2,0.0667,"разовый входящий 17 тыс ₸ от 1 плательщика, дальше не отправлял; меньше 100 тыс ₸ — признаков роли нет",3,False,False,1.0,0.0,17200.0,0.0,1.0,0.0,0.0,1,0,11.429532128687592,2.0670407734438084e-07,0,0.0,0.00028954444260628927,,True,0,1,0.0008,0.0257,0.0367,0.03,0.0148,1.0,0.108
100000003834495100,consolidator,R3,0.55,1,0.6385,"получает 602 тыс ₸ от 3 плательщиков, отдаёт дальше 3% полученного — признаки консолидации",3,False,False,3.0,1.0,602441.0,20000.0,5.0,1.0,0.0331982716979754,7,0,4208.525736424603,7.611155203319927e-05,1,2.920912907216143e-06,0.0006235433580008246,1.0,True,0,2,0.0147,0.1333,0.0777,0.255,0.0543,1.0,0.535
100000001223977100,peripheral,R8b,0.4,53,0.2586,отдаёт 360% от полученного в выборке (5 тыс ₸ → 18 тыс ₸): входящие извне не видны — признаков роли по данным недостаточно,3,False,False,1.0,1.0,5000.0,18000.0,1.0,1.0,3.6,10,0,217.3913043478261,3.931540546189327e-06,0,2.4588069223879608e-05,0.00030690325196449205,0.0,True,0,1,0.0033,0.0352,0.0867,0.03,0.0961,1.0,0.2513
100000001046057100,peripheral,R8a,0.5,28,0.196,"разовый входящий 83 тыс ₸ от 1 плательщика, дальше не отправлял; меньше 100 тыс ₸ — признаков роли нет",3,False,False,1.0,0.0,83420.0,0.0,1.0,0.0,0.0,7,0,284.65206712841194,5.147957259971005e-06,0,0.0,0.0003199335653266865,,True,0,1,0.0038,0.0798,0.0367,0.03,0.0543,1.0,0.2046
100000002989353100,transit,R4,0.65,13,0.4113,пропускает дальше 64% полученного (500 тыс ₸ → 321 тыс ₸); 93% ушло за ≤2 дн. — признаки транзита,3,False,False,1.0,2.0,500000.0,321160.0,2.0,2.0,0.64232,2,0,160.3721659880976,2.900344496087089e-06,1,2.821581714215693e-06,0.00031076359510193093,0.9341138373396438,True,0,1,0.0029,0.1367,0.0776,0.12,0.0281,1.0,0.3653
100000006714366100,transit,R4,0.65,14,0.2967,пропускает дальше 48% полученного (10 тыс ₸ → 5 тыс ₸); 100% ушло за ≤2 дн. — признаки транзита,3,False,False,1.0,1.0,10500.0,5000.0,1.0,1.0,0.47619047619047616,7,0,113.46162825801436,2.051963362892003e-06,0,1.9549530448494444e-05,0.0002907516269075009,1.0,True,0,1,0.0024,0.0221,0.081,0.12,0.0543,1.0,0.2798
100000001063678100,peripheral,R8b,0.4,22,0.2913,отдаёт 257% от полученного в выборке (35 тыс ₸ → 90 тыс ₸): входящие извне не видны — признаков роли по данным недостаточно,3,False,False,1.0,2.0,35000.0,90000.0,1.0,2.0,2.5714285714285716,7,0,1696.5918520233859,3.068301042019617e-05,0,4.030831020308133e-05,0.00032936727215717636,0.2222222222222222,True,0,1,0.0093,0.0931,0.089,0.03,0.0543,1.0,0.2757
100000004889043100,terminal,R6,0.587,1,0.3226,"конечный получатель в выборке: получил 272 тыс ₸ от 2 плательщиков, исходящих от 5 000 ₸ в банке не наблюдается",3,False,False,2.0,0.0,272000.0,0.0,4.0,0.0,0.0,7,0,265.1243280946548,4.794796410152552e-06,1,0.0,0.0002998300702347704,,True,0,2,0.0037,0.1144,0.0367,0.09,0.0543,1.0,0.2991
100000002984403100,peripheral,R8b,0.4,27,0.2335,отдаёт 125% от полученного в выборке (20 тыс ₸ → 25 тыс ₸): входящие извне не видны — признаков роли по данным недостаточно,3,False,False,1.0,1.0,20000.0,25000.0,1.0,1.0,1.25,7,0,382.6479631337942,6.920221517095445e-06,0,2.035569665255607e-05,0.0003215219267154699,0.0,False,0,1,0.0044,0.0593,0.0846,0.03,0.0543,1.0,0.2326
100000003951827100,peripheral,R8b,0.4,1,0.1923,отдаёт 189% от полученного в выборке (9 тыс ₸ → 17 тыс ₸): входящие извне не видны — признаков роли по данным недостаточно,3,False,False,1.0,2.0,9000.0,17000.0,1.0,2.0,1.8888888888888888,7,0,7.617983229660345,1.3777188575895984e-07,0,1.3492507782577916e-06,0.0002873578504393389,0.0,True,0,1,0.0006,0.0407,0.0762,0.03,0.0543,1.0,0.2018
100000000933075100,transit,R4,0.65,12,0.4327,пропускает дальше 138% полученного (40 тыс ₸ → 55 тыс ₸); 73% ушло за ≤2 дн. — признаки транзита,3,False,False,1.0,2.0,40000.0,55000.0,1.0,2.0,1.375,8,0,941.612674670158,1.7029146682648926e-05,0,2.1766487509663916e-05,0.000811915898987796,0.7272727272727273,True,1,1,0.007,0.085,0.0854,0.12,0.0839,1.0,0.3813
100000008502995100,peripheral,R8a,0.5,1,0.1778,"разовый входящий 25 тыс ₸ от 1 плательщика, дальше не отправлял; меньше 100 тыс ₸ — признаков роли нет",3,False,False,1.0,0.0,25000.0,0.0,2.0,0.0,0.0,7,0,18579.110320436732,0.0003360048174698393,1,0.0,0.0007299997244644803,,True,0,1,0.0309,0.0391,0.0367,0.03,0.0543,1.0,0.191
100000008086440100,transit,R4,0.65,1,0.4579,пропускает дальше 81% полученного (200 тыс ₸ → 161 тыс ₸); 24% ушло за ≤2 дн. — признаки транзита,3,False,False,1.0,5.0,199733.0,161300.0,1.0,6.0,0.8075781167859092,7,0,2422.8448230782874,4.381735823166309e-05,0,0.00010699984672480703,0.000339159382330415,0.23558586484810912,True,1,1,0.0112,0.1213,0.0933,0.12,0.0543,1.0,0.4001
100000008465789100,distributor,R2,0.621,7,0.6628,"рассылает 1,9 млн ₸ 16 получателям (17 переводов), плательщиков 1 — признаки веерной раздачи",3,False,False,1.0,16.0,30099.0,1858100.0,1.0,17.0,61.732947938469714,8,0,15.708576383994679,2.8409096289230113e-07,0,0.0008595748012095774,0.0002911860984619856,0.0161988052311501,True,0,1,0.0009,0.1453,0.098,0.225,0.0839,1.0,0.5531
100000002550141100,terminal,R6,0.501,6,0.286,"конечный получатель в выборке: получил 101 тыс ₸ от 1 плательщика, исходящих от 5 000 ₸ в банке не наблюдается",3,False,False,1.0,0.0,100586.0,0.0,1.0,0.0,0.0,7,0,168.10201314663047,3.0401394506773334e-06,0,0.0,0.0003091569404966681,,True,0,1,0.0029,0.0879,0.0367,0.09,0.0543,1.0,0.2718
100000008739887100,peripheral,R8b,0.4,6,0.3404,отдаёт 143% от полученного в выборке (214 тыс ₸ → 307 тыс ₸): входящие извне не видны — признаков роли по данным недостаточно,3,False,False,2.0,2.0,214000.0,307000.0,3.0,2.0,1.4345794392523366,7,0,1823.3825535306319,3.297603122593159e-05,1,3.909906089698889e-05,0.00033477057042868727,0.23778501628664495,True,0,1,0.0097,0.1305,0.0879,0.03,0.0543,1.0,0.3124
100000008532050100,terminal,R6,0.632,5,0.3416,"конечный получатель в выборке: получил 455 тыс ₸ от 1 плательщика, исходящих от 5 000 ₸ в банке не наблюдается",3,False,False,1.0,0.0,455156.0,0.0,1.0,0.0,0.0,7,0,544.0762053611328,9.839665243332973e-06,0,0.0,0.0003016581181206333,,True,0,1,0.0053,0.127,0.0367,0.09,0.0543,1.0,0.3133
100000008422226100,peripheral,R8a,0.5,1,0.196,"разовый входящий 87 тыс ₸ от 1 плательщика, дальше не отправлял; меньше 100 тыс ₸ — признаков роли нет",3,False,False,1.0,0.0,87450.0,0.0,1.0,0.0,0.0,7,0,74.02140371486635,1.3386834899578932e-06,0,0.0,0.0002917946317172872,,True,0,1,0.002,0.0816,0.0367,0.03,0.0543,1.0,0.2046
100000002369874100,consolidator,R3,0.577,7,0.6219,"получает 600 тыс ₸ от 4 плательщиков, отдаёт дальше 0% полученного — признаки консолидации",3,False,False,4.0,0.0,600000.0,0.0,4.0,0.0,0.0,9,0,1019.4418586591105,1.843669420828415e-05,0,0.0,0.00033884808674630463,,True,0,4,0.0072,0.1328,0.0367,0.255,0.0909,1.0,0.5226
100000003321895100,peripheral,R8b,0.4,49,0.3395,отдаёт 2308% от полученного в выборке (24 тыс ₸ → 554 тыс ₸): входящие извне не видны — признаков роли по данным недостаточно,3,False,False,1.0,2.0,24000.0,553830.0,1.0,3.0,23.07625,7,0,784.5209429095704,1.4188129123364828e-05,0,4.030831020308133e-05,0.0003126444685622149,0.0,True,0,1,0.0064,0.132,0.089,0.03,0.0543,1.0,0.3117
100000001875239100,consolidator,R3,0.55,7,0.6234,"получает 712 тыс ₸ от 3 плательщиков, отдаёт дальше 0% полученного — признаки консолидации",3,False,False,3.0,0.0,712000.0,0.0,3.0,0.0,0.0,9,0,805.7903843158376,1.4572788811269101e-05,0,0.0,0.00033546478413171,,True,0,3,0.0064,0.1347,0.0367,0.255,0.0909,1.0,0.5237
100000002216999100,peripheral,R8a,0.5,2,0.0813,"разовый входящий 24 тыс ₸ от 1 плательщика, дальше не отправлял; меньше 100 тыс ₸ — признаков роли нет",3,False,False,1.0,0.0,23677.0,0.0,1.0,0.0,0.0,1,0,15.733548384356752,2.8454258367923866e-07,0,0.0,0.00029055952103292093,,True,0,1,0.0009,0.0365,0.0367,0.03,0.0148,1.0,0.1189
100000002653948100,peripheral,R8a,0.5,5,0.1955,"разовый входящий 85 тыс ₸ от 1 плательщика, дальше не отправлял; меньше 100 тыс ₸ — признаков роли нет",3,False,False,1.0,0.0,85200.0,0.0,1.0,0.0,0.0,7,0,101.84484593582972,1.8418728495987515e-06,0,0.0,0.00028962097624605506,,True,0,1,0.0023,0.0809,0.0367,0.03,0.0543,1.0,0.2042
100000008632060100,peripheral,R8b,0.4,1,0.3266,отдаёт 5653% от полученного в выборке (6 тыс ₸ → 339 тыс ₸): входящие извне не видны — признаков роли по данным недостаточно,3,False,False,1.0,9.0,6000.0,339200.0,1.0,12.0,56.53333333333333,7,0,4.697057676791822,8.49466944388457e-08,0,0.0005457358534256866,0.0002893153080072033,0.0,True,0,1,0.0005,0.1198,0.0975,0.03,0.0543,1.0,0.3021
100000008746449100,distributor,R2,0.6,7,0.6506,"рассылает 1,0 млн ₸ 10 получателям (10 переводов), плательщиков 1 — признаки веерной раздачи",3,False,False,1.0,10.0,10000.0,1009000.0,1.0,10.0,100.9,8,0,5.218969528553998,9.438551542984854e-08,0,0.00016882593116692495,0.0002882898446572797,0.0,True,0,1,0.0005,0.1394,0.0952,0.225,0.0839,1.0,0.544
100000003031761100,terminal,R6,0.633,6,0.2918,"конечный получатель в выборке: получил 460 тыс ₸ от 1 плательщика, исходящих от 5 000 ₸ в банке не наблюдается",3,False,False,1.0,0.0,460408.0,0.0,1.0,0.0,0.0,1,0,992.9615112482028,1.7957794834477598e-05,0,0.0,0.0003197773937099228,,True,0,1,0.0072,0.1274,0.0367,0.09,0.0148,1.0,0.2761
100000008388049100,terminal,R6,0.639,13,0.3063,"конечный получатель в выборке: получил 496 тыс ₸ от 1 плательщика, исходящих от 5 000 ₸ в банке не наблюдается",3,False,False,1.0,0.0,496400.0,0.0,1.0,0.0,0.0,2,0,159.2174863929833,2.879462015715262e-06,0,0.0,0.00031059140894205804,,True,0,1,0.0029,0.1292,0.0367,0.09,0.0281,1.0,0.2869
100000002677201100,peripheral,R8c,0.5,7,0.3442,"вход 1 / выход 1, оборот 238 тыс ₸ — признаков роли нет",3,False,False,1.0,1.0,150000.0,87750.0,1.0,1.0,0.585,8,0,470.53015921051957,8.509578636048955e-06,0,2.1766487509663916e-05,0.00031028705701776314,0.0,True,0,1,0.0049,0.111,0.0854,0.03,0.0839,1.0,0.3152
100000002901457100,peripheral,R8c,0.5,1,0.3482,"вход 1 / выход 3, оборот 459 тыс ₸ — признаков роли нет",3,False,False,1.0,3.0,340000.0,119000.0,1.0,3.0,0.35,7,0,4124.342196064836,7.458908542286679e-05,0,7.698887248788534e-05,0.0003758956319421,0.0,True,0,1,0.0146,0.1273,0.092,0.03,0.0543,1.0,0.3182
100000001160401100,peripheral,R8a,0.5,1,0.1683,"разовый входящий 47 тыс ₸ от 1 плательщика, дальше не отправлял; меньше 100 тыс ₸ — признаков роли нет",3,False,False,1.0,0.0,47190.0,0.0,2.0,0.0,0.0,7,0,36.94235862796768,6.681057517615214e-07,1,0.0,0.0003062475375918293,,True,0,1,0.0014,0.0615,0.0367,0.03,0.0543,1.0,0.1839
100000002842321100,terminal,R6,0.541,5,0.3026,"конечный получатель в выборке: получил 160 тыс ₸ от 1 плательщика, исходящих от 5 000 ₸ в банке не наблюдается",3,False,False,1.0,0.0,160000.0,0.0,1.0,0.0,0.0,7,0,191.2579266400558,3.458916149481223e-06,0,0.0,0.00029205472029188335,,True,0,1,0.0031,0.1001,0.0367,0.09,0.0543,1.0,0.2842
100000002547110100,consolidator,R3,0.63,7,0.6312,"получает 1,5 млн ₸ от 6 плательщиков, отдаёт дальше 0% полученного — признаки консолидации",3,False,False,6.0,0.0,1500000.0,0.0,10.0,0.0,0.0,8,0,2351.373809264599,4.252479876370853e-05,4,0.0,0.0005540435816644865,,True,0,5,0.011,0.1429,0.0367,0.255,0.0839,1.0,0.5295
100000001600934100,peripheral,R8c,0.5,6,0.2571,"вход 1 / выход 1, оборот 191 тыс ₸ — признаков роли нет",3,False,False,1.0,1.0,180300.0,11000.0,2.0,1.0,0.06100942872989462,7,0,11453.040953778429,0.00020712923647995518,1,0.0,0.0024219197960988034,0.0,True,1,1,0.0243,0.1049,0.0367,0.03,0.0543,1.0,0.2502
100000002818726100,peripheral,R8a,0.5,14,0.1068,"разовый входящий 11 тыс ₸ от 1 плательщика, дальше не отправлял; меньше 100 тыс ₸ — признаков роли нет",3,False,False,1.0,0.0,10879.0,0.0,1.0,0.0,0.0,7,0,117.55705274466078,2.1260294690382953e-06,0,0.0,0.00029089249854484045,,True,0,1,0.0025,0.0145,0.0367,0.03,0.0543,1.0,0.138
100000008712827100,peripheral,R8a,0.5,2,0.1367,"разовый входящий 76 тыс ₸ от 1 плательщика, дальше не отправлял; меньше 100 тыс ₸ — признаков роли нет",3,False,False,1.0,0.0,76000.0,0.0,1.0,0.0,0.0,1,0,50.50258382443355,9.133435975681944e-07,0,0.0,0.00029875960571975875,,True,0,1,0.0016,0.0772,0.0367,0.03,0.0148,1.0,0.1603
100000008259451100,peripheral,R8a,0.5,15,0.1788,"разовый входящий 55 тыс ₸ от 1 плательщика, дальше не отправлял; меньше 100 тыс ₸ — признаков роли нет",3,False,False,1.0,0.0,55000.0,0.0,1.0,0.0,0.0,7,0,60.81200296522726,1.0997903346227722e-06,0,0.0,0.0003024719097375548,,True,0,1,0.0018,0.0689,0.0367,0.03,0.0543,1.0,0.1917
100000003060517100,terminal,R6,0.6,17,0.333,"конечный получатель в выборке: получил 316 тыс ₸ от 1 плательщика, исходящих от 5 000 ₸ в банке не наблюдается",3,False,False,1.0,0.0,315955.0,0.0,1.0,0.0,0.0,7,0,1187.9367760576808,2.1483939366348932e-05,0,0.0,0.0003634828896360661,,True,0,1,0.0078,0.1181,0.0367,0.09,0.0543,1.0,0.3069
100000002621434100,peripheral,R8a,0.5,7,0.2412,"разовый входящий 81 тыс ₸ от 1 плательщика, дальше не отправлял; меньше 100 тыс ₸ — признаков роли нет",3,False,False,1.0,0.0,81000.0,0.0,1.0,0.0,0.0,9,0,102.12007655037245,1.8468504190736371e-06,0,0.0,0.00029103957755279405,,True,0,1,0.0023,0.0784,0.0367,0.03,0.0909,1.0,0.2383
100000001860090100,peripheral,R8a,0.5,10,0.0405,"разовый входящий 5 тыс ₸ от 1 плательщика, дальше не отправлял; меньше 100 тыс ₸ — признаков роли нет",3,False,False,1.0,0.0,5000.0,0.0,1.0,0.0,0.0,1,0,410.36756257808946,7.421532871136566e-06,0,0.0,0.00037966794761907477,,True,0,1,0.0046,0.0024,0.0367,0.03,0.0148,1.0,0.0885
100000004689658100,peripheral,R8c,0.5,6,0.3227,"вход 1 / выход 1, оборот 463 тыс ₸ — признаков роли нет",3,False,False,1.0,1.0,456100.0,7092.0,1.0,1.0,0.015549221661916246,7,0,762.2465173699934,1.3785294210465987e-05,0,1.9549530448494444e-05,0.0003880032833755113,0.0,False,0,1,0.0063,0.1276,0.081,0.03,0.0543,1.0,0.2992
100000003486970100,terminal,R6,0.535,5,0.2992,"конечный получатель в выборке: получил 150 тыс ₸ от 1 плательщика, исходящих от 5 000 ₸ в банке не наблюдается",3,False,False,1.0,0.0,150000.0,0.0,1.0,0.0,0.0,7,0,179.30430622505233,3.242733890138647e-06,0,0.0,0.00029172935344083683,,True,0,1,0.003,0.0976,0.0367,0.09,0.0543,1.0,0.2816
100000004659919100,peripheral,R8c,0.5,53,0.3581,"вход 1 / выход 1, оборот 149 тыс ₸ — признаков роли нет",3,False,False,1.0,1.0,110000.0,39000.0,2.0,1.0,0.35454545454545455,10,0,4782.608695652174,8.64938920161652e-05,1,2.4588069223879608e-05,0.0007280456790409198,0.0,True,0,1,0.0157,0.0971,0.0867,0.03,0.0961,1.0,0.3256
100000006111439100,transit,R4,0.65,5,0.342,пропускает дальше 117% полученного (21 тыс ₸ → 24 тыс ₸); 0% ушло за ≤2 дн. — признаки транзита,3,False,False,3.0,4.0,20570.0,24000.0,3.0,4.0,1.166747690811862,7,0,49.71758959686141,8.991469090507621e-07,0,1.7856403520812582e-05,0.00036710796962674763,0.0,True,1,1,0.0016,0.0587,0.079,0.12,0.0543,1.0,0.3136
100000002521039100,terminal,R6,0.609,1,0.3304,"конечный получатель в выборке: получил 349 тыс ₸ от 1 плательщика, исходящих от 5 000 ₸ в банке не наблюдается",3,False,False,1.0,0.0,349370.0,0.0,1.0,0.0,0.0,7,0,295.7216445496038,5.348151525289755e-06,0,0.0,0.00030660765596611083,,True,0,1,0.0039,0.12,0.0367,0.09,0.0543,1.0,0.3049
100000008493007100,transit,R4,0.85,2,0.2957,пропускает дальше 100% полученного (26 тыс ₸ → 26 тыс ₸); 100% ушло за ≤2 дн. — признаки транзита,3,False,False,1.0,1.0,26150.0,26150.0,1.0,1.0,1.0,1,0,17.376875881696545,3.1426230363695115e-07,0,1.4107908571078464e-06,0.00029094709073325446,1.0,True,0,1,0.0009,0.0669,0.0764,0.12,0.0148,1.0,0.279
100000007793871100,peripheral,R8a,0.5,8,0.1837,"разовый входящий 26 тыс ₸ от 1 плательщика, дальше не отправлял; меньше 100 тыс ₸ — признаков роли нет",3,False,False,1.0,0.0,26000.0,0.0,3.0,0.0,0.0,8,0,323.7234571045298,5.854566727851586e-06,1,0.0,0.0006901649764622732,,True,0,1,0.0041,0.0407,0.0367,0.03,0.0839,1.0,0.1954
100000001650895100,peripheral,R8c,0.5,8,0.3371,"вход 1 / выход 1, оборот 164 тыс ₸ — признаков роли нет",3,False,False,1.0,1.0,153500.0,10000.0,1.0,1.0,0.06514657980456026,9,0,123.69875590170545,2.237102701967364e-06,0,2.2371112162710136e-05,0.000310654062987847,0.0,False,0,1,0.0025,0.1006,0.0859,0.03,0.0909,1.0,0.3099
100000002567887100,peripheral,R8a,0.5,5,0.1745,"разовый входящий 51 тыс ₸ от 1 плательщика, дальше не отправлял; меньше 100 тыс ₸ — признаков роли нет",3,False,False,1.0,0.0,50915.0,0.0,1.0,0.0,0.0,7,0,60.86185834299027,1.1006919734427281e-06,0,0.0,0.0002885054559972419,,True,0,1,0.0018,0.0657,0.0367,0.03,0.0543,1.0,0.1885
100000008055972100,peripheral,R8a,0.5,2,0.091,"разовый входящий 28 тыс ₸ от 1 плательщика, дальше не отправлял; меньше 100 тыс ₸ — признаков роли нет",3,False,False,1.0,0.0,28300.0,0.0,1.0,0.0,0.0,1,0,18.805567397782493,3.4010031330499873e-07,0,0.0,0.0002912840397246483,,True,0,1,0.001,0.0437,0.0367,0.03,0.0148,1.0,0.1262
100000008684452100,peripheral,R8a,0.5,2,0.1218,"разовый входящий 52 тыс ₸ от 1 плательщика, дальше не отправлял; меньше 100 тыс ₸ — признаков роли нет",3,False,False,1.0,0.0,51800.0,0.0,1.0,0.0,0.0,1,0,34.42149792244287,6.225157678162168e-07,0,0.0,0.0002949669705608138,,True,0,1,0.0013,0.0664,0.0367,0.03,0.0148,1.0,0.1492
100000000764836100,peripheral,R8c,0.5,6,0.3222,"вход 1 / выход 2, оборот 302 тыс ₸ — признаков роли нет",3,False,False,1.0,2.0,251716.0,50000.0,1.0,2.0,0.1986365586613485,7,0,1674.2899080253596,3.0279677833595584e-05,0,3.909906089698889e-05,0.00033826827405659157,0.5,True,0,1,0.0093,0.1173,0.0879,0.03,0.0543,1.0,0.2988
100000003072676100,peripheral,R8a,0.5,17,0.1525,"разовый входящий 32 тыс ₸ от 1 плательщика, дальше не отправлял; меньше 100 тыс ₸ — признаков роли нет",3,False,False,1.0,0.0,31545.0,0.0,1.0,0.0,0.0,7,0,118.60380624057078,2.144960096569059e-06,0,0.0,0.00029450000593149597,,True,0,1,0.0025,0.0486,0.0367,0.03,0.0543,1.0,0.1721
100000008757369100,peripheral,R8b,0.4,1,0.254,отдаёт 225% от полученного в выборке (26 тыс ₸ → 58 тыс ₸): входящие извне не видны — признаков роли по данным недостаточно,3,False,False,1.0,1.0,25961.0,58398.0,1.0,3.0,2.249451099726513,7,0,125.9098271433375,2.277090116657516e-06,0,1.9549530448494444e-05,0.00028916048867663844,0.4445528956471112,True,0,1,0.0025,0.0801,0.081,0.03,0.0543,1.0,0.2479
100000007618425100,peripheral,R8a,0.5,17,0.1612,"разовый входящий 39 тыс ₸ от 1 плательщика, дальше не отправлял; меньше 100 тыс ₸ — признаков роли нет",3,False,False,1.0,0.0,39348.0,0.0,1.0,0.0,0.0,7,0,147.94175203531395,2.6755393843651713e-06,0,0.0,0.0002963926026810714,,True,0,1,0.0028,0.0548,0.0367,0.03,0.0543,1.0,0.1786
100000004671609100,terminal,R6,0.5,13,0.3357,"конечный получатель в выборке: получил 100 тыс ₸ от 1 плательщика, исходящих от 5 000 ₸ в банке не наблюдается",3,False,False,1.0,0.0,100000.0,0.0,1.0,0.0,0.0,9,0,357.36761301053656,6.463024198050777e-06,0,0.0,0.00030158363806341424,,True,0,1,0.0043,0.087,0.0367,0.09,0.0909,1.0,0.3089
100000004676985100,transit,R4,0.65,1,0.3601,пропускает дальше 84% полученного (32 тыс ₸ → 27 тыс ₸); 0% ушло за ≤2 дн. — признаки транзита,3,False,False,1.0,1.0,32260.0,27102.0,1.0,1.0,0.8401115933044018,7,0,27.306237665426966,4.938356705093382e-07,0,1.9549530448494444e-05,0.0002886733320521506,0.0,True,0,1,0.0012,0.0706,0.081,0.12,0.0543,1.0,0.3271
100000002531406100,peripheral,R4x,0.4,6,0.2797,"вход 520 тыс ₸ → выход 500 тыс ₸, но все исходящие раньше первого входящего — временная последовательность не подтверждает транзит наблюдаемых поступлений",3,False,False,1.0,1.0,520000.0,500000.0,1.0,1.0,0.9615384615384616,1,0,1121.4835229819323,2.02821265354389e-05,0,8.061662040616265e-07,0.00032403943463129876,0.0,False,0,1,0.0076,0.1395,0.0752,0.03,0.0148,1.0,0.2671
100000002877262100,terminal,R6,0.5,7,0.3227,"конечный получатель в выборке: получил 100 тыс ₸ от 1 плательщика, исходящих от 5 000 ₸ в банке не наблюдается",3,False,False,1.0,0.0,100000.0,0.0,1.0,0.0,0.0,8,0,52.18969528553998,9.438551542984855e-07,0,0.0,0.0003012587904965518,,True,0,1,0.0016,0.087,0.0367,0.09,0.0839,1.0,0.2992
100000007591246100,peripheral,R8b,0.4,28,0.2667,отдаёт 984% от полученного в выборке (12 тыс ₸ → 120 тыс ₸): входящие извне не видны — признаков роли по данным недостаточно,3,False,False,1.0,1.0,12190.0,120000.0,1.0,1.0,9.844134536505333,7,0,195.9162474356609,3.5431622840725833e-06,0,1.041298013579601e-06,0.0002992235699210814,0.0,False,0,1,0.0032,0.0942,0.0757,0.03,0.0543,1.0,0.2574
100000008712184100,peripheral,R8a,0.5,2,0.0691,"разовый входящий 18 тыс ₸ от 1 плательщика, дальше не отправлял; меньше 100 тыс ₸ — признаков роли нет",3,False,False,1.0,0.0,18000.0,0.0,1.0,0.0,0.0,1,0,11.961138274207945,2.1631822047667763e-07,0,0.0,0.00028966981897518004,,True,0,1,0.0008,0.0275,0.0367,0.03,0.0148,1.0,0.1098
100000002975437100,peripheral,R8c,0.5,32,0.2745,"вход 1 / выход 1, оборот 538 тыс ₸ — признаков роли нет",3,False,False,1.0,1.0,530000.0,8500.0,2.0,1.0,0.016037735849056604,7,0,2436.6242715496537,4.406656074936188e-05,1,0.0,0.0005231861218705436,0.0,False,1,1,0.0112,0.131,0.0367,0.03,0.0543,1.0,0.2632
100000005008589100,peripheral,R8a,0.5,1,0.163,"разовый входящий 43 тыс ₸ от 1 плательщика, дальше не отправлял; меньше 100 тыс ₸ — признаков роли нет",3,False,False,1.0,0.0,42806.68,0.0,1.0,0.0,0.0,7,0,33.51090748532849,6.060476609835745e-07,0,0.0,0.00030444565896636474,,True,0,1,0.0013,0.0576,0.0367,0.03,0.0543,1.0,0.1799
100000000782285100,peripheral,R8a,0.5,25,0.0955,"разовый входящий 6 тыс ₸ от 1 плательщика, дальше не отправлял; меньше 100 тыс ₸ — признаков роли нет",3,False,False,1.0,0.0,6151.0,0.0,1.0,0.0,0.0,7,0,131.62826092813572,2.380508486371428e-06,0,0.0,0.00032135669012929347,,True,0,1,0.0026,0.0059,0.0367,0.03,0.0543,1.0,0.1295
100000005198498100,peripheral,R8a,0.5,2,0.0918,"разовый входящий 29 тыс ₸ от 1 плательщика, дальше не отправлял; меньше 100 тыс ₸ — признаков роли нет",3,False,False,1.0,0.0,28800.0,0.0,1.0,0.0,0.0,1,0,19.137821238732712,3.461091527626842e-07,0,0.0,0.00029136239995520506,,True,0,1,0.001,0.0443,0.0367,0.03,0.0148,1.0,0.1268
100000008517538100,distributor,R2,0.624,7,0.6609,"рассылает 1,4 млн ₸ 17 получателям (18 переводов), плательщиков 3 — признаки веерной раздачи",3,False,False,3.0,17.0,155500.0,1439000.0,6.0,18.0,9.254019292604502,8,0,211.6878442518409,3.828392976933009e-06,1,0.0002500165614861394,0.0003083882519562974,0.10736622654621265,True,0,1,0.0033,0.1435,0.096,0.225,0.0839,1.0,0.5517
100000005756535100,peripheral,R8a,0.5,2,0.0779,"разовый входящий 20 тыс ₸ от 1 плательщика, дальше не отправлял; меньше 100 тыс ₸ — признаков роли нет",3,False,False,1.0,0.0,20000.0,0.0,1.0,0.0,0.0,1,0,343.70020727351647,6.215847982895727e-06,0,0.0,0.0005439649108890939,,True,0,1,0.0042,0.0307,0.0367,0.03,0.0148,1.0,0.1164
100000004917367100,terminal,R6,0.516,5,0.2939,"конечный получатель в выборке: получил 120 тыс ₸ от 2 плательщиков, исходящих от 5 000 ₸ в банке не наблюдается",3,False,False,2.0,0.0,120000.0,0.0,2.0,0.0,0.0,7,0,362.14456862443694,6.549415853594399e-06,0,0.0,0.0002953405651424841,,True,0,1,0.0043,0.0924,0.0367,0.09,0.0543,1.0,0.2777
100000001222263100,transit,R4,0.65,5,0.4615,пропускает дальше 56% полученного (746 тыс ₸ → 420 тыс ₸); 71% ушло за ≤2 дн. — признаки транзита,3,False,False,1.0,1.0,745570.0,420000.0,1.0,5.0,0.5633273870998028,7,0,891.2260772814151,1.6117900709804472e-05,0,1.9549530448494444e-05,0.00031110722698861684,0.7142857142857143,True,0,1,0.0068,0.1407,0.081,0.12,0.0543,1.0,0.4028
100000001149815100,peripheral,R8a,0.5,2,0.053,"разовый входящий 12 тыс ₸ от 1 плательщика, дальше не отправлял; меньше 100 тыс ₸ — признаков роли нет",3,False,False,1.0,0.0,12000.0,0.0,1.0,0.0,0.0,1,0,7.974092182805297,1.4421214698445176e-07,0,0.0,0.00028872949620849947,,True,0,1,0.0006,0.0157,0.0367,0.03,0.0148,1.0,0.0978
100000006020215100,transit,R4,0.65,14,0.3803,пропускает дальше 113% полученного (30 тыс ₸ → 34 тыс ₸); 0% ушло за ≤2 дн. — признаки транзита,3,False,False,1.0,2.0,30000.0,33800.0,1.0,2.0,1.1266666666666667,7,0,324.1760807371839,5.8627524654057235e-06,0,6.159264830993148e-05,0.00029799963991045987,0.0,True,0,1,0.0041,0.0725,0.0913,0.12,0.0543,1.0,0.3422
100000000673868100,transit,R4,0.65,31,0.4889,"пропускает дальше 19% полученного (2,0 млн ₸ → 383 тыс ₸); 76% ушло за ≤2 дн. — признаки транзита",3,False,False,1.0,5.0,2030650.0,383000.0,5.0,19.0,0.18860955851574618,7,0,3350.610248543156,6.059607621447462e-05,1,4.171910106018917e-05,0.0011776794935193077,0.762402088772846,True,1,1,0.0131,0.1465,0.0894,0.12,0.0543,1.0,0.4233
100000008749900100,peripheral,R8a,0.5,2,0.0664,"разовый входящий 17 тыс ₸ от 1 плательщика, дальше не отправлял; меньше 100 тыс ₸ — признаков роли нет",3,False,False,1.0,0.0,17150.0,0.0,1.0,0.0,0.0,1,0,11.39630674459257,2.061031933986123e-07,0,0.0,0.00028953660658323363,,True,0,1,0.0008,0.0255,0.0367,0.03,0.0148,1.0,0.1078
100000002862113100,peripheral,R8a,0.5,15,0.1688,"разовый входящий 47 тыс ₸ от 1 плательщика, дальше не отправлял; меньше 100 тыс ₸ — признаков роли нет",3,False,False,1.0,0.0,47405.0,0.0,2.0,0.0,0.0,7,0,52.41441819211997,9.479192875053184e-07,1,0.0,0.00030031450730884477,,True,0,1,0.0016,0.0617,0.0367,0.03,0.0543,1.0,0.1843
100000001066017100,peripheral,R8c,0.5,1,0.3112,"вход 2 / выход 4, оборот 219 тыс ₸ — признаков роли нет",3,False,False,2.0,4.0,136123.0,82500.0,3.0,4.0,0.6060695106631503,7,0,556.6832825307187,1.006766532461433e-05,1,7.819812179397777e-05,0.00030258114062118436,0.18787878787878787,True,0,1,0.0054,0.1088,0.0921,0.03,0.0543,1.0,0.2906
100000008436257100,terminal,R6,0.5,17,0.2381,"конечный получатель в выборке: получил 35 тыс ₸ от 2 плательщиков, исходящих от 5 000 ₸ в банке не наблюдается",3,False,False,2.0,0.0,35000.0,0.0,2.0,0.0,0.0,7,0,235.81561284115256,4.264745759223588e-06,0,0.0,0.00029589662387434994,,True,0,2,0.0035,0.0515,0.0367,0.09,0.0543,1.0,0.236
100000003016438100,peripheral,R8b,0.4,7,0.3701,отдаёт 150% от полученного в выборке (200 тыс ₸ → 300 тыс ₸): входящие извне не видны — признаков роли по данным недостаточно,3,False,False,1.0,1.0,200000.0,300000.0,1.0,3.0,1.5,8,0,627.373545614026,1.1346104848065273e-05,0,2.1766487509663916e-05,0.00031809979246530477,0.6666666666666666,True,0,1,0.0057,0.1296,0.0854,0.03,0.0839,1.0,0.3346
100000002534091100,peripheral,R8a,0.5,6,0.135,"разовый входящий 22 тыс ₸ от 1 плательщика, дальше не отправлял; меньше 100 тыс ₸ — признаков роли нет",3,False,False,1.0,0.0,22200.0,0.0,1.0,0.0,0.0,7,0,241.26331308397863,4.363267889409107e-06,0,0.0,0.00029769131307630804,,True,0,1,0.0035,0.0345,0.0367,0.03,0.0543,1.0,0.159
100000006882208100,peripheral,R8a,0.5,4,0.1599,"разовый входящий 18 тыс ₸ от 1 плательщика, дальше не отправлял; меньше 100 тыс ₸ — признаков роли нет",3,False,False,1.0,0.0,18000.0,0.0,1.0,0.0,0.0,7,0,16419.20876276626,0.00029694281094094815,0,0.0,0.000643013810976122,,True,0,1,0.0291,0.0275,0.0367,0.03,0.0543,1.0,0.1776
100000005362848100,peripheral,R8a,0.5,8,0.1484,"разовый входящий 29 тыс ₸ от 1 плательщика, дальше не отправлял; меньше 100 тыс ₸ — признаков роли нет",3,False,False,1.0,0.0,29000.0,0.0,1.0,0.0,0.0,7,0,223.7675760082161,4.046855970794497e-06,0,0.0,0.0002976990018842836,,True,0,1,0.0034,0.0446,0.0367,0.03,0.0543,1.0,0.169
100000001073568100,transit,R4,0.65,15,0.4576,пропускает дальше 31% полученного (707 тыс ₸ → 220 тыс ₸); 85% ушло за ≤2 дн. — признаки транзита,3,False,False,1.0,2.0,707465.0,219503.0,4.0,3.0,0.31026693900051594,7,0,782.2247941417182,1.4146603074252718e-05,1,1.9549530448494444e-05,0.00048780825939500087,0.8518334601349412,True,0,1,0.0063,0.1383,0.081,0.12,0.0543,1.0,0.3999
100000008687733100,peripheral,R8a,0.5,2,0.0585,"разовый входящий 15 тыс ₸ от 1 плательщика, дальше не отправлял; меньше 100 тыс ₸ — признаков роли нет",3,False,False,1.0,0.0,14650.0,0.0,1.0,0.0,0.0,1,0,9.735037539841468,1.7605899611018487e-07,0,0.0,0.00028914480543045006,,True,0,1,0.0007,0.0197,0.0367,0.03,0.0148,1.0,0.1019
100000007229557100,consolidator,R3,0.55,18,0.6349,"получает 878 тыс ₸ от 3 плательщиков, отдаёт дальше 0% полученного — признаки консолидации",3,False,False,3.0,0.0,878000.0,0.0,3.0,0.0,0.0,9,0,2933.708094365312,5.305636468893282e-05,0,0.0,0.00039594913284260246,,True,0,3,0.0123,0.1374,0.0367,0.255,0.0909,1.0,0.5323
100000001052789100,peripheral,R8a,0.5,19,0.1924,"разовый входящий 71 тыс ₸ от 1 плательщика, дальше не отправлял; меньше 100 тыс ₸ — признаков роли нет",3,False,False,1.0,0.0,70975.0,0.0,1.0,0.0,0.0,7,0,526.5050555866942,9.521889479538668e-06,0,0.0,0.0002990371668248572,,True,0,1,0.0052,0.0757,0.0367,0.03,0.0543,1.0,0.2019
100000006967370100,transit,R4,0.65,17,0.3484,пропускает дальше 41% полученного (33 тыс ₸ → 14 тыс ₸); 100% ушло за ≤2 дн. — признаки транзита,3,False,False,1.0,1.0,33225.0,13526.27,1.0,1.0,0.40711121143717083,7,0,124.92031898376808,2.2591947759869074e-06,0,1.9549530448494444e-05,0.0002949074854315968,1.0,True,0,1,0.0025,0.0606,0.081,0.12,0.0543,1.0,0.3184
100000001837130100,terminal,R6,0.548,1,0.3108,"конечный получатель в выборке: получил 173 тыс ₸ от 1 плательщика, исходящих от 5 000 ₸ в банке не наблюдается",3,False,False,1.0,0.0,172900.0,0.0,1.0,0.0,0.0,7,0,838.5581877848717,1.5165397371830227e-05,0,0.0,0.0003022443366140224,,True,0,1,0.0066,0.1027,0.0367,0.09,0.0543,1.0,0.2903
100000005820746100,peripheral,R8c,0.5,24,0.3012,"вход 1 / выход 1, оборот 2,0 млн ₸ — признаков роли нет",3,False,False,1.0,1.0,1989000.0,60000.0,2.0,1.0,0.030165912518853696,1,0,60426.90615887848,0.0010928258255642784,1,0.0,0.0009937260662196783,0.0,True,1,1,0.0558,0.1458,0.0367,0.03,0.0148,1.0,0.2831
100000002883402100,consolidator,R3,0.55,7,0.6025,"получает 300 тыс ₸ от 3 плательщиков, отдаёт дальше 0% полученного — признаки консолидации",3,False,False,3.0,0.0,300000.0,0.0,3.0,0.0,0.0,10,0,235.05355029001734,4.250963792058394e-06,0,0.0,0.0003020000110167491,,True,0,1,0.0035,0.1168,0.0367,0.255,0.0961,1.0,0.5081
100000008582730100,transit,R4,0.85,19,0.2235,пропускает дальше 100% полученного (5 тыс ₸ → 5 тыс ₸); 100% ушло за ≤2 дн. — признаки транзита,3,False,False,1.0,1.0,5000.0,5000.0,1.0,1.0,1.0,7,0,105.78377194400825,1.9131086672228816e-06,0,0.0,0.0008966241150209633,1.0,True,1,1,0.0023,0.0118,0.0367,0.12,0.0543,1.0,0.2251
100000003116106100,terminal,R6,0.639,5,0.3446,"конечный получатель в выборке: получил 494 тыс ₸ от 1 плательщика, исходящих от 5 000 ₸ в банке не наблюдается",3,False,False,1.0,0.0,494050.0,0.0,2.0,0.0,0.0,7,0,590.5686166032474,1.068048452281999e-05,1,0.0,0.00030292359995109377,,True,0,1,0.0055,0.129,0.0367,0.09,0.0543,1.0,0.3155
100000001818442100,peripheral,R8a,0.5,8,0.1662,"разовый входящий 42 тыс ₸ от 1 плательщика, дальше не отправлял; меньше 100 тыс ₸ — признаков роли нет",3,False,False,1.0,0.0,42215.0,0.0,1.0,0.0,0.0,7,0,325.73614555816704,5.890966372658266e-06,0,0.0,0.0003026433035473476,,True,0,1,0.0041,0.0572,0.0367,0.03,0.0543,1.0,0.1823
100000008690762100,peripheral,R8a,0.5,2,0.0892,"разовый входящий 27 тыс ₸ от 1 плательщика, дальше не отправлял; меньше 100 тыс ₸ — признаков роли нет",3,False,False,1.0,0.0,26750.0,0.0,1.0,0.0,0.0,1,0,17.77558049083681,3.2147291098617373e-07,0,0.0,0.00029104112300992253,,True,0,1,0.001,0.0423,0.0367,0.03,0.0148,1.0,0.1248
100000008712991100,peripheral,R8a,0.5,2,0.1319,"разовый входящий 66 тыс ₸ от 1 плательщика, дальше не отправлял; меньше 100 тыс ₸ — признаков роли нет",3,False,False,1.0,0.0,66100.0,0.0,1.0,0.0,0.0,1,0,43.92395777361918,7.943685763060218e-07,0,0.0,0.00029720807315473583,,True,0,1,0.0015,0.0737,0.0367,0.03,0.0148,1.0,0.1567
100000003292191100,terminal,R6,0.51,18,0.3269,"конечный получатель в выборке: получил 112 тыс ₸ от 1 плательщика, исходящих от 5 000 ₸ в банке не наблюдается",3,False,False,1.0,0.0,112000.0,0.0,1.0,0.0,0.0,8,0,26.071712914888945,4.7150918359407155e-07,0,0.0,0.0003009679214849633,,True,0,1,0.0012,0.0905,0.0367,0.09,0.0839,1.0,0.3023
100000005367284100,peripheral,R8b,0.4,1,0.2531,отдаёт 353% от полученного в выборке (14 тыс ₸ → 48 тыс ₸): входящие извне не видны — признаков роли по данным недостаточно,3,False,False,1.0,2.0,13700.0,48300.0,1.0,5.0,3.5255474452554743,7,0,166.1867296649654,3.0055013832155143e-06,0,3.909906089698889e-05,0.00029043691215560125,0.2836438923395445,True,0,1,0.0029,0.0721,0.0879,0.03,0.0543,1.0,0.2472
100000003216073100,peripheral,R8b,0.4,6,0.2047,отдаёт 189% от полученного в выборке (37 тыс ₸ → 70 тыс ₸): входящие извне не видны — признаков роли по данным недостаточно,3,False,False,1.0,1.0,37001.0,70000.0,1.0,1.0,1.891840761060512,1,0,79.80002275741245,1.4431903152649512e-06,0,8.061662040616265e-07,0.00028949517528468045,0.0,True,0,1,0.002,0.0891,0.0752,0.03,0.0148,1.0,0.2111
100000006169033100,peripheral,R8b,0.4,42,0.3522,"отдаёт 2327% от полученного в выборке (49 тыс ₸ → 1,1 млн ₸): входящие извне не видны — признаков роли по данным недостаточно",3,False,False,1.0,3.0,49000.0,1140271.0,1.0,10.0,23.270836734693876,7,0,1005.1578513084653,1.8178366699602962e-05,0,3.9905227101050515e-05,0.00041986643931873685,0.0,True,1,1,0.0072,0.1409,0.0888,0.03,0.0543,1.0,0.3212
100000004407753100,transit,R4,0.65,29,0.3815,пропускает дальше 40% полученного (250 тыс ₸ → 100 тыс ₸); 100% ушло за ≤2 дн. — признаки транзита,3,False,False,1.0,1.0,250000.0,100000.0,4.0,1.0,0.4,7,0,2760.200671256359,4.991846793145151e-05,1,0.0,0.0008825427222420808,1.0,True,1,1,0.0119,0.1202,0.0367,0.12,0.0543,1.0,0.3431
100000004420041100,peripheral,R8b,0.4,12,0.3492,отдаёт 936% от полученного в выборке (70 тыс ₸ → 652 тыс ₸): входящие извне не видны — признаков роли по данным недостаточно,3,False,False,1.0,7.0,69638.0,651830.0,1.0,11.0,9.360263074758034,7,0,463.1974154009677,8.376965329879425e-06,0,0.00015689125083324134,0.0003010741911598022,0.0,False,0,1,0.0049,0.1349,0.0949,0.03,0.0543,1.0,0.319
100000004715209100,peripheral,R8b,0.4,28,0.3218,отдаёт 7009% от полученного в выборке (5 тыс ₸ → 350 тыс ₸): входящие извне не видны — признаков роли по данным недостаточно,3,False,False,1.0,5.0,5000.0,350450.0,1.0,17.0,70.09,7,0,17.061380192304718,3.085565367999883e-07,0,7.90042879980394e-05,0.000288831871212872,0.014267370523612499,True,1,1,0.0009,0.121,0.0923,0.03,0.0543,1.0,0.2985
100000004580254100,terminal,R6,0.5,17,0.2256,"конечный получатель в выборке: получил 28 тыс ₸ от 2 плательщиков, исходящих от 5 000 ₸ в банке не наблюдается",3,False,False,2.0,0.0,27940.0,0.0,2.0,0.0,0.0,7,0,115.63628464855262,2.0912922118497854e-06,0,0.0,0.0003136701491016305,,True,0,1,0.0024,0.0433,0.0367,0.09,0.0543,1.0,0.2267
100000001056414100,terminal,R6,0.58,13,0.2828,"конечный получатель в выборке: получил 250 тыс ₸ от 1 плательщика, исходящих от 5 000 ₸ в банке не наблюдается",3,False,False,1.0,0.0,250000.0,0.0,1.0,0.0,0.0,2,0,80.1860829940488,1.4501722480435445e-06,0,0.0,0.00029880622288853465,,True,0,1,0.002,0.1126,0.0367,0.09,0.0281,1.0,0.2694
100000008686494100,peripheral,R8a,0.5,2,0.0629,"разовый входящий 16 тыс ₸ от 1 плательщика, дальше не отправлял; меньше 100 тыс ₸ — признаков роли нет",3,False,False,1.0,0.0,15700.0,0.0,1.0,0.0,0.0,1,0,10.43277060583693,1.886775589713244e-07,0,0.0,0.00028930936191461917,,True,0,1,0.0007,0.023,0.0367,0.03,0.0148,1.0,0.1052
100000002822472100,terminal,R6,0.585,13,0.3601,"конечный получатель в выборке: получил 267 тыс ₸ от 2 плательщиков, исходящих от 5 000 ₸ в банке не наблюдается",3,False,False,2.0,0.0,266722.0,0.0,2.0,0.0,0.0,8,0,132.17981409555864,2.3904833731204993e-06,0,0.0,0.00031363951333356435,,True,0,1,0.0026,0.1139,0.0367,0.09,0.0839,1.0,0.3271
100000001831496100,peripheral,R8b,0.4,11,0.3053,отдаёт 1492% от полученного в выборке (25 тыс ₸ → 373 тыс ₸): входящие извне не видны — признаков роли по данным недостаточно,3,False,False,1.0,1.0,25000.0,373000.0,1.0,1.0,14.92,7,0,27.641819529648753,4.999046975558055e-07,0,1.8810544761437954e-06,0.0002939502411580549,0.0,True,0,1,0.0012,0.1235,0.0772,0.03,0.0543,1.0,0.2862
100000008732488100,transit,R4,0.65,6,0.4028,пропускает дальше 7% полученного (137 тыс ₸ → 10 тыс ₸); 100% ушло за ≤2 дн. — признаки транзита,3,False,False,1.0,1.0,137000.0,10000.0,1.0,1.0,0.072992700729927,7,0,911.2560083565378,1.6480143746136896e-05,0,1.9549530448494444e-05,0.0003148346005013675,1.0,True,0,1,0.0069,0.0968,0.081,0.12,0.0543,1.0,0.359
100000004007197100,peripheral,R8a,0.5,23,0.0513,"разовый входящий 10 тыс ₸ от 1 плательщика, дальше не отправлял; меньше 100 тыс ₸ — признаков роли нет",3,False,False,1.0,0.0,10048.0,0.0,1.0,0.0,0.0,1,0,23.68368133778384,4.283214259276134e-07,0,0.0,0.0002889770557156798,,True,0,1,0.0011,0.0139,0.0367,0.03,0.0148,1.0,0.0965
100000002815005100,terminal,R6,0.636,7,0.3827,"конечный получатель в выборке: получил 476 тыс ₸ от 1 плательщика, исходящих от 5 000 ₸ в банке не наблюдается",3,False,False,1.0,0.0,476500.0,0.0,1.0,0.0,0.0,8,0,535.7107462541519,9.688375191666685e-06,0,0.0,0.0003204370897417662,,True,0,1,0.0053,0.1281,0.0367,0.09,0.0839,1.0,0.344
100000005756189100,transit,R4,0.65,5,0.3886,пропускает дальше 75% полученного (65 тыс ₸ → 49 тыс ₸); 100% ушло за ≤2 дн. — признаки транзита,3,False,False,1.0,1.0,65000.0,49050.0,1.0,1.0,0.7546153846153846,7,0,77.69853269752268,1.405184685726747e-06,0,1.9549530448494444e-05,0.00028896373520694105,1.0,True,0,1,0.002,0.0911,0.081,0.12,0.0543,1.0,0.3484
100000004877085100,peripheral,R8b,0.4,14,0.2852,отдаёт 382% от полученного в выборке (25 тыс ₸ → 96 тыс ₸): входящие извне не видны — признаков роли по данным недостаточно,3,False,False,1.0,3.0,25000.0,95600.0,1.0,9.0,3.824,7,0,270.1467339476532,4.885627054504769e-06,0,5.864859134548333e-05,0.0002961411750379063,0.2615062761506276,True,0,1,0.0037,0.0926,0.0906,0.03,0.0543,1.0,0.2712
100000002713074100,peripheral,R8c,0.5,17,0.346,"вход 2 / выход 1, оборот 1,1 млн ₸ — признаков роли нет",3,False,False,2.0,1.0,700000.0,430000.0,2.0,2.0,0.6142857142857143,7,0,2306.6297876740277,4.171559926232718e-05,0,1.9549530448494444e-05,0.00043550713978465777,0.0,True,0,2,0.0109,0.1404,0.081,0.03,0.0543,1.0,0.3166
100000002356167100,peripheral,R8c,0.5,5,0.3175,"вход 1 / выход 2, оборот 330 тыс ₸ — признаков роли нет",3,False,False,1.0,2.0,300000.0,29500.0,1.0,3.0,0.09833333333333333,7,0,358.60861245010466,6.485467780277294e-06,0,3.909906089698889e-05,0.00029660985620653523,0.1864406779661017,True,0,1,0.0043,0.1188,0.0879,0.03,0.0543,1.0,0.2953
100000004140487100,distributor,R2,0.6,3,0.5831,"рассылает 263 тыс ₸ 10 получателям (19 переводов), плательщиков 1 — признаки веерной раздачи",3,False,False,1.0,10.0,24510.0,262600.0,1.0,19.0,10.713994288045695,7,0,60.26584795238396,1.0899130739662814e-06,0,0.00033094476336895963,0.000290722606610002,0.09333587204874333,True,0,1,0.0018,0.1157,0.0968,0.225,0.0543,1.0,0.4936
100000003147719100,terminal,R6,0.5,7,0.3333,"конечный получатель в выборке: получил 100 тыс ₸ от 1 плательщика, исходящих от 5 000 ₸ в банке не наблюдается",3,False,False,1.0,0.0,100000.0,0.0,1.0,0.0,0.0,9,0,126.07416858070673,2.280062245769922e-06,0,0.0,0.00029202258756113307,,True,0,1,0.0025,0.087,0.0367,0.09,0.0909,1.0,0.3071
100000008745884100,peripheral,R8a,0.5,2,0.0734,"разовый входящий 20 тыс ₸ от 1 плательщика, дальше не отправлял; меньше 100 тыс ₸ — признаков роли нет",3,False,False,1.0,0.0,20000.0,0.0,1.0,0.0,0.0,1,0,13.290153638008828,2.4035357830741956e-07,0,0.0,0.0002899832598974069,,True,0,1,0.0008,0.0307,0.0367,0.03,0.0148,1.0,0.113
100000002559089100,terminal,R6,0.671,13,0.4095,"конечный получатель в выборке: получил 715 тыс ₸ от 2 плательщиков, исходящих от 5 000 ₸ в банке не наблюдается",3,False,False,2.0,0.0,715000.0,0.0,2.0,0.0,0.0,9,0,2675.946340005882,4.839472106173626e-05,0,0.0,0.0003941569671310518,,True,0,2,0.0117,0.1347,0.0367,0.09,0.0909,1.0,0.364
100000004984689100,peripheral,R8a,0.5,6,0.1802,"разовый входящий 53 тыс ₸ от 1 плательщика, дальше не отправлял; меньше 100 тыс ₸ — признаков роли нет",3,False,False,1.0,0.0,53030.0,0.0,1.0,0.0,0.0,7,0,352.72924177479706,6.3791388529754715e-06,0,0.0,0.000297681582888897,,True,0,1,0.0043,0.0675,0.0367,0.03,0.0543,1.0,0.1928
100000004340038100,peripheral,R8b,0.4,14,0.241,отдаёт 491% от полученного в выборке (10 тыс ₸ → 49 тыс ₸): входящие извне не видны — признаков роли по данным недостаточно,3,False,False,1.0,1.0,9978.0,49000.0,1.0,1.0,4.910803768290238,7,0,107.82096445318736,1.9499514699939436e-06,0,1.9549530448494444e-05,0.0002905576031748063,0.0,True,0,1,0.0024,0.0705,0.081,0.03,0.0543,1.0,0.2382
100000005052998100,peripheral,R8b,0.4,1,0.2126,отдаёт 299% от полученного в выборке (10 тыс ₸ → 28 тыс ₸): входящие извне не видны — признаков роли по данным недостаточно,3,False,False,1.0,1.0,9500.0,28400.0,1.0,1.0,2.9894736842105263,7,0,8.04120452019703,1.454258794122354e-07,0,4.4075930486351165e-06,0.00028738612820401673,0.0,False,0,1,0.0006,0.054,0.0781,0.03,0.0543,1.0,0.217
100000007597382100,peripheral,R8a,0.5,5,0.1162,"разовый входящий 16 тыс ₸ от 1 плательщика, дальше не отправлял; меньше 100 тыс ₸ — признаков роли нет",3,False,False,1.0,0.0,15700.0,0.0,1.0,0.0,0.0,7,0,18.76718405155548,3.39406147167845e-07,0,0.0,0.00028735967663128144,,True,0,1,0.001,0.023,0.0367,0.03,0.0543,1.0,0.145
100000008697670100,peripheral,R8a,0.5,2,0.0863,"разовый входящий 25 тыс ₸ от 1 плательщика, дальше не отправлял; меньше 100 тыс ₸ — признаков роли нет",3,False,False,1.0,0.0,25350.0,0.0,1.0,0.0,0.0,1,0,16.845269736176192,3.0464816050465436e-07,0,0.0,0.0002908217143643637,,True,0,1,0.0009,0.0403,0.0367,0.03,0.0148,1.0,0.1227
100000008460102100,distributor,R2,0.673,8,0.5491,"рассылает 477 тыс ₸ 31 получателю (34 переводов), плательщиков 1 — признаки веерной раздачи",3,False,False,1.0,31.0,17500.0,476570.0,1.0,34.0,27.23257142857143,1,0,23.05881159263532,4.1702060252757677e-07,0,0.0009944731932270215,0.00030102883105703315,0.036720733575340454,True,0,1,0.0011,0.129,0.0983,0.225,0.0148,1.0,0.4682
100000004399686100,terminal,R6,0.681,24,0.3416,"конечный получатель в выборке: получил 806 тыс ₸ от 1 плательщика, исходящих от 5 000 ₸ в банке не наблюдается",3,False,False,1.0,0.0,806000.0,0.0,2.0,0.0,0.0,1,0,24486.7201428135,0.00044284445218944606,1,0.0,0.0005732958269088735,,True,0,1,0.0355,0.1363,0.0367,0.09,0.0148,1.0,0.3133
100000008688155100,peripheral,R8a,0.5,2,0.0807,"разовый входящий 24 тыс ₸ от 1 плательщика, дальше не отправлял; меньше 100 тыс ₸ — признаков роли нет",3,False,False,1.0,0.0,23600.0,0.0,1.0,0.0,0.0,1,0,15.682381292850417,2.836172224027551e-07,0,0.0,0.0002905474535574152,,True,0,1,0.0009,0.0361,0.0367,0.03,0.0148,1.0,0.1185
100000004386331100,peripheral,R4x,0.4,12,0.3012,"вход 20 тыс ₸ → выход 18 тыс ₸, но все исходящие раньше первого входящего — временная последовательность не подтверждает транзит наблюдаемых поступлений",3,False,False,1.0,2.0,20000.0,17500.0,1.0,2.0,0.875,9,0,11108.791595484532,0.00020090345705334745,0,2.0557238203571478e-05,0.0005148925249118901,0.0,False,1,1,0.0239,0.0536,0.0847,0.03,0.0909,1.0,0.2831
100000007999728100,peripheral,R8a,0.5,15,0.1335,"разовый входящий 23 тыс ₸ от 1 плательщика, дальше не отправлял; меньше 100 тыс ₸ — признаков роли нет",3,False,False,1.0,0.0,23250.0,0.0,1.0,0.0,0.0,7,0,25.70689216257334,4.649113687268991e-07,0,0.0,0.00029345314382425074,,True,0,1,0.0012,0.0357,0.0367,0.03,0.0543,1.0,0.1579
100000001597424100,peripheral,R8a,0.5,15,0.1697,"разовый входящий 48 тыс ₸ от 1 плательщика, дальше не отправлял; меньше 100 тыс ₸ — признаков роли нет",3,False,False,1.0,0.0,48100.0,0.0,1.0,0.0,0.0,7,0,53.182860775044205,9.618166380973699e-07,0,0.0,0.00030051192596426983,,True,0,1,0.0017,0.0622,0.0367,0.03,0.0543,1.0,0.1849
100000003677936100,peripheral,R8c,0.5,9,0.2547,"вход 1 / выход 1, оборот 84 тыс ₸ — признаков роли нет",3,False,False,1.0,1.0,71000.0,13000.0,1.0,2.0,0.18309859154929578,7,0,185.07716945440984,3.3471366210662395e-06,0,1.9549530448494444e-05,0.0003102592371929013,0.46153846153846156,True,0,1,0.0031,0.08,0.081,0.03,0.0543,1.0,0.2484
100000002943472100,terminal,R6,0.546,7,0.3439,"конечный получатель в выборке: получил 170 тыс ₸ от 1 плательщика, исходящих от 5 000 ₸ в банке не наблюдается",3,False,False,1.0,0.0,170000.0,0.0,1.0,0.0,0.0,8,0,88.72248198541797,1.6045537623074254e-06,0,0.0,0.00031134574837154115,,True,0,1,0.0021,0.1023,0.0367,0.09,0.0839,1.0,0.315
100000004892144100,peripheral,R8c,0.5,24,0.3273,"вход 2 / выход 1, оборот 4,7 млн ₸ — признаков роли нет",3,False,False,2.0,1.0,4500000.0,180300.0,7.0,1.0,0.04006666666666667,2,0,67252.52047468917,0.0012162676509664743,1,0.0,0.0028272366151119127,0.0,True,1,2,0.0589,0.1489,0.0367,0.03,0.0281,1.0,0.3026
100000008077552100,terminal,R6,0.566,6,0.3206,"конечный получатель в выборке: получил 214 тыс ₸ от 1 плательщика, исходящих от 5 000 ₸ в банке не наблюдается",3,False,False,1.0,0.0,214000.0,0.0,1.0,0.0,0.0,7,0,1423.4217940751757,2.5742706289586097e-05,0,0.0,0.00033056381755698535,,True,0,1,0.0086,0.108,0.0367,0.09,0.0543,1.0,0.2976
100000002914245100,terminal,R6,0.53,6,0.2448,"конечный получатель в выборке: получил 141 тыс ₸ от 1 плательщика, исходящих от 5 000 ₸ в банке не наблюдается",3,False,False,1.0,0.0,140611.0,0.0,1.0,0.0,0.0,1,0,303.25561471156243,5.484404027451151e-06,0,0.0,0.00029690539913794544,,True,0,1,0.004,0.0955,0.0367,0.09,0.0148,1.0,0.241
100000004906181100,peripheral,R8b,0.4,37,0.3617,"отдаёт 2473% от полученного в выборке (100 тыс ₸ → 2,5 млн ₸): входящие извне не видны — признаков роли по данным недостаточно",3,False,False,1.0,7.0,100000.0,2473417.91,1.0,33.0,24.734179100000002,7,0,119.53620415003489,2.1618225934257644e-06,0,0.0001368467131394611,0.000290102519185604,0.040429884329575345,True,0,1,0.0025,0.1471,0.0944,0.03,0.0543,1.0,0.3283
100000008514970100,transit,R4,0.65,6,0.3783,пропускает дальше 8% полученного (380 тыс ₸ → 31 тыс ₸); 100% ушло за ≤2 дн. — признаки транзита,3,False,False,1.0,1.0,379966.0,31000.0,1.0,1.0,0.0815862471905381,1,0,819.4723236410632,1.4820227867624184e-05,0,8.061662040616265e-07,0.0003140241534126123,1.0,True,0,1,0.0065,0.1242,0.0752,0.12,0.0148,1.0,0.3407
100000008258458100,peripheral,R8b,0.4,66,0.3491,"отдаёт 8200% от полученного в выборке (19 тыс ₸ → 1,6 млн ₸): входящие извне не видны — признаков роли по данным недостаточно",3,False,False,1.0,2.0,19000.0,1557988.0,1.0,4.0,81.99936842105264,7,0,198.21254265297875,3.58469098173595e-06,0,3.909906089698889e-05,0.0002925641352012668,0.012195215880995232,True,0,1,0.0032,0.1435,0.0879,0.03,0.0543,1.0,0.3189
100000003484058100,peripheral,R8c,0.5,15,0.2692,"вход 1 / выход 1, оборот 116 тыс ₸ — признаков роли нет",3,False,False,1.0,1.0,110000.0,6000.0,1.0,1.0,0.05454545454545454,7,0,121.62400593045452,2.1995806692455444e-06,0,1.9549530448494444e-05,0.0003180949687999712,0.0,True,0,1,0.0025,0.0914,0.081,0.03,0.0543,1.0,0.2592
100000003574895100,transit,R4,0.65,1,0.3484,пропускает дальше 72% полученного (28 тыс ₸ → 20 тыс ₸); 100% ушло за ≤2 дн. — признаки транзита,3,False,False,1.0,1.0,27968.0,20000.0,1.0,1.0,0.7151029748283753,7,0,23.673306107460057,4.28133788989621e-07,0,1.9549530448494444e-05,0.0002884305957201563,1.0,True,0,1,0.0011,0.062,0.081,0.12,0.0543,1.0,0.3184
100000000896111100,terminal,R6,0.592,24,0.2947,"конечный получатель в выборке: получил 287 тыс ₸ от 1 плательщика, исходящих от 5 000 ₸ в банке не наблюдается",3,False,False,1.0,0.0,287100.0,0.0,1.0,0.0,0.0,1,0,8722.254780399202,0.0001577427322873325,0,0.0,0.000388882258710753,,True,0,1,0.0212,0.1156,0.0367,0.09,0.0148,1.0,0.2783
100000008715887100,peripheral,R8a,0.5,2,0.0691,"разовый входящий 18 тыс ₸ от 1 плательщика, дальше не отправлял; меньше 100 тыс ₸ — признаков роли нет",3,False,False,1.0,0.0,18000.0,0.0,1.0,0.0,0.0,1,0,11.961138274207945,2.1631822047667763e-07,0,0.0,0.00028966981897518004,,True,0,1,0.0008,0.0275,0.0367,0.03,0.0148,1.0,0.1098
100000000560751100,peripheral,R8a,0.5,14,0.1438,"разовый входящий 25 тыс ₸ от 1 плательщика, дальше не отправлял; меньше 100 тыс ₸ — признаков роли нет",3,False,False,1.0,0.0,25000.0,0.0,1.0,0.0,0.0,7,0,596.0794375653788,1.0780148196674875e-05,0,0.0,0.0005548595863285818,,True,0,1,0.0055,0.0391,0.0367,0.03,0.0543,1.0,0.1656
100000008708207100,terminal,R6,0.633,7,0.3945,"конечный получатель в выборке: получил 465 тыс ₸ от 2 плательщиков, исходящих от 5 000 ₸ в банке не наблюдается",3,False,False,2.0,0.0,465000.0,0.0,2.0,0.0,0.0,9,0,1103.753594116944,1.996147923805563e-05,0,0.0,0.00036138253938473137,,True,0,2,0.0075,0.1277,0.0367,0.09,0.0909,1.0,0.3528
100000003152964100,peripheral,R8c,0.5,6,0.2827,"вход 1 / выход 1, оборот 147 тыс ₸ — признаков роли нет",3,False,False,1.0,1.0,141847.0,5500.0,1.0,1.0,0.03877417217142414,7,0,943.4958468419694,1.7063204014294017e-05,0,1.9549530448494444e-05,0.00031582472407368673,0.0,True,0,1,0.007,0.097,0.081,0.03,0.0543,1.0,0.2693
100000004991812100,peripheral,R8a,0.5,22,0.1056,"разовый входящий 10 тыс ₸ от 1 плательщика, дальше не отправлял; меньше 100 тыс ₸ — признаков роли нет",3,False,False,1.0,0.0,10000.0,0.0,1.0,0.0,0.0,7,0,352.645942433825,6.377632377187559e-06,0,0.0,0.0003479308650141994,,True,0,1,0.0043,0.0118,0.0367,0.03,0.0543,1.0,0.1371
100000000291908100,peripheral,R8c,0.5,54,0.3297,"вход 1 / выход 1, оборот 309 тыс ₸ — признаков роли нет",3,False,False,1.0,1.0,295500.0,13300.0,5.0,1.0,0.045008460236886635,7,0,6368.144670263089,0.00011516844728563846,1,2.0154155101540664e-05,0.0007095144362731588,0.0,True,0,1,0.0181,0.1178,0.0842,0.03,0.0543,1.0,0.3044
100000003132484100,peripheral,R8a,0.5,9,0.1727,"разовый входящий 90 тыс ₸ от 1 плательщика, дальше не отправлял; меньше 100 тыс ₸ — признаков роли нет",3,False,False,1.0,0.0,90000.0,0.0,1.0,0.0,0.0,1,0,10266.154982891463,0.00018566430101602636,0,0.0,0.0005411807195730717,,True,0,1,0.023,0.0827,0.0367,0.03,0.0148,1.0,0.1872
100000004077081100,peripheral,R8b,0.4,3,0.3458,отдаёт 439% от полученного в выборке (140 тыс ₸ → 615 тыс ₸): входящие извне не видны — признаков роли по данным недостаточно,3,False,False,1.0,4.0,140000.0,615000.0,1.0,6.0,4.392857142857143,7,0,167.35068581004884,3.0265516307960704e-06,0,0.0001179787366127338,0.00029140398658979025,0.22764227642276422,True,0,1,0.0029,0.1354,0.0938,0.03,0.0543,1.0,0.3164
100000004770073100,transit,R4,0.85,1,0.284,пропускает дальше 100% полученного (5 тыс ₸ → 5 тыс ₸); 100% ушло за ≤2 дн. — признаки транзита,3,False,False,1.0,1.0,5462.4,5466.97,1.0,1.0,1.0008366285881665,7,0,4.276201308951274,7.73354706171251e-08,0,1.9549530448494444e-05,0.0002890943134302503,0.9991640707741216,True,0,1,0.0005,0.0145,0.081,0.12,0.0543,1.0,0.2703
100000003163886100,terminal,R6,0.64,56,0.4192,"конечный получатель в выборке: получил 500 тыс ₸ от 1 плательщика, исходящих от 5 000 ₸ в банке не наблюдается",3,False,False,1.0,0.0,500000.0,0.0,1.0,0.0,0.0,10,0,6853.281853281854,0.00012394219521094925,0,0.0,0.0007369599248141944,,True,0,1,0.0188,0.1296,0.0367,0.09,0.0961,1.0,0.3712
100000000795374100,peripheral,R8a,0.5,6,0.1757,"разовый входящий 50 тыс ₸ от 1 плательщика, дальше не отправлял; меньше 100 тыс ₸ — признаков роли нет",3,False,False,1.0,0.0,50000.0,0.0,1.0,0.0,0.0,7,0,332.57518553158314,6.0146510022397435e-06,0,0.0,0.0002970626279839811,,True,0,1,0.0041,0.0643,0.0367,0.03,0.0543,1.0,0.1894
100000002391278100,peripheral,R8b,0.4,10,0.1508,отдаёт 176% от полученного в выборке (30 тыс ₸ → 53 тыс ₸): входящие извне не видны — признаков роли по данным недостаточно,3,False,False,1.0,1.0,30000.0,52700.0,5.0,2.0,1.7566666666666666,1,0,1958.2175669712428,3.5414534108915214e-05,1,0.0,0.00039518096097428796,0.3795066413662239,True,1,1,0.01,0.0793,0.0367,0.03,0.0148,1.0,0.1708
100000004635886100,peripheral,R8a,0.5,4,0.1359,"разовый входящий 23 тыс ₸ от 1 плательщика, дальше не отправлял; меньше 100 тыс ₸ — признаков роли нет",3,False,False,1.0,0.0,23000.0,0.0,1.0,0.0,0.0,7,0,239.94149900097426,4.33936276736457e-06,0,0.0,0.00029376735299624113,,True,0,1,0.0035,0.0352,0.0367,0.03,0.0543,1.0,0.1597
100000000413678100,peripheral,R8b,0.4,6,0.344,отдаёт 172% от полученного в выборке (306 тыс ₸ → 528 тыс ₸): входящие извне не видны — признаков роли по данным недостаточно,3,False,False,2.0,3.0,306500.0,528198.0,2.0,18.0,1.723321370309951,7,0,193.4938756933185,3.4993534815469563e-06,0,5.864859134548333e-05,0.0003020408980498882,0.14767000253692744,True,0,2,0.0032,0.137,0.0906,0.03,0.0543,1.0,0.3151
100000008659950100,terminal,R6,0.578,7,0.3578,"конечный получатель в выборке: получил 246 тыс ₸ от 1 плательщика, исходящих от 5 000 ₸ в банке не наблюдается",3,False,False,1.0,0.0,246000.0,0.0,1.0,0.0,0.0,8,0,128.38665040242836,2.3218836795742743e-06,0,0.0,0.0003222973026358153,,True,0,1,0.0026,0.1122,0.0367,0.09,0.0839,1.0,0.3254
100000003964910100,terminal,R6,0.7,17,0.3727,"конечный получатель в выборке: получил 1,0 млн ₸ от 2 плательщиков, исходящих от 5 000 ₸ в банке не наблюдается",3,False,False,2.0,0.0,1000000.0,0.0,2.0,0.0,0.0,7,0,5298.379736152746,9.582165590424517e-05,0,0.0,0.0005115658756719716,,True,0,2,0.0165,0.139,0.0367,0.09,0.0543,1.0,0.3365
100000008764654100,peripheral,R8a,0.5,2,0.0876,"разовый входящий 26 тыс ₸ от 1 плательщика, дальше не отправлял; меньше 100 тыс ₸ — признаков роли нет",3,False,False,1.0,0.0,26150.0,0.0,1.0,0.0,0.0,1,0,17.376875881696545,3.1426230363695115e-07,0,0.0,0.00029094709073325446,,True,0,1,0.0009,0.0412,0.0367,0.03,0.0148,1.0,0.1236
100000005830339100,consolidator,R3,0.603,3,0.6383,"получает 476 тыс ₸ от 5 плательщиков, отдаёт дальше 71% полученного — признаки консолидации",3,False,False,5.0,1.0,476341.0,339251.0,12.0,1.0,0.7122019729563485,7,0,2360.1777024684147,4.2684017933946096e-05,4,3.862879727795293e-06,0.0003651974647834223,0.0,True,0,1,0.011,0.1365,0.078,0.255,0.0543,1.0,0.5348
100000002032323100,peripheral,R8b,0.4,28,0.3464,"отдаёт 350% от полученного в выборке (300 тыс ₸ → 1,1 млн ₸): входящие извне не видны — признаков роли по данным недостаточно",3,False,False,1.0,1.0,300000.0,1050000.0,1.0,2.0,3.5,7,0,1023.6828115382831,1.8513392207999297e-05,0,1.9952613550525257e-05,0.00040583008293915704,0.2857142857142857,True,0,1,0.0073,0.1417,0.0836,0.03,0.0543,1.0,0.3169
100000008668099100,peripheral,R8a,0.5,2,0.0629,"разовый входящий 16 тыс ₸ от 1 плательщика, дальше не отправлял; меньше 100 тыс ₸ — признаков роли нет",3,False,False,1.0,0.0,15700.0,0.0,1.0,0.0,0.0,1,0,10.43277060583693,1.886775589713244e-07,0,0.0,0.00028930936191461917,,True,0,1,0.0007,0.023,0.0367,0.03,0.0148,1.0,0.1052
100000008634520100,peripheral,R8a,0.5,7,0.2366,"разовый входящий 90 тыс ₸ от 1 плательщика, дальше не отправлял; меньше 100 тыс ₸ — признаков роли нет",3,False,False,1.0,0.0,90000.0,0.0,1.0,0.0,0.0,8,0,46.970725756985985,8.49469638868637e-07,0,0.0,0.00029981779651441044,,True,0,1,0.0016,0.0827,0.0367,0.03,0.0839,1.0,0.2349
100000002103448100,peripheral,R8a,0.5,2,0.0898,"разовый входящий 27 тыс ₸ от 1 плательщика, дальше не отправлял; меньше 100 тыс ₸ — признаков роли нет",3,False,False,1.0,0.0,27000.0,0.0,1.0,0.0,0.0,1,0,17.94170741131192,3.2447733071501646e-07,0,0.0,0.00029108030312520087,,True,0,1,0.001,0.0428,0.0367,0.03,0.0148,1.0,0.1253
100000005996909100,peripheral,R8a,0.5,16,0.1,"разовый входящий 6 тыс ₸ от 1 плательщика, дальше не отправлял; меньше 100 тыс ₸ — признаков роли нет",3,False,False,1.0,0.0,5500.0,0.0,1.0,0.0,0.0,7,0,1052.7617309944726,1.903928698205366e-05,0,0.0,0.00031743990574272185,,True,0,1,0.0074,0.0045,0.0367,0.03,0.0543,1.0,0.1329
100000007392365100,peripheral,R8b,0.4,39,0.3543,"отдаёт 18367% от полученного в выборке (10 тыс ₸ → 1,8 млн ₸): входящие извне не видны — признаков роли по данным недостаточно",3,False,False,1.0,6.0,9613.0,1765600.0,1.0,9.0,183.66794965151357,7,0,8.13685253185832,1.4715568197787564e-07,0,0.00011729718269096666,0.0002873925189788339,0.0,True,0,1,0.0006,0.1442,0.0937,0.03,0.0543,1.0,0.3228
100000008279405100,terminal,R6,0.574,6,0.3246,"конечный получатель в выборке: получил 235 тыс ₸ от 1 плательщика, исходящих от 5 000 ₸ в банке не наблюдается",3,False,False,1.0,0.0,234738.0,0.0,2.0,0.0,0.0,7,0,1561.360678026255,2.8237342939275052e-05,1,0.0,0.000334800083833601,,True,0,1,0.009,0.1106,0.0367,0.09,0.0543,1.0,0.3006
100000008343874100,transit,R4,0.65,6,0.4537,пропускает дальше 62% полученного (284 тыс ₸ → 176 тыс ₸); 81% ушло за ≤2 дн. — признаки транзита,3,False,False,2.0,2.0,283535.0,176400.0,2.0,5.0,0.6221454141464017,7,0,902.8701716830801,1.6328485164417962e-05,0,3.95021439990197e-05,0.00030902303115203344,0.8129251700680272,True,0,1,0.0068,0.1274,0.0885,0.12,0.0543,1.0,0.397
100000002548759100,terminal,R6,0.615,7,0.3834,"конечный получатель в выборке: получил 375 тыс ₸ от 2 плательщиков, исходящих от 5 000 ₸ в банке не наблюдается",3,False,False,2.0,0.0,375000.0,0.0,2.0,0.0,0.0,9,0,446.1645538535819,8.068924555240013e-06,0,0.0,0.0003099070264256317,,True,0,2,0.0048,0.1221,0.0367,0.09,0.0909,1.0,0.3445
100000003069463100,peripheral,R8b,0.4,26,0.2076,отдаёт 156% от полученного в выборке (12 тыс ₸ → 18 тыс ₸): входящие извне не видны — признаков роли по данным недостаточно,3,False,False,1.0,1.0,11500.0,17920.0,1.0,1.0,1.5582608695652174,7,0,3.7112637810936535,6.71185265516786e-08,0,1.9952613550525257e-05,0.0002897438054951015,0.0,True,0,1,0.0004,0.0449,0.0836,0.03,0.0543,1.0,0.2132
100000008474391100,peripheral,R8a,0.5,22,0.1332,"разовый входящий 20 тыс ₸ от 1 плательщика, дальше не отправлял; меньше 100 тыс ₸ — признаков роли нет",3,False,False,1.0,0.0,20000.0,0.0,1.0,0.0,0.0,7,0,705.29188486765,1.2755264754375118e-05,0,0.0,0.0004090128793532605,,True,0,1,0.006,0.0307,0.0367,0.03,0.0543,1.0,0.1577
100000003097324100,terminal,R6,0.594,18,0.3802,"конечный получатель в выборке: получил 294 тыс ₸ от 2 плательщиков, исходящих от 5 000 ₸ в банке не наблюдается",3,False,False,2.0,0.0,294000.0,0.0,2.0,0.0,0.0,9,0,1325.5027275868997,2.3971831500925237e-05,0,0.0,0.0003274641786485466,,True,0,2,0.0083,0.1162,0.0367,0.09,0.0909,1.0,0.3421
100000001852140100,peripheral,R8a,0.5,58,0.1078,"разовый входящий 30 тыс ₸ от 1 плательщика, дальше не отправлял; меньше 100 тыс ₸ — признаков роли нет",3,False,False,1.0,0.0,30000.0,0.0,1.0,0.0,0.0,1,0,2343.3179723502303,4.237910825618182e-05,0,0.0,0.0008079646770475849,,True,0,1,0.011,0.0462,0.0367,0.03,0.0148,1.0,0.1387
100000003293377100,peripheral,R8a,0.5,5,0.1726,"разовый входящий 50 тыс ₸ от 1 плательщика, дальше не отправлял; меньше 100 тыс ₸ — признаков роли нет",3,False,False,1.0,0.0,50000.0,0.0,1.0,0.0,0.0,7,0,59.768102075017445,1.0809112967128822e-06,0,0.0,0.0002884756849303712,,True,0,1,0.0018,0.0643,0.0367,0.03,0.0543,1.0,0.1871
100000006048193100,peripheral,R8a,0.5,1,0.1671,"разовый входящий 42 тыс ₸ от 1 плательщика, дальше не отправлял; меньше 100 тыс ₸ — признаков роли нет",3,False,False,1.0,0.0,41559.0,0.0,1.0,0.0,0.0,7,0,504.1280509595838,9.117199414967414e-06,0,0.0,0.00029773324827123734,,True,0,1,0.0051,0.0569,0.0367,0.03,0.0543,1.0,0.183
100000002435265100,terminal,R6,0.525,1,0.2938,"конечный получатель в выборке: получил 133 тыс ₸ от 1 плательщика, исходящих от 5 000 ₸ в банке не наблюдается",3,False,False,1.0,0.0,132628.0,0.0,3.0,0.0,0.0,7,0,112.26198664259913,2.0302677404932583e-06,1,0.0,0.00029434969742251537,,True,0,1,0.0024,0.0942,0.0367,0.09,0.0543,1.0,0.2776
100000004587414100,terminal,R6,0.645,5,0.3513,"конечный получатель в выборке: получил 534 тыс ₸ от 2 плательщиков, исходящих от 5 000 ₸ в банке не наблюдается",3,False,False,2.0,0.0,533603.0,0.0,2.0,0.0,0.0,7,0,1417.751067665595,2.5640150711880277e-05,0,0.0,0.00031626908039091055,,True,0,1,0.0085,0.131,0.0367,0.09,0.0543,1.0,0.3205
100000001726614100,terminal,R6,0.528,1,0.2996,"конечный получатель в выборке: получил 139 тыс ₸ от 1 плательщика, исходящих от 5 000 ₸ в банке не наблюдается",3,False,False,1.0,0.0,138717.0,0.0,1.0,0.0,0.0,7,0,672.7719845862003,1.2167139544408176e-05,0,0.0,0.000299200589385284,,True,0,1,0.0059,0.095,0.0367,0.09,0.0543,1.0,0.2819
100000003934614100,transit,R4,0.65,33,0.3198,пропускает дальше 68% полученного (17 тыс ₸ → 12 тыс ₸); 87% ушло за ≤2 дн. — признаки транзита,3,False,False,2.0,1.0,17000.0,11500.0,2.0,2.0,0.6764705882352942,7,0,548.1016472332705,9.912465707841505e-06,0,6.718051700513554e-08,0.0003148769433899909,0.8695652173913043,True,0,1,0.0053,0.044,0.0734,0.12,0.0543,1.0,0.297
100000008772246100,peripheral,R8a,0.5,2,0.1111,"разовый входящий 44 тыс ₸ от 1 плательщика, дальше не отправлял; меньше 100 тыс ₸ — признаков роли нет",3,False,False,1.0,0.0,44500.0,0.0,1.0,0.0,0.0,1,0,29.570591844569645,5.347867117340086e-07,0,0.0,0.00029382291119468585,,True,0,1,0.0012,0.0585,0.0367,0.03,0.0148,1.0,0.1412
100000002603371100,peripheral,R8a,0.5,1,0.0973,"разовый входящий 9 тыс ₸ от 1 плательщика, дальше не отправлял; меньше 100 тыс ₸ — признаков роли нет",3,False,False,1.0,0.0,9300.0,0.0,1.0,0.0,0.0,7,0,7.2804393990273235,1.3166737638021083e-07,0,0.0,0.00029067185953983904,,True,0,1,0.0006,0.0093,0.0367,0.03,0.0543,1.0,0.1309
100000004445291100,peripheral,R8a,0.5,27,0.1288,"разовый входящий 20 тыс ₸ от 1 плательщика, дальше не отправлял; меньше 100 тыс ₸ — признаков роли нет",3,False,False,1.0,0.0,19500.0,0.0,2.0,0.0,0.0,7,0,373.0817640554493,6.747215979168058e-06,1,0.0,0.0003206550998144616,,True,0,1,0.0044,0.029,0.0367,0.03,0.0543,1.0,0.1544
100000008571243100,terminal,R6,0.525,8,0.3431,"конечный получатель в выборке: получил 134 тыс ₸ от 1 плательщика, исходящих от 5 000 ₸ в банке не наблюдается",3,False,False,1.0,0.0,134000.0,0.0,1.0,0.0,0.0,9,0,107.98458169920868,1.9529105020431713e-06,0,0.0,0.000307629948068643,,True,0,1,0.0024,0.0944,0.0367,0.09,0.0909,1.0,0.3144
100000001138283100,transit,R4,0.65,6,0.3946,пропускает дальше 61% полученного (82 тыс ₸ → 50 тыс ₸); 80% ушло за ≤2 дн. — признаки транзита,3,False,False,1.0,2.0,81805.0,50000.0,1.0,2.0,0.6112095837662734,7,0,544.1262610482231,9.840570504764443e-06,0,1.9347988897479037e-05,0.000303559611730136,0.8,True,1,1,0.0053,0.0941,0.0792,0.12,0.0543,1.0,0.3529
100000002593344100,terminal,R6,0.627,7,0.3936,"конечный получатель в выборке: получил 431 тыс ₸ от 2 плательщиков, исходящих от 5 000 ₸ в банке не наблюдается",3,False,False,2.0,0.0,431000.0,0.0,2.0,0.0,0.0,9,0,1591.2495820275356,2.877788635390115e-05,0,0.0,0.0003605528794105453,,True,0,2,0.0091,0.1254,0.0367,0.09,0.0909,1.0,0.3521
100000007390016100,peripheral,R8c,0.5,70,0.285,"вход 1 / выход 1, оборот 858 тыс ₸ — признаков роли нет",3,False,False,1.0,1.0,511000.0,346500.0,13.0,14.0,0.678082191780822,7,0,3182.6382170265747,5.755828749282175e-05,1,0.0,0.0018696009608486764,0.5627705627705628,True,1,1,0.0128,0.1372,0.0367,0.03,0.0543,1.0,0.271
100000001285440100,terminal,R6,0.577,18,0.3731,"конечный получатель в выборке: получил 243 тыс ₸ от 2 плательщиков, исходящих от 5 000 ₸ в банке не наблюдается",3,False,False,2.0,0.0,243000.0,0.0,2.0,0.0,0.0,9,0,1048.78082908294,1.8967292026585934e-05,0,0.0,0.0003217917138189948,,True,0,2,0.0074,0.1118,0.0367,0.09,0.0909,1.0,0.3368
100000006746688100,peripheral,R8a,0.5,2,0.1084,"разовый входящий 41 тыс ₸ от 1 плательщика, дальше не отправлял; меньше 100 тыс ₸ — признаков роли нет",3,False,False,1.0,0.0,41000.0,0.0,1.0,0.0,0.0,1,0,27.2448149579181,4.927248355302102e-07,0,0.0,0.0002932743895807888,,True,0,1,0.0012,0.0565,0.0367,0.03,0.0148,1.0,0.1392
100000006471232100,peripheral,R8a,0.5,2,0.1091,"разовый входящий 42 тыс ₸ от 1 плательщика, дальше не отправлял; меньше 100 тыс ₸ — признаков роли нет",3,False,False,1.0,0.0,41800.0,0.0,1.0,0.0,0.0,1,0,27.77642110343845,5.023389786625069e-07,0,0.0,0.00029339976594967956,,True,0,1,0.0012,0.057,0.0367,0.03,0.0148,1.0,0.1397
100000008662805100,peripheral,R8a,0.5,2,0.0651,"разовый входящий 16 тыс ₸ от 1 плательщика, дальше не отправлял; меньше 100 тыс ₸ — признаков роли нет",3,False,False,1.0,0.0,16500.0,0.0,1.0,0.0,0.0,1,0,10.964376751357284,1.9829170210362116e-07,0,0.0,0.0002894347382835099,,True,0,1,0.0008,0.0245,0.0367,0.03,0.0148,1.0,0.1068
100000004292885100,terminal,R6,0.51,2,0.2357,"конечный получатель в выборке: получил 113 тыс ₸ от 1 плательщика, исходящих от 5 000 ₸ в банке не наблюдается",3,False,False,1.0,0.0,112700.0,0.0,1.0,0.0,0.0,1,0,74.89001575017976,1.3543924137623095e-06,0,0.0,0.00030451124664262146,,True,0,1,0.002,0.0907,0.0367,0.09,0.0148,1.0,0.2342
100000008190442100,peripheral,R8a,0.5,2,0.0553,"разовый входящий 13 тыс ₸ от 1 плательщика, дальше не отправлял; меньше 100 тыс ₸ — признаков роли нет",3,False,False,1.0,0.0,13000.0,0.0,1.0,0.0,0.0,1,0,8.63859986470574,1.5622982589982276e-07,0,0.0,0.0002888862166696129,,True,0,1,0.0007,0.0173,0.0367,0.03,0.0148,1.0,0.0995
100000007131370100,peripheral,R4x,0.4,16,0.1873,"вход 30 тыс ₸ → выход 30 тыс ₸, но все исходящие раньше первого входящего — временная последовательность не подтверждает транзит наблюдаемых поступлений",3,False,False,1.0,1.0,30000.0,30000.0,1.0,1.0,1.0,7,0,673.8296847411663,1.2186268143214987e-05,0,0.0,0.0009040466780696105,0.0,False,1,1,0.0059,0.0712,0.0367,0.03,0.0543,1.0,0.1981
100000008717802100,peripheral,R8a,0.5,2,0.0876,"разовый входящий 26 тыс ₸ от 1 плательщика, дальше не отправлял; меньше 100 тыс ₸ — признаков роли нет",3,False,False,1.0,0.0,26150.0,0.0,1.0,0.0,0.0,1,0,17.376875881696545,3.1426230363695115e-07,0,0.0,0.00029094709073325446,,True,0,1,0.0009,0.0412,0.0367,0.03,0.0148,1.0,0.1236
100000005357034100,peripheral,R8a,0.5,1,0.098,"разовый входящий 10 тыс ₸ от 1 плательщика, дальше не отправлял; меньше 100 тыс ₸ — признаков роли нет",3,False,False,1.0,0.0,9754.0,0.0,1.0,0.0,0.0,7,0,8.256200935789666,1.4931410818809934e-07,0,0.0,0.00028740049330847306,,True,0,1,0.0007,0.0097,0.0367,0.03,0.0543,1.0,0.1314
100000005532138100,peripheral,R8a,0.5,9,0.1401,"разовый входящий 25 тыс ₸ от 1 плательщика, дальше не отправлял; меньше 100 тыс ₸ — признаков роли нет",3,False,False,1.0,0.0,25046.0,0.0,1.0,0.0,0.0,7,0,65.28792656556547,1.180737800158099e-06,0,0.0,0.00029510711181209454,,True,0,1,0.0018,0.04,0.0367,0.03,0.0543,1.0,0.1628
100000005264874100,peripheral,R8b,0.4,36,0.2288,отдаёт 260% от полученного в выборке (30 тыс ₸ → 78 тыс ₸): входящие извне не видны — признаков роли по данным недостаточно,3,False,False,1.0,2.0,30000.0,78000.0,1.0,3.0,2.6,1,0,7578.034682080925,0.00013704941281993848,0,8.061662040616265e-07,0.0004301567178849599,0.0,False,1,1,0.0198,0.0893,0.0752,0.03,0.0148,1.0,0.2291
100000008193258100,peripheral,R8c,0.5,17,0.2663,"вход 1 / выход 1, оборот 105 тыс ₸ — признаков роли нет",3,False,False,1.0,1.0,75000.0,30000.0,2.0,1.0,0.4,7,0,184.41201943813942,3.3351073254782177e-06,1,1.9549530448494444e-05,0.0002987024490070344,0.0,True,0,1,0.0031,0.0887,0.081,0.03,0.0543,1.0,0.2571
100000003190207100,peripheral,R8b,0.4,20,0.3592,отдаёт 7540% от полученного в выборке (5 тыс ₸ → 377 тыс ₸): входящие извне не видны — признаков роли по данным недостаточно,3,False,False,1.0,1.0,5000.0,377000.0,1.0,8.0,75.4,8,0,422.1008564081858,7.633730505130099e-06,0,2.1363404407633102e-05,0.0003004626618277658,0.013262599469496022,True,0,1,0.0047,0.1226,0.0852,0.03,0.0839,1.0,0.3264
100000004321983100,peripheral,R8b,0.4,10,0.1743,отдаёт 334% от полученного в выборке (11 тыс ₸ → 36 тыс ₸): входящие извне не видны — признаков роли по данным недостаточно,3,False,False,1.0,2.0,10840.0,36200.0,1.0,3.0,3.339483394833948,1,0,707.569280865609,1.2796451658021363e-05,0,1.4107908571078464e-06,0.00032599285319656444,0.0,True,0,1,0.006,0.0612,0.0764,0.03,0.0148,1.0,0.1884
100000002633108100,terminal,R6,0.601,15,0.3288,"конечный получатель в выборке: получил 320 тыс ₸ от 1 плательщика, исходящих от 5 000 ₸ в банке не наблюдается",3,False,False,1.0,0.0,320000.0,0.0,3.0,0.0,0.0,7,0,353.81528997950403,6.39878012871431e-06,1,0.0,0.00037774664885647033,,True,0,1,0.0043,0.1184,0.0367,0.09,0.0543,1.0,0.3037
100000005941908100,peripheral,R8a,0.5,15,0.1585,"разовый входящий 10 тыс ₸ от 1 плательщика, дальше не отправлял; меньше 100 тыс ₸ — признаков роли нет",3,False,False,1.0,0.0,10000.0,0.0,1.0,0.0,0.0,8,0,3937.260793678754,7.120570207584013e-05,0,0.0,0.0006952260665446425,,True,0,1,0.0142,0.0118,0.0367,0.03,0.0839,1.0,0.1766
100000001835625100,peripheral,R8a,0.5,5,0.19,"разовый входящий 75 тыс ₸ от 1 плательщика, дальше не отправлял; меньше 100 тыс ₸ — признаков роли нет",3,False,False,1.0,0.0,75130.0,0.0,1.0,0.0,0.0,7,0,89.80755017792121,1.624177314440777e-06,0,0.0,0.00028929333182705117,,True,0,1,0.0022,0.0769,0.0367,0.03,0.0543,1.0,0.2001
100000008671081100,peripheral,R8a,0.5,2,0.1042,"разовый входящий 37 тыс ₸ от 1 плательщика, дальше не отправлял; меньше 100 тыс ₸ — признаков роли нет",3,False,False,1.0,0.0,37200.0,0.0,1.0,0.0,0.0,1,0,24.719685766696422,4.470576556518005e-07,0,0.0,0.0002926788518285578,,True,0,1,0.0011,0.0534,0.0367,0.03,0.0148,1.0,0.136
100000002908521100,peripheral,R8a,0.5,2,0.1111,"разовый входящий 44 тыс ₸ от 1 плательщика, дальше не отправлял; меньше 100 тыс ₸ — признаков роли нет",3,False,False,1.0,0.0,44500.0,0.0,1.0,0.0,0.0,1,0,29.570591844569645,5.347867117340086e-07,0,0.0,0.00029382291119468585,,True,0,1,0.0012,0.0585,0.0367,0.03,0.0148,1.0,0.1412
100000000749118100,peripheral,R8b,0.4,1,0.2011,отдаёт 160% от полученного в выборке (10 тыс ₸ → 16 тыс ₸): входящие извне не видны — признаков роли по данным недостаточно,3,False,False,1.0,1.0,10330.0,16500.0,1.0,1.0,1.5972894482090998,7,0,8.743751862487928,1.5813150887667277e-07,0,1.9549530448494444e-05,0.00028743306929338193,0.0,True,0,1,0.0007,0.0424,0.081,0.03,0.0543,1.0,0.2084
100000008652094100,peripheral,R8a,0.5,1,0.1547,"разовый входящий 35 тыс ₸ от 1 плательщика, дальше не отправлял; меньше 100 тыс ₸ — признаков роли нет",3,False,False,1.0,0.0,35000.0,0.0,1.0,0.0,0.0,7,0,29.625490337568007,5.357795557292882e-07,0,0.0,0.000288828294202585,,True,0,1,0.0012,0.0515,0.0367,0.03,0.0543,1.0,0.1737
100000007647294100,terminal,R6,0.617,35,0.3396,"конечный получатель в выборке: получил 385 тыс ₸ от 1 плательщика, исходящих от 5 000 ₸ в банке не наблюдается",3,False,False,1.0,0.0,385000.0,0.0,1.0,0.0,0.0,7,0,1234.3958604446614,2.2324155926777663e-05,0,0.0,0.0005816408115692833,,True,0,1,0.008,0.1228,0.0367,0.09,0.0543,1.0,0.3118
100000003270419100,terminal,R6,0.535,14,0.4149,"конечный получатель в выборке: получил 150 тыс ₸ от 1 плательщика, исходящих от 5 000 ₸ в банке не наблюдается",3,False,False,1.0,0.0,150000.0,0.0,1.0,0.0,0.0,10,0,43997.98724674538,0.0007957074057319817,0,0.0,0.0008368162852072328,,True,0,1,0.0476,0.0976,0.0367,0.09,0.0961,1.0,0.368
100000003050771100,terminal,R6,0.572,14,0.3263,"конечный получатель в выборке: получил 229 тыс ₸ от 1 плательщика, исходящих от 5 000 ₸ в банке не наблюдается",3,False,False,1.0,0.0,229000.0,0.0,1.0,0.0,0.0,7,0,2474.5440829605036,4.475234381926369e-05,0,0.0,0.0003719665418380926,,True,0,1,0.0113,0.1096,0.0367,0.09,0.0543,1.0,0.3019
100000008427027100,terminal,R6,0.595,3,0.4181,"конечный получатель в выборке: получил 300 тыс ₸ от 1 плательщика, исходящих от 5 000 ₸ в банке не наблюдается",3,False,False,1.0,0.0,300000.0,0.0,1.0,0.0,0.0,10,0,18431.985270049103,0.0003333440482054274,0,0.0,0.0005536646528273149,,True,0,1,0.0308,0.1168,0.0367,0.09,0.0961,1.0,0.3704
100000004291560100,peripheral,R8a,0.5,1,0.1683,"разовый входящий 47 тыс ₸ от 1 плательщика, дальше не отправлял; меньше 100 тыс ₸ — признаков роли нет",3,False,False,1.0,0.0,47190.0,0.0,1.0,0.0,0.0,7,0,39.943625400852405,7.223839209961461e-07,0,0.0,0.00028951770610543,,True,0,1,0.0014,0.0615,0.0367,0.03,0.0543,1.0,0.1839
100000003594472100,peripheral,R8a,0.5,32,0.1281,"разовый входящий 20 тыс ₸ от 1 плательщика, дальше не отправлял; меньше 100 тыс ₸ — признаков роли нет",3,False,False,1.0,0.0,20000.0,0.0,1.0,0.0,0.0,7,0,91.94808571885486,1.6628890848815805e-06,0,0.0,0.0002957672382674178,,True,0,1,0.0022,0.0307,0.0367,0.03,0.0543,1.0,0.1539
100000002575080100,transit,R4,0.85,16,0.3276,пропускает дальше 96% полученного (13 тыс ₸ → 12 тыс ₸); 100% ушло за ≤2 дн. — признаки транзита,3,False,False,1.0,1.0,13000.0,12500.0,1.0,1.0,0.9615384615384616,7,0,291.9928633878387,5.280716195393162e-06,0,2.0154155101540664e-05,0.0005543012425460762,1.0,True,0,1,0.0039,0.0404,0.0842,0.12,0.0543,1.0,0.3028
100000008038077100,terminal,R6,0.64,5,0.3451,"конечный получатель в выборке: получил 500 тыс ₸ от 1 плательщика, исходящих от 5 000 ₸ в банке не наблюдается",3,False,False,1.0,0.0,499850.0,0.0,2.0,0.0,0.0,7,0,597.5017164439494,1.0805870233238683e-05,1,0.0,0.00030311231272470076,,True,0,1,0.0055,0.1294,0.0367,0.09,0.0543,1.0,0.3159
100000003899325100,peripheral,R8a,0.5,6,0.1743,"разовый входящий 50 тыс ₸ от 1 плательщика, дальше не отправлял; меньше 100 тыс ₸ — признаков роли нет",3,False,False,1.0,0.0,50120.0,0.0,1.0,0.0,0.0,7,0,83.76188434681883,1.514840924859801e-06,0,0.0,0.00029796452742791776,,True,0,1,0.0021,0.0653,0.0367,0.03,0.0543,1.0,0.1884
100000001155773100,peripheral,R8a,0.5,2,0.0778,"разовый входящий 22 тыс ₸ от 1 плательщика, дальше не отправлял; меньше 100 тыс ₸ — признаков роли нет",3,False,False,1.0,0.0,21500.0,0.0,1.0,0.0,0.0,1,0,14.286915160859492,2.583800966804761e-07,0,0.0,0.00029021834058907703,,True,0,1,0.0009,0.0339,0.0367,0.03,0.0148,1.0,0.1163
100000000611474100,peripheral,R8a,0.5,22,0.1595,"разовый входящий 32 тыс ₸ от 1 плательщика, дальше не отправлял; меньше 100 тыс ₸ — признаков роли нет",3,False,False,1.0,0.0,32000.0,0.0,1.0,0.0,0.0,7,0,990.5223277550266,1.7913681989983715e-05,0,0.0,0.000598202998296713,,True,0,1,0.0071,0.0492,0.0367,0.03,0.0543,1.0,0.1773
100000006704530100,transit,R4,0.65,26,0.4651,пропускает дальше 95% полученного (450 тыс ₸ → 428 тыс ₸); 0% ушло за ≤2 дн. — признаки транзита,3,False,False,1.0,3.0,450500.0,428000.0,1.0,5.0,0.9500554938956715,7,0,145.38472464197312,2.6292953227418443e-06,0,5.985784065157577e-05,0.00040025555905717184,0.0,True,0,1,0.0027,0.1375,0.091,0.12,0.0543,1.0,0.4055
100000003996562100,peripheral,R8a,0.5,25,0.098,"разовый входящий 8 тыс ₸ от 1 плательщика, дальше не отправлял; меньше 100 тыс ₸ — признаков роли нет",3,False,False,1.0,0.0,7700.0,0.0,1.0,0.0,0.0,7,0,164.77607041889857,2.9799894887107786e-06,0,0.0,0.00033004676382698264,,True,0,1,0.0029,0.0075,0.0367,0.03,0.0543,1.0,0.1314
100000002646887100,peripheral,R8a,0.5,28,0.1375,"разовый входящий 24 тыс ₸ от 1 плательщика, дальше не отправлял; меньше 100 тыс ₸ — признаков роли нет",3,False,False,1.0,0.0,24354.0,0.0,1.0,0.0,0.0,7,0,83.10257064067783,1.502917179445383e-06,0,0.0,0.0002965077471103314,,True,0,1,0.0021,0.0378,0.0367,0.03,0.0543,1.0,0.1609
100000002556775100,terminal,R6,0.595,5,0.3266,"конечный получатель в выборке: получил 300 тыс ₸ от 1 плательщика, исходящих от 5 000 ₸ в банке не наблюдается",3,False,False,1.0,0.0,300000.0,0.0,1.0,0.0,0.0,7,0,358.60861245010466,6.485467780277294e-06,0,0.0,0.00029660985620653523,,True,0,1,0.0043,0.1168,0.0367,0.09,0.0543,1.0,0.3021
100000002722108100,terminal,R6,0.681,13,0.3164,"конечный получатель в выборке: получил 800 тыс ₸ от 1 плательщика, исходящих от 5 000 ₸ в банке не наблюдается",3,False,False,1.0,0.0,800000.0,0.0,2.0,0.0,0.0,2,0,256.59546558095616,4.640551193739342e-06,1,0.0,0.00032511244175800655,,True,0,1,0.0036,0.1361,0.0367,0.09,0.0281,1.0,0.2945
100000002737980100,peripheral,R8a,0.5,4,0.1563,"разовый входящий 33 тыс ₸ от 1 плательщика, дальше не отправлял; меньше 100 тыс ₸ — признаков роли нет",3,False,False,1.0,0.0,32900.0,0.0,1.0,0.0,0.0,7,0,343.2206659622632,6.207175436795408e-06,0,0.0,0.00029674531703880277,,True,0,1,0.0042,0.0497,0.0367,0.03,0.0543,1.0,0.1749
100000002913340100,peripheral,R8a,0.5,2,0.0807,"разовый входящий 24 тыс ₸ от 1 плательщика, дальше не отправлял; меньше 100 тыс ₸ — признаков роли нет",3,False,False,1.0,0.0,23600.0,0.0,1.0,0.0,0.0,1,0,15.682381292850417,2.836172224027551e-07,0,0.0,0.0002905474535574152,,True,0,1,0.0009,0.0361,0.0367,0.03,0.0148,1.0,0.1185
100000003610172100,peripheral,R8a,0.5,5,0.1873,"разовый входящий 70 тыс ₸ от 1 плательщика, дальше не отправлял; меньше 100 тыс ₸ — признаков роли нет",3,False,False,1.0,0.0,70000.0,0.0,1.0,0.0,0.0,7,0,83.67534290502442,1.5132758153980352e-06,0,0.0,0.0002891264186324643,,True,0,1,0.0021,0.075,0.0367,0.03,0.0543,1.0,0.1981
100000001052945100,peripheral,R8b,0.4,59,0.3513,"отдаёт 2823% от полученного в выборке (57 тыс ₸ → 1,6 млн ₸): входящие извне не видны — признаков роли по данным недостаточно",3,False,False,1.0,3.0,56520.0,1595700.0,1.0,6.0,28.23248407643312,7,0,62.492625592629906,1.1301845402341653e-06,0,5.864859134548333e-05,0.0003029036742789161,0.0,True,0,1,0.0018,0.1438,0.0906,0.03,0.0543,1.0,0.3205
100000002369510100,peripheral,R8a,0.5,2,0.104,"разовый входящий 37 тыс ₸ от 1 плательщика, дальше не отправлял; меньше 100 тыс ₸ — признаков роли нет",3,False,False,1.0,0.0,37150.0,0.0,1.0,0.0,0.0,1,0,24.6864603826014,4.464567717060319e-07,0,0.0,0.00029267101580550213,,True,0,1,0.0011,0.0533,0.0367,0.03,0.0148,1.0,0.1359
100000001954534100,peripheral,R8b,0.4,1,0.2477,отдаёт 308% от полученного в выборке (13 тыс ₸ → 40 тыс ₸): входящие извне не видны — признаков роли по данным недостаточно,3,False,False,1.0,1.0,13000.0,40000.0,1.0,1.0,3.076923076923077,7,0,1256.466603462419,2.2723307223648322e-05,0,1.9952613550525257e-05,0.0003678613251334213,0.0,True,0,1,0.008,0.0673,0.0836,0.03,0.0543,1.0,0.2432
100000008488166100,peripheral,R8a,0.5,2,0.038,"разовый входящий 6 тыс ₸ от 1 плательщика, дальше не отправлял; меньше 100 тыс ₸ — признаков роли нет",3,False,False,1.0,0.0,5600.0,0.0,1.0,0.0,0.0,1,0,3.721243018642472,6.729900192607748e-08,0,0.0,0.00028772648525737354,,True,0,1,0.0004,0.0047,0.0367,0.03,0.0148,1.0,0.0866
100000005100475100,peripheral,R8a,0.5,10,0.1174,"разовый входящий 40 тыс ₸ от 1 плательщика, дальше не отправлял; меньше 100 тыс ₸ — признаков роли нет",3,False,False,1.0,0.0,40000.0,0.0,1.0,0.0,0.0,1,0,1515.8298958147655,2.741391480399979e-05,0,0.0,0.00033925169821846915,,True,0,1,0.0088,0.0556,0.0367,0.03,0.0148,1.0,0.1459
100000002708624100,peripheral,R8a,0.5,27,0.1431,"разовый входящий 25 тыс ₸ от 1 плательщика, дальше не отправлял; меньше 100 тыс ₸ — признаков роли нет",3,False,False,1.0,0.0,25000.0,0.0,1.0,0.0,0.0,7,0,478.3099539172427,8.650276896369306e-06,0,0.0,0.0003301901957255528,,True,0,1,0.005,0.0391,0.0367,0.03,0.0543,1.0,0.1651
100000004591973100,peripheral,R8b,0.4,12,0.3407,отдаёт 1000% от полученного в выборке (10 тыс ₸ → 100 тыс ₸): входящие извне не видны — признаков роли по данным недостаточно,3,False,False,1.0,1.0,10000.0,100000.0,1.0,1.0,10.0,9,0,5554.395797742266,0.00010045172852667373,0,2.0758779754586885e-05,0.00040087068779351426,0.0,False,0,1,0.0169,0.0899,0.0849,0.03,0.0909,1.0,0.3126
100000000802149100,terminal,R6,0.504,1,0.2898,"конечный получатель в выборке: получил 104 тыс ₸ от 1 плательщика, исходящих от 5 000 ₸ в банке не наблюдается",3,False,False,1.0,0.0,104128.0,0.0,1.0,0.0,0.0,7,0,505.0166973838237,9.13327066242879e-06,0,0.0,0.00029612069081304536,,True,0,1,0.0051,0.0885,0.0367,0.09,0.0543,1.0,0.2746
100000003095610100,peripheral,R8a,0.5,8,0.137,"разовый входящий 24 тыс ₸ от 1 плательщика, дальше не отправлял; меньше 100 тыс ₸ — признаков роли нет",3,False,False,1.0,0.0,23665.0,0.0,1.0,0.0,0.0,7,0,182.602058146015,3.302374018925924e-06,0,0.0,0.000295702948204946,,True,0,1,0.0031,0.0364,0.0367,0.03,0.0543,1.0,0.1605
100000004183610100,peripheral,R8b,0.4,14,0.3364,отдаёт 4159% от полученного в выборке (22 тыс ₸ → 915 тыс ₸): входящие извне не видны — признаков роли по данным недостаточно,3,False,False,1.0,1.0,22000.0,915000.0,1.0,3.0,41.59090909090909,7,0,175.80821642934336,3.1795068037278834e-06,0,1.9952613550525257e-05,0.0003422699017232171,0.01639344262295082,True,0,1,0.003,0.1385,0.0836,0.03,0.0543,1.0,0.3094
100000005198906100,peripheral,R8c,0.5,5,0.3034,"вход 1 / выход 1, оборот 288 тыс ₸ — признаков роли нет",3,False,False,1.0,1.0,227970.0,60000.0,1.0,1.0,0.26319252533228055,7,0,272.50668460083455,4.9283069662327155e-06,0,1.9549530448494444e-05,0.00029426623877844684,0.0,False,0,1,0.0037,0.1158,0.081,0.03,0.0543,1.0,0.2848
100000008599354100,peripheral,R8c,0.5,1,0.2988,"вход 1 / выход 1, оборот 215 тыс ₸ — признаков роли нет",3,False,False,1.0,1.0,177000.0,38200.0,1.0,2.0,0.21581920903954802,7,0,2147.0840255984585,3.8830200352492415e-05,0,4.4339141223389455e-06,0.0003332055573935272,0.0,True,0,1,0.0105,0.1083,0.0782,0.03,0.0543,1.0,0.2813
100000001303311100,consolidator,R3,0.603,18,0.6439,"получает 1,3 млн ₸ от 5 плательщиков, отдаёт дальше 0% полученного — признаки консолидации",3,False,False,5.0,0.0,1324000.0,0.0,5.0,0.0,0.0,9,0,4293.682536768295,7.765162013454015e-05,0,0.0,0.0005038967777710388,,True,0,4,0.0149,0.1415,0.0367,0.255,0.0909,1.0,0.539
100000008776420100,peripheral,R8a,0.5,2,0.1331,"разовый входящий 70 тыс ₸ от 1 плательщика, дальше не отправлял; меньше 100 тыс ₸ — признаков роли нет",3,False,False,1.0,0.0,69500.0,0.0,1.0,0.0,0.0,1,0,46.18328389208068,8.352286846182831e-07,0,0.0,0.00029774092272252144,,True,0,1,0.0015,0.0746,0.0367,0.03,0.0148,1.0,0.1576
100000004737764100,terminal,R6,0.656,3,0.3723,"конечный получатель в выборке: получил 600 тыс ₸ от 1 плательщика, исходящих от 5 000 ₸ в банке не наблюдается",3,False,False,1.0,0.0,600000.0,0.0,1.0,0.0,0.0,7,0,9722.651790803817,0.0001758349987673172,0,0.0,0.0006795006612870166,,True,0,1,0.0224,0.1328,0.0367,0.09,0.0543,1.0,0.3362
100000003154105100,peripheral,R8b,0.4,21,0.3487,отдаёт 563% от полученного в выборке (60 тыс ₸ → 338 тыс ₸): входящие извне не видны — признаков роли по данным недостаточно,3,False,False,1.0,7.0,60000.0,338000.0,1.0,9.0,5.633333333333334,7,0,4964.691324847687,8.97868721175842e-05,0,0.0001424898765678925,0.0005530271649049961,0.16272189349112426,True,0,1,0.016,0.1235,0.0948,0.03,0.0543,1.0,0.3186
100000008708025100,peripheral,R8a,0.5,29,0.1031,"разовый входящий 10 тыс ₸ от 1 плательщика, дальше не отправлял; меньше 100 тыс ₸ — признаков роли нет",3,False,False,1.0,0.0,10000.0,0.0,1.0,0.0,0.0,7,0,110.40802685025436,1.9967387172580605e-06,0,0.0,0.0003106766055378161,,True,0,1,0.0024,0.0118,0.0367,0.03,0.0543,1.0,0.1352
100000008740793100,peripheral,R8a,0.5,2,0.0768,"разовый входящий 21 тыс ₸ от 1 плательщика, дальше не отправлял; меньше 100 тыс ₸ — признаков роли нет",3,False,False,1.0,0.0,21000.0,0.0,1.0,0.0,0.0,1,0,13.95466131990927,2.5237125722279056e-07,0,0.0,0.0002901399803585203,,True,0,1,0.0008,0.0333,0.0367,0.03,0.0148,1.0,0.1156
100000008459449100,peripheral,R8a,0.5,1,0.1828,"разовый входящий 54 тыс ₸ от 1 плательщика, дальше не отправлял; меньше 100 тыс ₸ — признаков роли нет",3,False,False,1.0,0.0,53700.0,0.0,1.0,0.0,0.0,7,0,651.4034586137695,1.1780687903552783e-05,0,0.0,0.0003009130040693614,,True,0,1,0.0058,0.0679,0.0367,0.03,0.0543,1.0,0.1947
100000008677518100,peripheral,R8a,0.5,2,0.1166,"разовый входящий 49 тыс ₸ от 1 плательщика, дальше не отправлял; меньше 100 тыс ₸ — признаков роли нет",3,False,False,1.0,0.0,48700.0,0.0,1.0,0.0,0.0,1,0,32.3615241085515,5.852609631785667e-07,0,0.0,0.0002944811371313622,,True,0,1,0.0013,0.0625,0.0367,0.03,0.0148,1.0,0.1453
100000002212494100,terminal,R6,0.541,32,0.3068,"конечный получатель в выборке: получил 160 тыс ₸ от 1 плательщика, исходящих от 5 000 ₸ в банке не наблюдается",3,False,False,1.0,0.0,160000.0,0.0,1.0,0.0,0.0,7,0,735.5846857508388,1.3303112679052644e-05,0,0.0,0.000358195951413374,,True,0,1,0.0062,0.1001,0.0367,0.09,0.0543,1.0,0.2873
100000001825934100,peripheral,R8b,0.4,36,0.2406,отдаёт 242% от полученного в выборке (40 тыс ₸ → 97 тыс ₸): входящие извне не видны — признаков роли по данным недостаточно,3,False,False,1.0,1.0,40000.0,97000.0,1.0,1.0,2.425,1,0,10104.046242774568,0.00018273255042658467,0,1.0077077550770332e-06,0.00047792600695490046,0.0,False,0,1,0.0228,0.0948,0.0755,0.03,0.0148,1.0,0.2379
100000003736419100,transit,R4,0.65,1,0.336,пропускает дальше 43% полученного (23 тыс ₸ → 10 тыс ₸); 100% ушло за ≤2 дн. — признаки транзита,3,False,False,1.0,1.0,23300.0,10000.0,1.0,1.0,0.4291845493562232,7,0,282.6387446126784,5.111546148096459e-06,0,1.9549530448494444e-05,0.0002929511742149037,1.0,True,0,1,0.0038,0.05,0.081,0.12,0.0543,1.0,0.3091
100000008430691100,peripheral,R8b,0.4,49,0.3334,отдаёт 3024% от полученного в выборке (20 тыс ₸ → 605 тыс ₸): входящие извне не видны — признаков роли по данным недостаточно,3,False,False,1.0,2.0,20000.0,604900.0,1.0,2.0,30.245,7,0,653.767452424642,1.1823440936137356e-05,0,1.9952613550525257e-05,0.0003083451989143688,0.03306331625061994,True,1,1,0.0058,0.1335,0.0836,0.03,0.0543,1.0,0.3072
100000003073635100,terminal,R6,0.522,6,0.2988,"конечный получатель в выборке: получил 129 тыс ₸ от 1 плательщика, исходящих от 5 000 ₸ в банке не наблюдается",3,False,False,1.0,0.0,129231.0,0.0,1.0,0.0,0.0,7,0,859.5804760286404,1.5545587273408886e-05,0,0.0,0.0003132475837831195,,True,0,1,0.0067,0.0936,0.0367,0.09,0.0543,1.0,0.2813
100000001686328100,terminal,R6,0.529,7,0.3495,"конечный получатель в выборке: получил 140 тыс ₸ от 1 плательщика, исходящих от 5 000 ₸ в банке не наблюдается",3,False,False,1.0,0.0,140000.0,0.0,1.0,0.0,0.0,9,0,767.9150635127539,1.3887810357857744e-05,0,0.0,0.00031645902449252086,,True,0,1,0.0063,0.0953,0.0367,0.09,0.0909,1.0,0.3192
100000008707810100,peripheral,R8a,0.5,2,0.0882,"разовый входящий 26 тыс ₸ от 1 плательщика, дальше не отправлял; меньше 100 тыс ₸ — признаков роли нет",3,False,False,1.0,0.0,26200.0,0.0,1.0,0.0,0.0,1,0,17.410101265791567,3.148631875827197e-07,0,0.0,0.0002909549267563101,,True,0,1,0.0009,0.0417,0.0367,0.03,0.0148,1.0,0.1241
100000001236706100,peripheral,R8c,0.5,14,0.3388,"вход 3 / выход 2, оборот 179 тыс ₸ — признаков роли нет",3,False,False,3.0,2.0,142700.0,36000.0,3.0,2.0,0.25227750525578135,7,0,23827.67148481967,0.0004309255001936998,0,3.9905227101050515e-05,0.0007695577991874919,0.0,True,0,2,0.035,0.1031,0.0888,0.03,0.0543,1.0,0.3112
100000008536546100,terminal,R6,0.58,18,0.3576,"конечный получатель в выборке: получил 250 тыс ₸ от 2 плательщиков, исходящих от 5 000 ₸ в банке не наблюдается",3,False,False,2.0,0.0,250000.0,0.0,2.0,0.0,0.0,8,0,79.67510365369186,1.440931142467104e-06,0,0.0,0.00031866747443015295,,True,0,2,0.002,0.1126,0.0367,0.09,0.0839,1.0,0.3252
100000007140834100,peripheral,R8a,0.5,10,0.1209,"разовый входящий 10 тыс ₸ от 1 плательщика, дальше не отправлял; меньше 100 тыс ₸ — признаков роли нет",3,False,False,1.0,0.0,10200.0,0.0,2.0,0.0,0.0,7,0,3548.2035247038953,6.416956770812414e-05,1,0.0,0.0007152984114162458,,True,0,1,0.0135,0.014,0.0367,0.03,0.0543,1.0,0.1485
100000007022818100,peripheral,R8a,0.5,2,0.0667,"разовый входящий 17 тыс ₸ от 1 плательщика, дальше не отправлял; меньше 100 тыс ₸ — признаков роли нет",3,False,False,1.0,0.0,17200.0,0.0,1.0,0.0,0.0,1,0,11.429532128687592,2.0670407734438084e-07,0,0.0,0.00028954444260628927,,True,0,1,0.0008,0.0257,0.0367,0.03,0.0148,1.0,0.108
100000007484343100,terminal,R6,0.5,1,0.2247,"конечный получатель в выборке: получил 27 тыс ₸ от 2 плательщиков, исходящих от 5 000 ₸ в банке не наблюдается",3,False,False,2.0,0.0,26757.0,0.0,2.0,0.0,0.0,7,0,136.13120717987837,2.461944658895201e-06,0,0.0,0.00029042727942479434,,True,0,2,0.0026,0.0424,0.0367,0.09,0.0543,1.0,0.226
100000001379511100,peripheral,R8a,0.5,28,0.1805,"разовый входящий 55 тыс ₸ от 1 плательщика, дальше не отправлял; меньше 100 тыс ₸ — признаков роли нет",3,False,False,1.0,0.0,55000.0,0.0,1.0,0.0,0.0,7,0,187.6751821153519,3.3941219047998715e-06,0,0.0,0.0003086620765902084,,True,0,1,0.0031,0.0689,0.0367,0.03,0.0543,1.0,0.193
100000004569484100,peripheral,R8b,0.4,8,0.3237,отдаёт 159% от полученного в выборке (98 тыс ₸ → 156 тыс ₸): входящие извне не видны — признаков роли по данным недостаточно,3,False,False,2.0,4.0,98312.0,156000.0,3.0,4.0,1.586784929611848,7,0,191.15420727842582,3.4570403758531262e-06,1,0.0028412589305207747,0.0003208064267479821,0.0,True,2,1,0.0031,0.1129,0.0996,0.03,0.0543,1.0,0.2999
100000002948492100,peripheral,R8a,0.5,15,0.1343,"разовый входящий 24 тыс ₸ от 1 плательщика, дальше не отправлял; меньше 100 тыс ₸ — признаков роли нет",3,False,False,1.0,0.0,23660.0,0.0,1.0,0.0,0.0,7,0,26.16021800285958,4.7310980576681433e-07,0,0.0,0.0002935696066281706,,True,0,1,0.0012,0.0363,0.0367,0.03,0.0543,1.0,0.1585
100000002116705100,peripheral,R8a,0.5,2,0.068,"разовый входящий 18 тыс ₸ от 1 плательщика, дальше не отправлял; меньше 100 тыс ₸ — признаков роли нет",3,False,False,1.0,0.0,17600.0,0.0,1.0,0.0,0.0,1,0,11.695335201447769,2.1151114891052924e-07,0,0.0,0.0002896071307907347,,True,0,1,0.0008,0.0267,0.0367,0.03,0.0148,1.0,0.109
100000002481974100,peripheral,R8b,0.4,6,0.3242,отдаёт 356% от полученного в выборке (89 тыс ₸ → 318 тыс ₸): входящие извне не видны — признаков роли по данным недостаточно,3,False,False,2.0,2.0,89447.0,318000.0,2.0,4.0,3.5551779265934016,7,0,213.83358886021009,3.867198953809034e-06,0,3.95021439990197e-05,0.00033314047777107053,0.18553459119496854,True,0,1,0.0033,0.1242,0.0885,0.03,0.0543,1.0,0.3003
100000003920950100,terminal,R6,0.602,9,0.332,"конечный получатель в выборке: получил 323 тыс ₸ от 1 плательщика, исходящих от 5 000 ₸ в банке не наблюдается",3,False,False,1.0,0.0,323290.0,0.0,1.0,0.0,0.0,7,0,842.7267339847346,1.5240785890485978e-05,0,0.0,0.00039344524303186484,,True,0,1,0.0066,0.1185,0.0367,0.09,0.0543,1.0,0.3061
100000000733451100,peripheral,R8b,0.4,14,0.4137,отдаёт 429% от полученного в выборке (70 тыс ₸ → 300 тыс ₸): входящие извне не видны — признаков роли по данным недостаточно,3,False,False,1.0,1.0,70000.0,300000.0,2.0,1.0,4.285714285714286,10,0,20532.39404848118,0.00037133012267492486,1,2.4991152325910422e-05,0.0005435003201234491,0.0,False,0,1,0.0325,0.1218,0.0867,0.03,0.0961,1.0,0.3671
100000005182219100,terminal,R6,0.5,5,0.2638,"конечный получатель в выборке: получил 55 тыс ₸ от 2 плательщиков, исходящих от 5 000 ₸ в банке не наблюдается",3,False,False,2.0,0.0,55000.0,0.0,2.0,0.0,0.0,7,0,548.6964996676968,9.92322366558026e-06,0,0.0,0.0003556910678831752,,True,0,1,0.0053,0.0689,0.0367,0.09,0.0543,1.0,0.2552
100000008633099100,peripheral,R8c,0.5,9,0.2122,"вход 1 / выход 1, оборот 33 тыс ₸ — признаков роли нет",3,False,False,1.0,1.0,19468.0,13500.0,1.0,1.0,0.6934456544072324,7,0,50.74763852025987,9.177754329425007e-07,0,1.9549530448494444e-05,0.0002932679127135582,0.0,True,0,1,0.0016,0.0498,0.081,0.03,0.0543,1.0,0.2167
100000001380107100,peripheral,R8a,0.5,56,0.15,"разовый входящий 6 тыс ₸ от 1 плательщика, дальше не отправлял; меньше 100 тыс ₸ — признаков роли нет",3,False,False,1.0,0.0,6000.0,0.0,1.0,0.0,0.0,10,0,82.23938223938224,1.487306342531391e-06,0,0.0,0.00029225018356480705,,True,0,1,0.0021,0.0053,0.0367,0.03,0.0961,1.0,0.1702
100000008755168100,peripheral,R8a,0.5,2,0.068,"разовый входящий 18 тыс ₸ от 1 плательщика, дальше не отправлял; меньше 100 тыс ₸ — признаков роли нет",3,False,False,1.0,0.0,17600.0,0.0,1.0,0.0,0.0,1,0,11.695335201447769,2.1151114891052924e-07,0,0.0,0.0002896071307907347,,True,0,1,0.0008,0.0267,0.0367,0.03,0.0148,1.0,0.109
100000002628576100,transit,R4,0.65,5,0.4713,пропускает дальше 74% полученного (728 тыс ₸ → 539 тыс ₸); 100% ушло за ≤2 дн. — признаки транзита,3,False,False,2.0,2.0,727882.0,539000.0,3.0,2.0,0.7405046422359668,7,0,837.5293745919012,1.5146791196230184e-05,1,3.909906089698889e-05,0.00031277260421456776,1.0,True,0,1,0.0066,0.1413,0.0879,0.12,0.0543,1.0,0.4101
100000001611488100,terminal,R6,0.678,5,0.3713,"конечный получатель в выборке: получил 779 тыс ₸ от 2 плательщиков, исходящих от 5 000 ₸ в банке не наблюдается",3,False,False,2.0,0.0,779300.0,0.0,3.0,0.0,0.0,7,0,6771.318138093659,0.00012245987433088723,1,0.0,0.0008812402243074099,,True,0,1,0.0187,0.1358,0.0367,0.09,0.0543,1.0,0.3355
100000005375968100,peripheral,R8c,0.5,1,0.3077,"вход 1 / выход 2, оборот 256 тыс ₸ — признаков роли нет",3,False,False,1.0,2.0,170082.0,86000.0,1.0,4.0,0.5056384567443939,7,0,143.9646470741212,2.603613097072823e-06,0,3.909906089698889e-05,0.0002964679282190007,0.3488372093023256,True,0,1,0.0027,0.1131,0.0879,0.03,0.0543,1.0,0.288
100000003581109100,peripheral,R8a,0.5,1,0.1628,"разовый входящий 43 тыс ₸ от 1 плательщика, дальше не отправлял; меньше 100 тыс ₸ — признаков роли нет",3,False,False,1.0,0.0,42750.0,0.0,1.0,0.0,0.0,7,0,36.18542034088664,6.544164573550593e-07,0,0.0,0.00028926659955509106,,True,0,1,0.0014,0.0574,0.0367,0.03,0.0543,1.0,0.1798
100000002933386100,peripheral,R8b,0.4,3,0.2552,отдаёт 387% от полученного в выборке (15 тыс ₸ → 58 тыс ₸): входящие извне не видны — признаков роли по данным недостаточно,3,False,False,1.0,1.0,15000.0,58000.0,1.0,1.0,3.8666666666666667,7,0,299.15911609546583,5.410318495580827e-06,0,2.035569665255607e-05,0.0006555879422541299,0.0,False,0,1,0.0039,0.076,0.0846,0.03,0.0543,1.0,0.2488
100000002284426100,peripheral,R8a,0.5,5,0.198,"разовый входящий 90 тыс ₸ от 1 плательщика, дальше не отправлял; меньше 100 тыс ₸ — признаков роли нет",3,False,False,1.0,0.0,90000.0,0.0,2.0,0.0,0.0,7,0,107.5825837350314,1.945640334083188e-06,1,0.0,0.0002897771523345574,,True,0,1,0.0024,0.0827,0.0367,0.03,0.0543,1.0,0.2061
100000008579978100,peripheral,R8b,0.4,5,0.2662,отдаёт 226% от полученного в выборке (34 тыс ₸ → 77 тыс ₸): входящие извне не видны — признаков роли по данным недостаточно,3,False,False,1.0,1.0,34000.0,77000.0,1.0,6.0,2.264705882352941,7,0,40.642309411011865,7.3501968176476e-07,0,1.9549530448494444e-05,0.0002879550979686967,0.35064935064935066,True,0,1,0.0014,0.0903,0.081,0.03,0.0543,1.0,0.257
100000001549194100,peripheral,R8a,0.5,15,0.1671,"разовый входящий 46 тыс ₸ от 1 плательщика, дальше не отправлял; меньше 100 тыс ₸ — признаков роли нет",3,False,False,1.0,0.0,46500.0,0.0,1.0,0.0,0.0,7,0,51.41378432514668,9.298227374537982e-07,0,0.0,0.00030005743697336315,,True,0,1,0.0016,0.0604,0.0367,0.03,0.0543,1.0,0.183
100000001427082100,peripheral,R8b,0.4,21,0.2942,отдаёт 2498% от полученного в выборке (5 тыс ₸ → 125 тыс ₸): входящие извне не видны — признаков роли по данным недостаточно,3,False,False,1.0,5.0,5000.0,124900.0,1.0,6.0,24.98,7,0,1075.2522024937668,1.9446029104824656e-05,0,7.981045420210103e-05,0.0004411710449777202,0.0,True,0,1,0.0074,0.0937,0.0925,0.03,0.0543,1.0,0.2779
100000004657034100,terminal,R6,0.53,5,0.2966,"конечный получатель в выборке: получил 141 тыс ₸ от 1 плательщика, исходящих от 5 000 ₸ в банке не наблюдается",3,False,False,1.0,0.0,141250.0,0.0,1.0,0.0,0.0,7,0,168.8448883619243,3.0535744132138925e-06,0,0.0,0.00029144465744617104,,True,0,1,0.0029,0.0958,0.0367,0.09,0.0543,1.0,0.2797
100000003796063100,distributor,R2,0.617,5,0.629,"рассылает 959 тыс ₸ 15 получателям (23 переводов), плательщиков 1 — признаки веерной раздачи",3,False,False,1.0,15.0,35000.0,959150.0,1.0,23.0,27.404285714285713,7,0,2484.0922675672577,4.4925023563913876e-05,0,0.0011991248385074798,0.000688199194826116,0.03649064275660741,True,1,1,0.0113,0.1388,0.0985,0.225,0.0543,1.0,0.5279
100000005268319100,peripheral,R8b,0.4,1,0.2764,отдаёт 462% от полученного в выборке (20 тыс ₸ → 91 тыс ₸): входящие извне не видны — признаков роли по данным недостаточно,3,False,False,1.0,5.0,19712.8,91000.0,2.0,10.0,4.6162899232985675,7,0,15.432026428510303,2.790895330223462e-07,1,4.1167285378336265e-05,0.00029495231402439337,0.19964615384615383,True,1,1,0.0009,0.0901,0.0893,0.03,0.0543,1.0,0.2646
100000008744799100,peripheral,R8a,0.5,2,0.0546,"разовый входящий 13 тыс ₸ от 1 плательщика, дальше не отправлял; меньше 100 тыс ₸ — признаков роли нет",3,False,False,1.0,0.0,12600.0,0.0,1.0,0.0,0.0,1,0,8.372796791945563,1.5142275433367436e-07,0,0.0,0.00028882352848516753,,True,0,1,0.0007,0.0168,0.0367,0.03,0.0148,1.0,0.099
100000008677215100,peripheral,R8a,0.5,22,0.104,"разовый входящий 9 тыс ₸ от 1 плательщика, дальше не отправлял; меньше 100 тыс ₸ — признаков роли нет",3,False,False,1.0,0.0,9000.0,0.0,1.0,0.0,0.0,7,0,686.5881899603778,1.241700681387424e-05,0,0.0,0.00030580136606680075,,True,0,1,0.0059,0.009,0.0367,0.03,0.0543,1.0,0.1359
100000007593823100,distributor,R2,0.61,1,0.5709,"рассылает 163 тыс ₸ 13 получателям (21 переводов), плательщиков 3 — признаки веерной раздачи",3,False,False,3.0,13.0,25000.0,162900.0,3.0,21.0,6.516,7,0,183.7979548374654,3.324001914050782e-06,0,0.0006929928621521432,0.0002918918938196882,0.09208103130755065,True,1,1,0.0031,0.1042,0.0979,0.225,0.0543,1.0,0.4845
100000001282143100,consolidator,R3,0.603,13,0.6432,"получает 1,7 млн ₸ от 5 плательщиков, отдаёт дальше 0% полученного — признаки консолидации",3,False,False,5.0,0.0,1700000.0,0.0,6.0,0.0,0.0,10,0,857.8266750664858,1.5513869631282664e-05,1,0.0,0.00040353415108230643,,True,0,4,0.0066,0.1441,0.0367,0.255,0.0961,1.0,0.5385
100000008029279100,peripheral,R8a,0.5,6,0.1206,"разовый входящий 17 тыс ₸ от 1 плательщика, дальше не отправлял; меньше 100 тыс ₸ — признаков роли нет",3,False,False,1.0,0.0,17000.0,0.0,1.0,0.0,0.0,7,0,113.07556308073826,2.0449813407615127e-06,0,0.0,0.00029032153496014494,,True,0,1,0.0024,0.0249,0.0367,0.03,0.0543,1.0,0.1483
100000000594783100,transit,R4,0.65,24,0.4271,"пропускает дальше 6% полученного (2,6 млн ₸ → 152 тыс ₸); 100% ушло за ≤2 дн. — признаки транзита",3,False,False,1.0,2.0,2635000.0,152500.0,10.0,2.0,0.05787476280834915,2,0,39380.086989068,0.0007121922800659246,1,0.0,0.0014014693873001065,1.0,True,1,1,0.045,0.1473,0.0367,0.12,0.0281,1.0,0.3771
100000002705460100,peripheral,R8a,0.5,4,0.2351,"разовый входящий 95 тыс ₸ от 1 плательщика, дальше не отправлял; меньше 100 тыс ₸ — признаков роли нет",3,False,False,1.0,0.0,95000.0,0.0,1.0,0.0,0.0,7,0,15005.843117353656,0.00027138197096990697,0,0.0,0.0005601353161873003,,True,0,1,0.0278,0.085,0.0367,0.03,0.0543,1.0,0.2338
100000002952756100,peripheral,R8a,0.5,8,0.1176,"разовый входящий 47 тыс ₸ от 1 плательщика, дальше не отправлял; меньше 100 тыс ₸ — признаков роли нет",3,False,False,1.0,0.0,47000.0,0.0,1.0,0.0,0.0,1,0,231.55517741266365,4.1876954159185705e-06,0,0.0,0.0003693378412493604,,True,0,1,0.0035,0.061,0.0367,0.03,0.0148,1.0,0.146
100000004634420100,peripheral,R8a,0.5,2,0.0876,"разовый входящий 26 тыс ₸ от 1 плательщика, дальше не отправлял; меньше 100 тыс ₸ — признаков роли нет",3,False,False,1.0,0.0,26150.0,0.0,1.0,0.0,0.0,1,0,17.376875881696545,3.1426230363695115e-07,0,0.0,0.00029094709073325446,,True,0,1,0.0009,0.0412,0.0367,0.03,0.0148,1.0,0.1236
100000000583220100,peripheral,R8b,0.4,69,0.3304,отдаёт 15225% от полученного в выборке (5 тыс ₸ → 761 тыс ₸): входящие извне не видны — признаков роли по данным недостаточно,3,False,False,1.0,1.0,5000.0,761255.0,1.0,4.0,152.251,7,0,39.956412824850766,7.22615182665428e-07,0,1.9952613550525257e-05,0.00029944454409515625,0.006568101358940171,True,0,1,0.0014,0.1356,0.0836,0.03,0.0543,1.0,0.3049
100000003286537100,terminal,R6,0.537,7,0.3397,"конечный получатель в выборке: получил 153 тыс ₸ от 2 плательщиков, исходящих от 5 000 ₸ в банке не наблюдается",3,False,False,2.0,0.0,153000.0,0.0,2.0,0.0,0.0,8,0,135.98445335213836,2.4592906032244864e-06,0,0.0,0.00030244091776767524,,True,0,2,0.0026,0.0987,0.0367,0.09,0.0839,1.0,0.3119
100000002958345100,terminal,R6,0.597,13,0.2901,"конечный получатель в выборке: получил 307 тыс ₸ от 1 плательщика, исходящих от 5 000 ₸ в банке не наблюдается",3,False,False,1.0,0.0,307000.0,0.0,1.0,0.0,0.0,2,0,98.46850991669193,1.7808115205974727e-06,0,0.0,0.000301532503753189,,True,0,1,0.0023,0.1177,0.0367,0.09,0.0281,1.0,0.2748
100000005055454100,peripheral,R8a,0.5,30,0.0537,"разовый входящий 6 тыс ₸ от 1 плательщика, дальше не отправлял; меньше 100 тыс ₸ — признаков роли нет",3,False,False,1.0,0.0,6500.0,0.0,1.0,0.0,0.0,1,0,2209.9447513812156,3.996704201651029e-05,0,0.0,0.0005081136848480633,,True,0,1,0.0107,0.0061,0.0367,0.03,0.0148,1.0,0.0983
100000008738526100,peripheral,R8b,0.4,18,0.3225,отдаёт 933% от полученного в выборке (15 тыс ₸ → 140 тыс ₸): входящие извне не видны — признаков роли по данным недостаточно,3,False,False,1.0,1.0,15000.0,140000.0,1.0,1.0,9.333333333333334,8,0,3.491747265386912,6.3148551374206e-08,0,2.1766487509663916e-05,0.00028873979765859704,0.0,True,0,1,0.0004,0.0993,0.0854,0.03,0.0839,1.0,0.299
100000001298099100,peripheral,R8a,0.5,8,0.126,"разовый входящий 19 тыс ₸ от 1 плательщика, дальше не отправлял; меньше 100 тыс ₸ — признаков роли нет",3,False,False,1.0,0.0,19000.0,0.0,1.0,0.0,0.0,7,0,146.6063429019347,2.651388394658464e-06,0,0.0,0.00029395757043285424,,True,0,1,0.0027,0.0286,0.0367,0.03,0.0543,1.0,0.1523
100000006491272100,peripheral,R8a,0.5,2,0.0882,"разовый входящий 26 тыс ₸ от 1 плательщика, дальше не отправлял; меньше 100 тыс ₸ — признаков роли нет",3,False,False,1.0,0.0,26200.0,0.0,1.0,0.0,0.0,1,0,17.410101265791567,3.148631875827197e-07,0,0.0,0.0002909549267563101,,True,0,1,0.0009,0.0417,0.0367,0.03,0.0148,1.0,0.1241
100000000552584100,peripheral,R8c,0.5,24,0.3045,"вход 1 / выход 1, оборот 2,6 млн ₸ — признаков роли нет",3,False,False,1.0,1.0,2500000.0,57500.0,3.0,1.0,0.023,2,0,37362.51137482732,0.0006757042505369303,1,0.0,0.001344363591306038,0.0,True,0,1,0.0439,0.1469,0.0367,0.03,0.0281,1.0,0.2856
100000005187208100,peripheral,R8a,0.5,5,0.1125,"разовый входящий 14 тыс ₸ от 1 плательщика, дальше не отправлял; меньше 100 тыс ₸ — признаков роли нет",3,False,False,1.0,0.0,14160.0,0.0,1.0,0.0,0.0,7,0,85.66803061819311,1.5493137450830288e-06,0,0.0,0.00031336079634925135,,True,0,1,0.0021,0.0191,0.0367,0.03,0.0543,1.0,0.1422
100000003528285100,peripheral,R8b,0.4,3,0.3498,отдаёт 461% от полученного в выборке (119 тыс ₸ → 548 тыс ₸): входящие извне не видны — признаков роли по данным недостаточно,3,False,False,4.0,4.0,118870.0,548000.0,5.0,6.0,4.6100782367292,7,0,1083.5646362683967,1.9596360188768023e-05,1,0.00011701726042347617,0.0004060592827503921,0.1478102189781022,True,0,1,0.0075,0.1341,0.0935,0.03,0.0543,1.0,0.3194
100000001484381100,terminal,R6,0.5,8,0.2844,"конечный получатель в выборке: получил 96 тыс ₸ от 2 плательщиков, исходящих от 5 000 ₸ в банке не наблюдается",3,False,False,2.0,0.0,95585.0,0.0,4.0,0.0,0.0,7,0,353.01722825239654,6.384347113337279e-06,1,0.0,0.0003227340395632289,,True,0,1,0.0043,0.0853,0.0367,0.09,0.0543,1.0,0.2706
100000002508637100,peripheral,R8c,0.5,6,0.2485,"вход 1 / выход 1, оборот 314 тыс ₸ — признаков роли нет",3,False,False,1.0,1.0,306410.0,8000.0,1.0,1.0,0.02610880845925394,1,0,660.8341659171035,1.195124306100737e-05,0,8.061662040616265e-07,0.0003087634022713059,0.0,True,0,1,0.0058,0.118,0.0752,0.03,0.0148,1.0,0.2438
100000003149149100,terminal,R6,0.578,5,0.3197,"конечный получатель в выборке: получил 245 тыс ₸ от 1 плательщика, исходящих от 5 000 ₸ в банке не наблюдается",3,False,False,1.0,0.0,245000.0,0.0,1.0,0.0,0.0,7,0,292.8637001675855,5.296465353893123e-06,0,0.0,0.00029482033852577913,,True,0,1,0.0039,0.112,0.0367,0.09,0.0543,1.0,0.2969
100000001538095100,terminal,R6,0.589,13,0.3751,"конечный получатель в выборке: получил 280 тыс ₸ от 2 плательщиков, исходящих от 5 000 ₸ в банке не наблюдается",3,False,False,2.0,0.0,280000.0,0.0,2.0,0.0,0.0,9,0,657.9724639646114,1.1899488933623642e-05,0,0.0,0.00033160522100154975,,True,0,2,0.0058,0.1149,0.0367,0.09,0.0909,1.0,0.3383
100000008695133100,peripheral,R8a,0.5,2,0.1034,"разовый входящий 37 тыс ₸ от 1 плательщика, дальше не отправлял; меньше 100 тыс ₸ — признаков роли нет",3,False,False,1.0,0.0,36610.0,0.0,1.0,0.0,0.0,1,0,24.32762623437516,4.3996722509173153e-07,0,0.0,0.0002925863867565009,,True,0,1,0.0011,0.0528,0.0367,0.03,0.0148,1.0,0.1354
100000008749405100,peripheral,R8a,0.5,2,0.104,"разовый входящий 37 тыс ₸ от 1 плательщика, дальше не отправлял; меньше 100 тыс ₸ — признаков роли нет",3,False,False,1.0,0.0,37150.0,0.0,1.0,0.0,0.0,1,0,24.6864603826014,4.464567717060319e-07,0,0.0,0.00029267101580550213,,True,0,1,0.0011,0.0533,0.0367,0.03,0.0148,1.0,0.1359
100000005815602100,peripheral,R8b,0.4,4,0.3024,отдаёт 825% от полученного в выборке (20 тыс ₸ → 165 тыс ₸): входящие извне не видны — признаков роли по данным недостаточно,3,False,False,1.0,1.0,20000.0,165000.0,1.0,1.0,8.25,7,0,3188.8426541141685,5.767049527431207e-05,0,1.975107199950985e-05,0.0005545821449232094,0.0,True,0,1,0.0128,0.1039,0.083,0.03,0.0543,1.0,0.284
100000006641671100,transit,R4,0.85,6,0.346,пропускает дальше 114% полученного (22 тыс ₸ → 25 тыс ₸); 80% ушло за ≤2 дн. — признаки транзита,3,False,False,2.0,1.0,22000.0,25000.0,2.0,3.0,1.1363636363636365,7,0,152.4169781007456,2.756474234921368e-06,0,5.542392652923682e-06,0.00044192889093848446,0.8,True,0,1,0.0028,0.061,0.0785,0.12,0.0543,1.0,0.3166
100000002945031100,peripheral,R8a,0.5,14,0.1158,"разовый входящий 15 тыс ₸ от 1 плательщика, дальше не отправлял; меньше 100 тыс ₸ — признаков роли нет",3,False,False,1.0,0.0,15000.0,0.0,1.0,0.0,0.0,7,0,162.08804036859195,2.9313762327028618e-06,0,0.0,0.0002924242452927991,,True,0,1,0.0029,0.0208,0.0367,0.03,0.0543,1.0,0.1447
100000003497735100,terminal,R6,0.519,19,0.2984,"конечный получатель в выборке: получил 125 тыс ₸ от 1 плательщика, исходящих от 5 000 ₸ в банке не наблюдается",3,False,False,1.0,0.0,125000.0,0.0,1.0,0.0,0.0,7,0,927.2720246331353,1.6769794786084302e-05,0,0.0,0.0003083147121575596,,True,0,1,0.0069,0.0931,0.0367,0.09,0.0543,1.0,0.281
100000004644615100,peripheral,R8b,0.4,8,0.2564,отдаёт 747% от полученного в выборке (51 тыс ₸ → 380 тыс ₸): входящие извне не видны — признаков роли по данным недостаточно,3,False,False,1.0,2.0,50810.0,379665.0,1.0,14.0,7.472249557173785,1,0,250.3259269007966,4.527166044315374e-06,0,1.2092493060924398e-06,0.0003760247147405899,0.045829876338350915,True,0,1,0.0036,0.1253,0.076,0.03,0.0148,1.0,0.2497
100000002755292100,terminal,R6,0.562,5,0.313,"конечный получатель в выборке: получил 203 тыс ₸ от 1 плательщика, исходящих от 5 000 ₸ в банке не наблюдается",3,False,False,1.0,0.0,203400.0,0.0,1.0,0.0,0.0,7,0,243.13663924117097,4.397147155028005e-06,0,0.0,0.0002934668124254254,,True,0,1,0.0035,0.1074,0.0367,0.09,0.0543,1.0,0.2919
100000005142492100,peripheral,R8b,0.4,10,0.1939,отдаёт 570% от полученного в выборке (10 тыс ₸ → 57 тыс ₸): входящие извне не видны — признаков роли по данным недостаточно,3,False,False,1.0,1.0,10000.0,57000.0,1.0,1.0,5.7,7,0,1224.2979052011897,2.2141533532600417e-05,0,0.0,0.0019364373419465068,0.17543859649122806,True,1,1,0.0079,0.0741,0.0367,0.03,0.0543,1.0,0.203
100000002893020100,peripheral,R8a,0.5,8,0.1255,"разовый входящий 18 тыс ₸ от 1 плательщика, дальше не отправлял; меньше 100 тыс ₸ — признаков роли нет",3,False,False,1.0,0.0,18340.0,0.0,1.0,0.0,0.0,7,0,141.51370151692012,2.5592875346334855e-06,0,0.0,0.0002937106359570599,,True,0,1,0.0027,0.0282,0.0367,0.03,0.0543,1.0,0.1519
100000004500444100,transit,R4,0.65,15,0.422,пропускает дальше 41% полученного (180 тыс ₸ → 74 тыс ₸); 100% ушло за ≤2 дн. — признаки транзита,3,False,False,2.0,1.0,180000.0,74000.0,7.0,5.0,0.4111111111111111,7,0,199.02110061347102,3.5993138224017998e-06,2,1.975107199950985e-05,0.0004664881535312959,1.0,True,0,1,0.0032,0.1128,0.083,0.12,0.0543,1.0,0.3733
100000008454065100,peripheral,R8a,0.5,15,0.1362,"разовый входящий 24 тыс ₸ от 1 плательщика, дальше не отправлял; меньше 100 тыс ₸ — признаков роли нет",3,False,False,1.0,0.0,24050.0,0.0,1.0,0.0,0.0,7,0,26.591430387522102,4.809083190486849e-07,0,0.0,0.00029368038831970413,,True,0,1,0.0012,0.0377,0.0367,0.03,0.0543,1.0,0.1599
100000008416433100,peripheral,R8a,0.5,15,0.1267,"разовый входящий 20 тыс ₸ от 1 плательщика, дальше не отправлял; меньше 100 тыс ₸ — признаков роли нет",3,False,False,1.0,0.0,20000.0,0.0,1.0,0.0,0.0,7,0,22.113455623719002,3.999237580446444e-07,0,0.0,0.00029252996306147164,,True,0,1,0.0011,0.0307,0.0367,0.03,0.0543,1.0,0.1528
100000005265073100,peripheral,R8b,0.4,20,0.2199,отдаёт 180% от полученного в выборке (5 тыс ₸ → 9 тыс ₸): входящие извне не видны — признаков роли по данным недостаточно,3,False,False,1.0,1.0,5000.0,9000.0,1.0,1.0,1.8,8,0,422.1008564081858,7.633730505130099e-06,0,2.1363404407633102e-05,0.0003004626618277658,0.0,False,0,1,0.0047,0.0186,0.0852,0.03,0.0839,1.0,0.2224
100000006734214100,transit,R4,0.65,5,0.468,пропускает дальше 6% полученного (610 тыс ₸ → 36 тыс ₸); 72% ушло за ≤2 дн. — признаки транзита,3,False,False,5.0,3.0,610000.0,36000.0,10.0,4.0,0.05901639344262295,7,0,1324.160763385829,2.394756196225223e-05,3,6.046246530462199e-05,0.0006089813456116868,0.7222222222222222,True,0,2,0.0083,0.1339,0.0912,0.12,0.0543,1.0,0.4077
100000002611334100,peripheral,R8c,0.5,1,0.2424,"вход 1 / выход 1, оборот 64 тыс ₸ — признаков роли нет",3,False,False,1.0,1.0,48288.0,15500.0,1.0,1.0,0.3209907223326706,7,0,37.80192018282058,6.836509968438301e-07,0,1.9549530448494444e-05,0.00030669889928359713,0.0,True,0,1,0.0014,0.0725,0.081,0.03,0.0543,1.0,0.2392
100000006225798100,peripheral,R8c,0.5,17,0.3448,"вход 3 / выход 2, оборот 748 тыс ₸ — признаков роли нет",3,False,False,3.0,2.0,722000.0,26300.0,4.0,2.0,0.03642659279778394,7,0,1353.7827303619229,2.4483277797684446e-05,1,3.909906089698889e-05,0.0003615536458408237,0.0,False,0,1,0.0084,0.1351,0.0879,0.03,0.0543,1.0,0.3157
100000002849158100,consolidator,R3,0.55,7,0.706,"получает 723 тыс ₸ от 3 плательщиков, отдаёт дальше 182% полученного — признаки консолидации",3,False,False,3.0,1.0,723000.0,1313000.0,3.0,3.0,1.8160442600276625,9,0,1093.1815693921142,1.97702832562951e-05,0,2.3177278366771764e-05,0.0003377410135067874,0.5506473724295506,True,0,3,0.0075,0.1457,0.0863,0.255,0.0909,1.0,0.5854
100000008686214100,peripheral,R8a,0.5,6,0.1414,"разовый входящий 25 тыс ₸ от 1 плательщика, дальше не отправлял; меньше 100 тыс ₸ — признаков роли нет",3,False,False,1.0,0.0,25000.0,0.0,1.0,0.0,0.0,7,0,271.6929201396156,4.9135899655507965e-06,0,0.0,0.0002990588308566357,,True,0,1,0.0037,0.0391,0.0367,0.03,0.0543,1.0,0.1638
100000004931931100,peripheral,R8b,0.4,1,0.2484,отдаёт 188% от полученного в выборке (24 тыс ₸ → 45 тыс ₸): входящие извне не видны — признаков роли по данным недостаточно,3,False,False,1.0,1.0,23938.0,45000.0,1.0,1.0,1.8798562954298605,7,0,290.37795143941185,5.251510373095838e-06,0,1.9549530448494444e-05,0.0002931182678809282,0.0,True,0,1,0.0039,0.0745,0.081,0.03,0.0543,1.0,0.2437
100000007510875100,peripheral,R8a,0.5,9,0.0418,"разовый входящий 5 тыс ₸ от 1 плательщика, дальше не отправлял; меньше 100 тыс ₸ — признаков роли нет",3,False,False,1.0,0.0,5000.0,0.0,1.0,0.0,0.0,1,0,592.0393182472893,1.070708228928652e-05,0,0.0,0.000357917009167373,,True,0,1,0.0055,0.0024,0.0367,0.03,0.0148,1.0,0.0894
100000005233755100,transit,R4,0.65,17,0.3288,пропускает дальше 20% полученного (25 тыс ₸ → 5 тыс ₸); 100% ушло за ≤2 дн. — признаки транзита,3,False,False,1.0,1.0,25000.0,5000.0,1.0,1.0,0.2,7,0,93.99572534519795,1.699920824670359e-06,0,1.9549530448494444e-05,0.0002929125337123531,1.0,True,0,1,0.0022,0.0462,0.081,0.12,0.0543,1.0,0.3037
100000008042075100,peripheral,R8a,0.5,24,0.0383,"разовый входящий 5 тыс ₸ от 1 плательщика, дальше не отправлял; меньше 100 тыс ₸ — признаков роли нет",3,False,False,1.0,0.0,5000.0,0.0,1.0,0.0,0.0,1,0,159.77443609022555,2.8895344991729827e-06,0,0.0,0.0002932622491795621,,True,0,1,0.0029,0.0024,0.0367,0.03,0.0148,1.0,0.0868
100000001680944100,terminal,R6,0.619,18,0.392,"конечный получатель в выборке: получил 393 тыс ₸ от 1 плательщика, исходящих от 5 000 ₸ в банке не наблюдается",3,False,False,1.0,0.0,393000.0,0.0,1.0,0.0,0.0,9,0,2071.097867026857,3.745598410097467e-05,0,0.0,0.0003471234176199122,,True,0,1,0.0103,0.123,0.0367,0.09,0.0909,1.0,0.3509
100000008417029100,terminal,R6,0.5,7,0.3371,"конечный получатель в выборке: получил 100 тыс ₸ от 1 плательщика, исходящих от 5 000 ₸ в банке не наблюдается",3,False,False,1.0,0.0,100000.0,0.0,1.0,0.0,0.0,9,0,548.5107596519671,9.91986454132696e-06,0,0.0,0.00030799897483041157,,True,0,1,0.0053,0.087,0.0367,0.09,0.0909,1.0,0.3099
100000004975919100,peripheral,R8c,0.5,6,0.2279,"вход 1 / выход 2, оборот 37 тыс ₸ — признаков роли нет",3,False,False,1.0,2.0,22351.0,15000.0,1.0,2.0,0.6711109122634334,7,0,148.66775943632828,2.6886692910212096e-06,0,3.909906089698889e-05,0.00029141461340773724,0.0,False,0,1,0.0028,0.0534,0.0879,0.03,0.0543,1.0,0.2284
100000003087877100,peripheral,R8a,0.5,6,0.1474,"разовый входящий 91 тыс ₸ от 1 плательщика, дальше не отправлял; меньше 100 тыс ₸ — признаков роли нет",3,False,False,1.0,0.0,91486.0,0.0,1.0,0.0,0.0,1,0,197.30777227600973,3.5683281311945443e-06,0,0.0,0.00029339196175939467,,True,0,1,0.0032,0.0836,0.0367,0.03,0.0148,1.0,0.1683
100000008295429100,terminal,R6,0.609,5,0.3322,"конечный получатель в выборке: получил 352 тыс ₸ от 1 плательщика, исходящих от 5 000 ₸ в банке не наблюдается",3,False,False,1.0,0.0,352000.0,0.0,1.0,0.0,0.0,7,0,420.7674386081228,7.609615528858691e-06,0,0.0,0.0002983017638319773,,True,0,1,0.0047,0.1206,0.0367,0.09,0.0543,1.0,0.3063
100000003254277100,transit,R4,0.85,1,0.3788,пропускает дальше 91% полученного (49 тыс ₸ → 45 тыс ₸); 100% ушло за ≤2 дн. — признаки транзита,3,False,False,1.0,1.0,49200.0,44997.0,1.0,1.0,0.9145731707317073,7,0,41.644974988809885,7.531529754823138e-07,0,1.9549530448494444e-05,0.0002896313827194348,1.0,True,0,1,0.0015,0.0843,0.081,0.12,0.0543,1.0,0.3411
100000005314565100,terminal,R6,0.568,1,0.3142,"конечный получатель в выборке: получил 218 тыс ₸ от 1 плательщика, исходящих от 5 000 ₸ в банке не наблюдается",3,False,False,1.0,0.0,218500.0,0.0,3.0,0.0,0.0,7,0,171.0511837298355,3.0934754558146302e-06,1,0.0,0.0003766690051845039,,True,0,1,0.003,0.1088,0.0367,0.09,0.0543,1.0,0.2928
100000002951898100,peripheral,R8a,0.5,15,0.16,"разовый входящий 40 тыс ₸ от 1 плательщика, дальше не отправлял; меньше 100 тыс ₸ — признаков роли нет",3,False,False,1.0,0.0,39990.0,0.0,1.0,0.0,0.0,7,0,44.21585451962615,7.996475542102666e-07,0,0.0,0.0002982082348916117,,True,0,1,0.0015,0.0552,0.0367,0.03,0.0543,1.0,0.1777
100000001009583100,terminal,R6,0.619,5,0.336,"конечный получатель в выборке: получил 394 тыс ₸ от 1 плательщика, исходящих от 5 000 ₸ в банке не наблюдается",3,False,False,1.0,0.0,393740.0,0.0,1.0,0.0,0.0,7,0,470.6618502203474,8.511960279354605e-06,0,0.0,0.00029965984506824566,,True,0,1,0.0049,0.1232,0.0367,0.09,0.0543,1.0,0.3091
100000004064431100,transit,R4,0.65,23,0.2764,пропускает дальше 38% полученного (26 тыс ₸ → 10 тыс ₸); 100% ушло за ≤2 дн. — признаки транзита,3,False,False,1.0,1.0,26000.0,10000.0,1.0,1.0,0.38461538461538464,1,0,61.2834111049343,1.108315791612057e-06,0,1.0077077550770332e-06,0.0002923557506606158,1.0,True,0,1,0.0018,0.0525,0.0755,0.12,0.0148,1.0,0.2646
100000001927599100,terminal,R6,0.555,8,0.3604,"конечный получатель в выборке: получил 188 тыс ₸ от 2 плательщиков, исходящих от 5 000 ₸ в банке не наблюдается",3,False,False,2.0,0.0,188000.0,0.0,2.0,0.0,0.0,9,0,552.2963133664108,9.98832660775028e-06,0,0.0,0.00032870991922145573,,True,0,2,0.0053,0.1044,0.0367,0.09,0.0909,1.0,0.3273
100000007737775100,peripheral,R8a,0.5,11,0.1387,"разовый входящий 6 тыс ₸ от 1 плательщика, дальше не отправлял; меньше 100 тыс ₸ — признаков роли нет",3,False,False,1.0,0.0,6000.0,0.0,1.0,0.0,0.0,8,0,669.8122016775731,1.2113611614447518e-05,0,0.0,0.0003044690118995232,,True,0,1,0.0059,0.0053,0.0367,0.03,0.0839,1.0,0.1618
100000003157679100,consolidator,R3,0.577,7,0.6198,"получает 541 тыс ₸ от 4 плательщиков, отдаёт дальше 0% полученного — признаки консолидации",3,False,False,4.0,0.0,541000.0,0.0,4.0,0.0,0.0,9,0,1036.5075175643208,1.8745328125977196e-05,0,0.0,0.00037450565257694227,,True,0,2,0.0073,0.1311,0.0367,0.255,0.0909,1.0,0.521
100000001229743100,peripheral,R8b,0.4,1,0.1758,отдаёт 129% от полученного в выборке (7 тыс ₸ → 9 тыс ₸): входящие извне не видны — признаков роли по данным недостаточно,3,False,False,1.0,1.0,7000.0,9000.0,1.0,1.0,1.2857142857142858,7,0,5.479900622923791,9.910447684531997e-08,0,1.9549530448494444e-05,0.0002897263842292141,0.0,True,0,1,0.0005,0.0237,0.081,0.03,0.0543,1.0,0.1895
100000003795588100,terminal,R6,0.62,1,0.3436,"конечный получатель в выборке: получил 400 тыс ₸ от 1 плательщика, исходящих от 5 000 ₸ в банке не наблюдается",3,False,False,1.0,0.0,400000.0,0.0,2.0,0.0,0.0,7,0,1939.9842401038095,3.508478281510752e-05,1,0.0,0.00032246593786746703,,True,0,1,0.01,0.1238,0.0367,0.09,0.0543,1.0,0.3148
100000002301828100,peripheral,R8a,0.5,17,0.1687,"разовый входящий 47 тыс ₸ от 1 плательщика, дальше не отправлял; меньше 100 тыс ₸ — признаков роли нет",3,False,False,1.0,0.0,46977.0,0.0,1.0,0.0,0.0,7,0,115.508312495273,2.088977824386536e-06,0,0.0,0.0002942734705263048,,True,0,1,0.0024,0.0608,0.0367,0.03,0.0543,1.0,0.1842
100000005409156100,terminal,R6,0.583,5,0.3242,"конечный получатель в выборке: получил 260 тыс ₸ от 2 плательщиков, исходящих от 5 000 ₸ в банке не наблюдается",3,False,False,2.0,0.0,260080.0,0.0,2.0,0.0,0.0,7,0,655.1808371206478,1.1849002120640023e-05,0,0.0,0.0004257878959058129,,True,0,1,0.0058,0.1135,0.0367,0.09,0.0543,1.0,0.3003
100000002513028100,peripheral,R8b,0.4,61,0.3218,отдаёт 3502% от полученного в выборке (10 тыс ₸ → 333 тыс ₸): входящие извне не видны — признаков роли по данным недостаточно,3,False,False,1.0,3.0,9500.0,332709.0,1.0,24.0,35.022,7,0,214.57146592153595,3.88054352429868e-06,0,6.167171461071443e-05,0.0003069595520475045,0.0,False,0,1,0.0033,0.1195,0.0914,0.03,0.0543,1.0,0.2985
100000003218308100,peripheral,R8a,0.5,1,0.1052,"разовый входящий 11 тыс ₸ от 1 плательщика, дальше не отправлял; меньше 100 тыс ₸ — признаков роли нет",3,False,False,1.0,0.0,11165.0,0.0,1.0,0.0,0.0,7,0,9.450531417684195,1.7091367827764296e-07,0,0.0,0.00028748029316039386,,True,0,1,0.0007,0.0151,0.0367,0.03,0.0543,1.0,0.1368
100000008489604100,peripheral,R8a,0.5,2,0.0517,"разовый входящий 11 тыс ₸ от 1 плательщика, дальше не отправлял; меньше 100 тыс ₸ — признаков роли нет",3,False,False,1.0,0.0,11000.0,0.0,1.0,0.0,0.0,1,0,7.3095845009048555,1.3219446806908078e-07,0,0.0,0.00028857277574738605,,True,0,1,0.0006,0.0147,0.0367,0.03,0.0148,1.0,0.0968
100000004450649100,peripheral,R8c,0.5,5,0.3176,"вход 2 / выход 2, оборот 239 тыс ₸ — признаков роли нет",3,False,False,2.0,2.0,192528.0,46527.0,2.0,2.0,0.24166355023684866,7,0,550.9765153585856,9.964457946599774e-06,0,0.00014112611207268822,0.00030028944226482716,0.11234337051604444,True,0,1,0.0053,0.1112,0.0946,0.03,0.0543,1.0,0.2954
100000008767065100,peripheral,R8a,0.5,18,0.151,"разовый входящий 10 тыс ₸ от 1 плательщика, дальше не отправлял; меньше 100 тыс ₸ — признаков роли нет",3,False,False,1.0,0.0,10000.0,0.0,1.0,0.0,0.0,9,0,52.69969127294801,9.530784758517727e-07,0,0.0,0.00028838255466864403,,True,0,1,0.0016,0.0118,0.0367,0.03,0.0909,1.0,0.171
100000003035737100,transit,R4,0.65,5,0.4571,пропускает дальше 1% полученного (809 тыс ₸ → 7 тыс ₸); 100% ушло за ≤2 дн. — признаки транзита,3,False,False,2.0,1.0,809170.0,6544.53,3.0,1.0,0.008087954323566123,7,0,1136.4543149455153,2.05528746032605e-05,1,1.9549530448494444e-05,0.0003804662536680154,1.0,True,0,1,0.0077,0.1365,0.081,0.12,0.0543,1.0,0.3995
100000002748761100,terminal,R6,0.68,13,0.3164,"конечный получатель в выборке: получил 797 тыс ₸ от 1 плательщика, исходящих от 5 000 ₸ в банке не наблюдается",3,False,False,1.0,0.0,796800.0,0.0,3.0,0.0,0.0,2,0,255.56908371863236,4.621988988964385e-06,1,0.0,0.00032495938739367507,,True,0,1,0.0036,0.1361,0.0367,0.09,0.0281,1.0,0.2945
100000008432942100,peripheral,R8a,0.5,1,0.1644,"разовый входящий 45 тыс ₸ от 1 плательщика, дальше не отправлял; меньше 100 тыс ₸ — признаков роли нет",3,False,False,1.0,0.0,44542.0,0.0,2.0,0.0,0.0,7,0,37.70224544617012,6.818483706083988e-07,1,0.0,0.0002893679470636963,,True,0,1,0.0014,0.0586,0.0367,0.03,0.0543,1.0,0.181
100000004278574100,peripheral,R8c,0.5,5,0.2168,"вход 1 / выход 1, оборот 38 тыс ₸ — признаков роли нет",3,False,False,1.0,1.0,25000.0,12500.0,1.0,1.0,0.5,7,0,29.884051037508723,5.404556483564411e-07,0,1.9549530448494444e-05,0.0002876622678027548,0.0,True,0,1,0.0012,0.0536,0.081,0.03,0.0543,1.0,0.2201
100000000926766100,transit,R4,0.65,27,0.2614,пропускает дальше 32% полученного (19 тыс ₸ → 6 тыс ₸); 100% ушло за ≤2 дн. — признаки транзита,3,False,False,1.0,1.0,18750.0,6000.0,1.0,1.0,0.32,7,0,358.73246543793204,6.487707672276979e-06,0,0.0,0.0003193548594629492,1.0,True,1,1,0.0043,0.0381,0.0367,0.12,0.0543,1.0,0.2534
100000008661550100,peripheral,R8a,0.5,2,0.0791,"разовый входящий 23 тыс ₸ от 1 плательщика, дальше не отправлял; меньше 100 тыс ₸ — признаков роли нет",3,False,False,1.0,0.0,22800.0,0.0,1.0,0.0,0.0,1,0,15.150775147330064,2.740030792704583e-07,0,0.0,0.0002904220771885245,,True,0,1,0.0009,0.0349,0.0367,0.03,0.0148,1.0,0.1173
100000000783406100,peripheral,R8a,0.5,35,0.093,"разовый входящий 6 тыс ₸ от 1 плательщика, дальше не отправлял; меньше 100 тыс ₸ — признаков роли нет",3,False,False,1.0,0.0,6066.0,0.0,1.0,0.0,0.0,7,0,19.448948803785235,3.517359216930735e-07,0,0.0,0.0002914935468693822,,True,0,1,0.001,0.0057,0.0367,0.03,0.0543,1.0,0.1277
100000008730371100,terminal,R6,0.643,1,0.3545,"конечный получатель в выборке: получил 520 тыс ₸ от 2 плательщиков, исходящих от 5 000 ₸ в банке не наблюдается",3,False,False,2.0,0.0,520000.0,0.0,3.0,0.0,0.0,7,0,2564.696080975508,4.6382750502637146e-05,1,0.0,0.000861973196196536,,True,0,1,0.0115,0.1304,0.0367,0.09,0.0543,1.0,0.3229
100000002878467100,terminal,R6,0.56,7,0.3522,"конечный получатель в выборке: получил 200 тыс ₸ от 2 плательщиков, исходящих от 5 000 ₸ в банке не наблюдается",3,False,False,2.0,0.0,200000.0,0.0,2.0,0.0,0.0,8,0,314.5321835160166,5.688341749843535e-06,0,0.0,0.0003158075706411269,,True,0,1,0.004,0.1066,0.0367,0.09,0.0839,1.0,0.3212
100000003171587100,peripheral,R8c,0.5,5,0.3514,"вход 2 / выход 2, оборот 1,1 млн ₸ — признаков роли нет",3,False,False,2.0,2.0,700000.0,431300.0,2.0,7.0,0.6161428571428571,7,0,1029.020837281687,1.8609930865374553e-05,0,3.95021439990197e-05,0.00031742126397983584,0.0,True,0,2,0.0073,0.1405,0.0885,0.03,0.0543,1.0,0.3206
100000002696152100,peripheral,R8b,0.4,11,0.3097,отдаёт 317% от полученного в выборке (22 тыс ₸ → 69 тыс ₸): входящие извне не видны — признаков роли по данным недостаточно,3,False,False,1.0,2.0,21800.0,69000.0,3.0,8.0,3.165137614678899,8,0,933.6341891969802,1.6884855082628015e-05,1,2.1766487509663916e-05,0.0012105361210712142,0.1855072463768116,True,1,1,0.0069,0.0833,0.0854,0.03,0.0839,1.0,0.2895
100000002109656100,terminal,R6,0.64,13,0.3068,"конечный получатель в выборке: получил 500 тыс ₸ от 1 плательщика, исходящих от 5 000 ₸ в банке не наблюдается",3,False,False,1.0,0.0,500000.0,0.0,1.0,0.0,0.0,2,0,160.3721659880976,2.900344496087089e-06,0,0.0,0.00031076359510193093,,True,0,1,0.0029,0.1296,0.0367,0.09,0.0281,1.0,0.2873
100000001317336100,peripheral,R8b,0.4,32,0.3563,"отдаёт 1335% от полученного в выборке (131 тыс ₸ → 1,8 млн ₸): входящие извне не видны — признаков роли по данным недостаточно",3,False,False,1.0,2.0,131196.0,1752000.0,1.0,3.0,13.354065672733924,7,0,603.161052698544,1.0908219819006191e-05,0,4.071139330511214e-05,0.00034535168960297307,0.0,True,0,1,0.0056,0.1452,0.0892,0.03,0.0543,1.0,0.3243
100000005222360100,peripheral,R8b,0.4,15,0.2397,отдаёт 540% от полученного в выборке (5 тыс ₸ → 27 тыс ₸): входящие извне не видны — признаков роли по данным недостаточно,3,False,False,1.0,1.0,5000.0,27000.0,1.0,1.0,5.4,7,0,441.4217081105255,7.983149779661533e-06,0,0.0019414132342080988,0.0006042126473248455,0.0,True,0,1,0.0048,0.0492,0.0989,0.03,0.0543,1.0,0.2372
100000001445848100,peripheral,R8c,0.5,35,0.2812,"вход 1 / выход 1, оборот 898 тыс ₸ — признаков роли нет",3,False,False,1.0,1.0,546000.0,351850.0,13.0,14.0,0.6444139194139195,7,0,1750.5977657215199,3.165971204161196e-05,1,0.0,0.0007049174497613803,0.6266875088816257,True,1,1,0.0095,0.1377,0.0367,0.03,0.0543,1.0,0.2682
100000008720856100,peripheral,R8b,0.4,5,0.2476,отдаёт 254% от полученного в выборке (18 тыс ₸ → 46 тыс ₸): входящие извне не видны — признаков роли по данным недостаточно,3,False,False,1.0,1.0,18105.0,46000.0,1.0,2.0,2.5407346037006353,7,0,109.53528914847362,1.980955180418661e-06,0,1.9952613550525257e-05,0.0003207470693495604,0.0,False,0,1,0.0024,0.0728,0.0836,0.03,0.0543,1.0,0.2431
100000002448088100,consolidator,R3,0.55,21,0.5408,"получает 20 тыс ₸ от 3 плательщиков, отдаёт дальше 125% полученного — признаки консолидации",3,False,False,3.0,1.0,20000.0,25000.0,3.0,1.0,1.25,7,0,1343.9645137055693,2.430571450005611e-05,0,2.1161862856617695e-05,0.0005108708923550089,0.4,True,0,2,0.0083,0.0593,0.0851,0.255,0.0543,1.0,0.462
100000003109805100,peripheral,R8a,0.5,17,0.158,"разовый входящий 37 тыс ₸ от 1 плательщика, дальше не отправлял; меньше 100 тыс ₸ — признаков роли нет",3,False,False,1.0,0.0,36929.0,0.0,1.0,0.0,0.0,7,0,90.80201954441401,1.6421623789678012e-06,0,0.0,0.0002926854044457862,,True,0,1,0.0022,0.053,0.0367,0.03,0.0543,1.0,0.1762
100000008223661100,peripheral,R8b,0.4,7,0.3806,отдаёт 130% от полученного в выборке (202 тыс ₸ → 263 тыс ₸): входящие извне не видны — признаков роли по данным недостаточно,3,False,False,2.0,5.0,202000.0,262580.0,2.0,5.0,1.29990099009901,8,0,314.5490917301966,5.688647536359752e-06,0,0.0003309984072843028,0.000316074235622545,0.18748952700129484,True,0,2,0.004,0.1276,0.0969,0.03,0.0839,1.0,0.3424
100000004096559100,peripheral,R8a,0.5,9,0.1559,"разовый входящий 46 тыс ₸ от 1 плательщика, дальше не отправлял; меньше 100 тыс ₸ — признаков роли нет",3,False,False,1.0,0.0,46200.0,0.0,1.0,0.0,0.0,1,0,21081.081081081084,0.00038125317512776506,0,0.0,0.000980603935593979,,True,0,1,0.033,0.0601,0.0367,0.03,0.0148,1.0,0.1746
100000002257794100,terminal,R6,0.538,23,0.2526,"конечный получатель в выборке: получил 154 тыс ₸ от 1 плательщика, исходящих от 5 000 ₸ в банке не наблюдается",3,False,False,1.0,0.0,154000.0,0.0,1.0,0.0,0.0,1,0,744.0685692070891,1.3456544445320651e-05,0,0.0,0.0008642083851019652,,True,0,1,0.0062,0.0991,0.0367,0.09,0.0148,1.0,0.2468
100000003112578100,terminal,R6,0.501,13,0.2491,"конечный получатель в выборке: получил 101 тыс ₸ от 1 плательщика, исходящих от 5 000 ₸ в банке не наблюдается",3,False,False,1.0,0.0,101080.0,0.0,1.0,0.0,0.0,2,0,32.42083707615381,5.863336433289659e-07,0,0.0,0.00029168345540845877,,True,0,1,0.0013,0.0881,0.0367,0.09,0.0281,1.0,0.2442
100000007020162100,peripheral,R8a,0.5,15,0.1959,"разовый входящий 86 тыс ₸ от 1 плательщика, дальше не отправлял; меньше 100 тыс ₸ — признаков роли нет",3,False,False,1.0,0.0,86395.0,0.0,1.0,0.0,0.0,7,0,95.52459993056017,1.727570653813353e-06,0,0.0,0.0003113898359060014,,True,0,1,0.0022,0.0813,0.0367,0.03,0.0543,1.0,0.2045
100000001934935100,terminal,R6,0.515,1,0.2909,"конечный получатель в выборке: получил 119 тыс ₸ от 1 плательщика, исходящих от 5 000 ₸ в банке не наблюдается",3,False,False,1.0,0.0,118935.0,0.0,1.0,0.0,0.0,7,0,100.67164837996145,1.8206554703046543e-06,0,0.0,0.0002935752825590489,,True,0,1,0.0023,0.0921,0.0367,0.09,0.0543,1.0,0.2754
100000002663511100,terminal,R6,0.586,1,0.3284,"конечный получатель в выборке: получил 269 тыс ₸ от 1 плательщика, исходящих от 5 000 ₸ в банке не наблюдается",3,False,False,1.0,0.0,268940.0,0.0,1.0,0.0,0.0,7,0,1304.3484038337963,2.358925372573754e-05,0,0.0,0.0003107959992489006,,True,0,1,0.0082,0.1142,0.0367,0.09,0.0543,1.0,0.3034
100000003338583100,peripheral,R8a,0.5,23,0.0788,"разовый входящий 22 тыс ₸ от 1 плательщика, дальше не отправлял; меньше 100 тыс ₸ — признаков роли нет",3,False,False,1.0,0.0,21765.0,0.0,1.0,0.0,0.0,1,0,51.301286257649814,9.277882001706316e-07,0,0.0,0.0002914587613745198,,True,0,1,0.0016,0.034,0.0367,0.03,0.0148,1.0,0.1171
100000002904919100,peripheral,R8c,0.5,1,0.2471,"вход 1 / выход 1, оборот 66 тыс ₸ — признаков роли нет",3,False,False,1.0,1.0,60325.0,5500.0,1.0,1.0,0.09117281392457521,7,0,292.5738732106558,5.291223808303403e-06,0,1.9549530448494444e-05,0.00029222035263733144,0.0,False,0,1,0.0039,0.0735,0.081,0.03,0.0543,1.0,0.2427
100000005127767100,peripheral,R8a,0.5,40,0.1052,"разовый входящий 7 тыс ₸ от 1 плательщика, дальше не отправлял; меньше 100 тыс ₸ — признаков роли нет",3,False,False,1.0,0.0,7000.0,0.0,1.0,0.0,0.0,7,0,1524.8810707456978,2.757760608566521e-05,0,0.0,0.000424377275977656,,True,0,1,0.0089,0.0069,0.0367,0.03,0.0543,1.0,0.1368
100000004066647100,peripheral,R8a,0.5,19,0.1781,"разовый входящий 51 тыс ₸ от 1 плательщика, дальше не отправлял; меньше 100 тыс ₸ — признаков роли нет",3,False,False,1.0,0.0,51000.0,0.0,1.0,0.0,0.0,7,0,378.3269860503192,6.842076272722396e-06,0,0.0,0.00029560692215996624,,True,0,1,0.0044,0.0658,0.0367,0.03,0.0543,1.0,0.1912
100000002394199100,transit,R4,0.65,9,0.3886,пропускает дальше 28% полученного (277 тыс ₸ → 77 тыс ₸); 100% ушло за ≤2 дн. — признаки транзита,3,False,False,1.0,1.0,277398.0,76777.0,3.0,1.0,0.2767756076107254,1,0,61094.601142320156,0.0011049011471037638,1,0.0,0.0030500008120517906,1.0,True,1,1,0.0561,0.1208,0.0367,0.12,0.0148,1.0,0.3484
100000003968044100,peripheral,R8b,0.4,6,0.3259,отдаёт 778% от полученного в выборке (40 тыс ₸ → 311 тыс ₸): входящие извне не видны — признаков роли по данным недостаточно,3,False,False,1.0,3.0,40000.0,311000.0,1.0,4.0,7.775,7,0,485.21672894880413,8.775186520337268e-06,0,6.67391640623311e-05,0.00029732494258889855,0.0,True,0,1,0.005,0.1206,0.0917,0.03,0.0543,1.0,0.3016
100000001808684100,transit,R4,0.65,10,0.2933,пропускает дальше 78% полученного (48 тыс ₸ → 38 тыс ₸); 80% ушло за ≤2 дн. — признаки транзита,3,False,False,1.0,1.0,48400.0,37700.0,3.0,2.0,0.7789256198347108,1,0,11616.308194145806,0.00021008193864665157,1,0.0,0.00117697024155392,0.7957559681697612,True,1,1,0.0245,0.0812,0.0367,0.12,0.0148,1.0,0.2772
100000008097580100,terminal,R6,0.5,6,0.2357,"конечный получатель в выборке: получил 32 тыс ₸ от 2 плательщиков, исходящих от 5 000 ₸ в банке не наблюдается",3,False,False,2.0,0.0,32000.0,0.0,4.0,0.0,0.0,7,0,310.5222687797721,5.615822094930922e-06,1,0.0,0.0006776944045104046,,True,0,1,0.004,0.0492,0.0367,0.09,0.0543,1.0,0.2342
100000008687617100,peripheral,R8a,0.5,2,0.1101,"разовый входящий 43 тыс ₸ от 1 плательщика, дальше не отправлял; меньше 100 тыс ₸ — признаков роли нет",3,False,False,1.0,0.0,43350.0,0.0,2.0,0.0,0.0,1,0,28.806408010384136,5.209663809813319e-07,1,0.0,0.00029364268266440536,,True,0,1,0.0012,0.0577,0.0367,0.03,0.0148,1.0,0.1404
100000005667841100,terminal,R6,0.554,7,0.3483,"конечный получатель в выборке: получил 186 тыс ₸ от 2 плательщиков, исходящих от 5 000 ₸ в банке не наблюдается",3,False,False,2.0,0.0,186000.0,0.0,2.0,0.0,0.0,8,0,270.61603532303474,4.894114410478966e-06,0,0.0,0.0003136200047158152,,True,0,2,0.0037,0.104,0.0367,0.09,0.0839,1.0,0.3183
100000001329153100,terminal,R6,0.536,1,0.2993,"конечный получатель в выборке: получил 151 тыс ₸ от 1 плательщика, исходящих от 5 000 ₸ в банке не наблюдается",3,False,False,1.0,0.0,150687.0,0.0,1.0,0.0,0.0,7,0,127.54789321420314,2.3067146832622646e-06,0,0.0,0.00029537103372714846,,True,0,1,0.0026,0.0981,0.0367,0.09,0.0543,1.0,0.2817
100000007689942100,peripheral,R8b,0.4,19,0.2126,отдаёт 500% от полученного в выборке (5 тыс ₸ → 25 тыс ₸): входящие извне не видны — признаков роли по данным недостаточно,3,False,False,1.0,2.0,5000.0,25000.0,1.0,2.0,5.0,7,0,105.78377194400825,1.9131086672228816e-06,0,2.0154155101540664e-05,0.0008966241150209633,0.0,False,1,1,0.0023,0.0462,0.0842,0.03,0.0543,1.0,0.217
100000006476758100,peripheral,R8a,0.5,11,0.1407,"разовый входящий 5 тыс ₸ от 1 плательщика, дальше не отправлял; меньше 100 тыс ₸ — признаков роли нет",3,False,False,1.0,0.0,5200.0,0.0,1.0,0.0,0.0,8,0,1560.0,2.821273495945461e-05,0,0.0,0.0005195206437981551,,True,0,1,0.009,0.0037,0.0367,0.03,0.0839,1.0,0.1633
100000002184107100,peripheral,R8a,0.5,35,0.093,"разовый входящий 6 тыс ₸ от 1 плательщика, дальше не отправлял; меньше 100 тыс ₸ — признаков роли нет",3,False,False,1.0,0.0,6066.0,0.0,1.0,0.0,0.0,7,0,19.448948803785235,3.517359216930735e-07,0,0.0,0.0002914935468693822,,True,0,1,0.001,0.0057,0.0367,0.03,0.0543,1.0,0.1277
100000008663723100,peripheral,R8a,0.5,2,0.0625,"разовый входящий 16 тыс ₸ от 1 плательщика, дальше не отправлял; меньше 100 тыс ₸ — признаков роли нет",3,False,False,1.0,0.0,15600.0,0.0,1.0,0.0,0.0,1,0,10.366319837646886,1.874757910797873e-07,0,0.0,0.0002892936898685078,,True,0,1,0.0007,0.0227,0.0367,0.03,0.0148,1.0,0.1049
100000000254336100,transit,R4,0.65,1,0.4019,пропускает дальше 62% полученного (97 тыс ₸ → 60 тыс ₸); 100% ушло за ≤2 дн. — признаки транзита,3,False,False,2.0,1.0,97177.0,60000.0,2.0,1.0,0.6174300503205491,7,0,192.70780933229378,3.485137403403281e-06,0,1.9549530448494444e-05,0.00029324103639831006,1.0,True,0,1,0.0032,0.0998,0.081,0.12,0.0543,1.0,0.3583
100000008750464100,peripheral,R8a,0.5,2,0.0431,"разовый входящий 8 тыс ₸ от 1 плательщика, дальше не отправлял; меньше 100 тыс ₸ — признаков роли нет",3,False,False,1.0,0.0,8500.0,0.0,1.0,0.0,0.0,1,0,5.648315296153752,1.0215027078065333e-07,0,0.0,0.00028818097459460247,,True,0,1,0.0005,0.0084,0.0367,0.03,0.0148,1.0,0.0904
100000001530709100,peripheral,R8a,0.5,1,0.1773,"разовый входящий 54 тыс ₸ от 1 плательщика, дальше не отправлял; меньше 100 тыс ₸ — признаков роли нет",3,False,False,1.0,0.0,53961.0,0.0,1.0,0.0,0.0,7,0,45.674888117300206,8.260343030488035e-07,0,0.0,0.0002899006435946969,,True,0,1,0.0015,0.0681,0.0367,0.03,0.0543,1.0,0.1906
100000000656682100,transit,R4,0.65,1,0.4071,пропускает дальше 113% полученного (71 тыс ₸ → 80 тыс ₸); 0% ушло за ≤2 дн. — признаки транзита,3,False,False,1.0,2.0,71000.0,80000.0,1.0,3.0,1.1267605633802817,7,0,60.09742325620938,1.0868670987651276e-06,0,3.909906089698889e-05,0.00029086429325938726,0.0,True,0,1,0.0018,0.0982,0.0879,0.12,0.0543,1.0,0.3622
100000008755754100,peripheral,R8a,0.5,13,0.043,"разовый входящий 7 тыс ₸ от 1 плательщика, дальше не отправлял; меньше 100 тыс ₸ — признаков роли нет",3,False,False,1.0,0.0,7000.0,0.0,1.0,0.0,0.0,1,0,73.67871891850598,1.3324860057692075e-06,0,0.0,0.0002972222331379366,,True,0,1,0.0019,0.0069,0.0367,0.03,0.0148,1.0,0.0903
100000002691583100,terminal,R6,0.591,26,0.3219,"конечный получатель в выборке: получил 285 тыс ₸ от 1 плательщика, исходящих от 5 000 ₸ в банке не наблюдается",3,False,False,1.0,0.0,285200.0,0.0,1.0,0.0,0.0,7,0,92.03934177112261,1.6645394584816294e-06,0,0.0,0.0003586437302102237,,True,0,1,0.0022,0.1154,0.0367,0.09,0.0543,1.0,0.2986
100000005241556100,terminal,R6,0.5,18,0.3448,"конечный получатель в выборке: получил 100 тыс ₸ от 1 плательщика, исходящих от 5 000 ₸ в банке не наблюдается",3,False,False,1.0,0.0,100000.0,0.0,1.0,0.0,0.0,8,0,6362.441091622753,0.00011506529757249732,0,0.0,0.0005514699829952025,,True,0,1,0.0181,0.087,0.0367,0.09,0.0839,1.0,0.3157
100000004713684100,peripheral,R8a,0.5,1,0.1576,"разовый входящий 38 тыс ₸ от 1 плательщика, дальше не отправлял; меньше 100 тыс ₸ — признаков роли нет",3,False,False,1.0,0.0,37500.0,0.0,1.0,0.0,0.0,7,0,31.741596790251435,5.740495239956659e-07,0,0.0,0.0002889696830259741,,True,0,1,0.0013,0.0536,0.0367,0.03,0.0543,1.0,0.1759
100000006919124100,peripheral,R8a,0.5,1,0.1378,"разовый входящий 25 тыс ₸ от 1 плательщика, дальше не отправлял; меньше 100 тыс ₸ — признаков роли нет",3,False,False,1.0,0.0,25000.0,0.0,1.0,0.0,0.0,7,0,21.16106452683429,3.8269968266377733e-07,0,0.0,0.00028826273890902887,,True,0,1,0.001,0.0391,0.0367,0.03,0.0543,1.0,0.1611
100000003006633100,peripheral,R8a,0.5,35,0.1016,"разовый входящий 10 тыс ₸ от 1 плательщика, дальше не отправлял; меньше 100 тыс ₸ — признаков роли нет",3,False,False,1.0,0.0,10000.0,0.0,1.0,0.0,0.0,7,0,32.062230141419775,5.798482058903289e-07,0,0.0,0.00029450578472433697,,True,0,1,0.0013,0.0118,0.0367,0.03,0.0543,1.0,0.1341
100000008306857100,terminal,R6,0.519,13,0.2559,"конечный получатель в выборке: получил 125 тыс ₸ от 1 плательщика, исходящих от 5 000 ₸ в банке не наблюдается",3,False,False,1.0,0.0,125000.0,0.0,1.0,0.0,0.0,2,0,40.0930414970244,7.250861240217723e-07,0,0.0,0.00029282753678183654,,True,0,1,0.0014,0.0931,0.0367,0.09,0.0281,1.0,0.2493
100000003671721100,peripheral,R8a,0.5,8,0.1411,"разовый входящий 5 тыс ₸ от 1 плательщика, дальше не отправлял; меньше 100 тыс ₸ — признаков роли нет",3,False,False,1.0,0.0,5000.0,0.0,1.0,0.0,0.0,9,0,250.68808674324995,4.533715736397486e-06,0,0.0,0.0005611749629013743,,True,0,1,0.0036,0.0024,0.0367,0.03,0.0909,1.0,0.1636
100000002613929100,peripheral,R8a,0.5,9,0.1978,"разовый входящий 29 тыс ₸ от 1 плательщика, дальше не отправлял; меньше 100 тыс ₸ — признаков роли нет",3,False,False,1.0,0.0,28560.0,0.0,1.0,0.0,0.0,8,0,2390.8443939581707,4.323862770258959e-05,0,0.0,0.0007842467435879506,,True,0,1,0.0111,0.0442,0.0367,0.03,0.0839,1.0,0.2059
100000008669310100,peripheral,R8a,0.5,1,0.1809,"разовый входящий 60 тыс ₸ от 1 плательщика, дальше не отправлял; меньше 100 тыс ₸ — признаков роли нет",3,False,False,1.0,0.0,59567.0,0.0,2.0,0.0,0.0,7,0,50.42004522679753,9.118508798893289e-07,1,0.0,0.0002902176938922645,,True,0,1,0.0016,0.0707,0.0367,0.03,0.0543,1.0,0.1933
100000006573438100,peripheral,R8a,0.5,42,0.0904,"разовый входящий 5 тыс ₸ от 1 плательщика, дальше не отправлял; меньше 100 тыс ₸ — признаков роли нет",3,False,False,1.0,0.0,5000.0,0.0,1.0,0.0,0.0,7,0,102.56712768453727,1.854935377510506e-06,0,0.0,0.0003004220740061178,,True,0,1,0.0023,0.0024,0.0367,0.03,0.0543,1.0,0.1257
100000006165886100,transit,R4,0.65,1,0.4145,пропускает дальше 41% полученного (184 тыс ₸ → 75 тыс ₸); 100% ушло за ≤2 дн. — признаки транзита,3,False,False,2.0,1.0,184481.0,75000.0,2.0,1.0,0.4065459315593476,7,0,478.09147179383194,8.646325628265995e-06,0,7.039558460466703e-07,0.00029989469607229934,1.0,True,0,1,0.005,0.1134,0.075,0.12,0.0543,1.0,0.3677
100000008491390100,peripheral,R8a,0.5,1,0.1561,"разовый входящий 36 тыс ₸ от 1 плательщика, дальше не отправлял; меньше 100 тыс ₸ — признаков роли нет",3,False,False,1.0,0.0,36000.0,0.0,1.0,0.0,0.0,7,0,30.47193291864138,5.510875430358394e-07,0,0.0,0.0002888848497319406,,True,0,1,0.0013,0.0525,0.0367,0.03,0.0543,1.0,0.1748
100000005186131100,transit,R4,0.85,1,0.306,пропускает дальше 100% полученного (10 тыс ₸ → 10 тыс ₸); 100% ушло за ≤2 дн. — признаки транзита,3,False,False,1.0,1.0,10000.0,10000.0,1.0,1.0,1.0,7,0,8.464425810733715,1.530798730655109e-07,0,1.9549530448494444e-05,0.00028741440596869453,1.0,True,0,1,0.0007,0.0307,0.081,0.12,0.0543,1.0,0.2867
100000001550419100,peripheral,R8a,0.5,15,0.1327,"разовый входящий 23 тыс ₸ от 1 плательщика, дальше не отправлял; меньше 100 тыс ₸ — признаков роли нет",3,False,False,1.0,0.0,23000.0,0.0,1.0,0.0,0.0,7,0,25.430473967276853,4.599123217513411e-07,0,0.0,0.0002933821299194216,,True,0,1,0.0011,0.0352,0.0367,0.03,0.0543,1.0,0.1573
100000004979283100,peripheral,R8a,0.5,8,0.1644,"разовый входящий 40 тыс ₸ от 1 плательщика, дальше не отправлял; меньше 100 тыс ₸ — признаков роли нет",3,False,False,1.0,0.0,40132.0,0.0,1.0,0.0,0.0,7,0,309.6634607021286,5.60029047654913e-06,0,0.0,0.00030186396337601485,,True,0,1,0.004,0.056,0.0367,0.03,0.0543,1.0,0.181
100000002537811100,peripheral,R8c,0.5,11,0.3543,"вход 1 / выход 1, оборот 67 тыс ₸ — признаков роли нет",3,False,False,1.0,1.0,52000.0,15000.0,1.0,1.0,0.28846153846153844,11,0,20449.407411466367,0.00036982930216513293,0,2.6805026285049083e-05,0.001236045629091144,0.0,False,0,1,0.0325,0.0741,0.087,0.03,0.0992,1.0,0.3228
100000002990675100,peripheral,R8a,0.5,5,0.175,"разовый входящий 51 тыс ₸ от 1 плательщика, дальше не отправлял; меньше 100 тыс ₸ — признаков роли нет",3,False,False,1.0,0.0,51143.0,0.0,1.0,0.0,0.0,7,0,61.13440088845234,1.1056209289557388e-06,0,0.0,0.0002885128743614458,,True,0,1,0.0018,0.0661,0.0367,0.03,0.0543,1.0,0.1889
100000008763688100,peripheral,R8a,0.5,2,0.0768,"разовый входящий 21 тыс ₸ от 1 плательщика, дальше не отправлял; меньше 100 тыс ₸ — признаков роли нет",3,False,False,1.0,0.0,21000.0,0.0,1.0,0.0,0.0,1,0,13.95466131990927,2.5237125722279056e-07,0,0.0,0.0002901399803585203,,True,0,1,0.0008,0.0333,0.0367,0.03,0.0148,1.0,0.1156
100000002809896100,peripheral,R8a,0.5,8,0.1618,"разовый входящий 38 тыс ₸ от 1 плательщика, дальше не отправлял; меньше 100 тыс ₸ — признаков роли нет",3,False,False,1.0,0.0,38000.0,0.0,1.0,0.0,0.0,7,0,293.2126858038694,5.302776789316928e-06,0,0.0,0.00030106629019057004,,True,0,1,0.0039,0.0541,0.0367,0.03,0.0543,1.0,0.179
100000008716072100,peripheral,R8a,0.5,2,0.0534,"разовый входящий 12 тыс ₸ от 1 плательщика, дальше не отправлял; меньше 100 тыс ₸ — признаков роли нет",3,False,False,1.0,0.0,12100.0,0.0,1.0,0.0,0.0,1,0,8.040542950995341,1.4541391487598886e-07,0,0.0,0.0002887451682546108,,True,0,1,0.0006,0.016,0.0367,0.03,0.0148,1.0,0.0981
100000001279272100,transit,R4,0.65,1,0.4599,пропускает дальше 55% полученного (250 тыс ₸ → 137 тыс ₸); 95% ушло за ≤2 дн. — признаки транзита,3,False,False,1.0,2.0,250000.0,136758.0,1.0,2.0,0.547032,7,0,1212.490150064881,2.19279892594422e-05,0,0.0003043213427888109,0.0003091095301703438,0.9505842437005514,True,0,1,0.0079,0.1229,0.0965,0.12,0.0543,1.0,0.4016
100000001714173100,terminal,R6,0.661,18,0.4303,"конечный получатель в выборке: получил 639 тыс ₸ от 1 плательщика, исходящих от 5 000 ₸ в банке не наблюдается",3,False,False,1.0,0.0,638905.0,0.0,6.0,0.0,0.0,9,0,15479.418996268327,0.0002799466317102982,1,0.0,0.0005731701671023901,,True,0,1,0.0282,0.1337,0.0367,0.09,0.0909,1.0,0.3795
100000008729597100,peripheral,R8a,0.5,6,0.1978,"разовый входящий 83 тыс ₸ от 1 плательщика, дальше не отправлял; меньше 100 тыс ₸ — признаков роли нет",3,False,False,1.0,0.0,83090.0,0.0,1.0,0.0,0.0,7,0,552.6734433163848,9.995147035522004e-06,0,0.0,0.00030382210580697324,,True,0,1,0.0053,0.0796,0.0367,0.03,0.0543,1.0,0.2059
100000002255058100,terminal,R6,0.638,3,0.3042,"конечный получатель в выборке: получил 492 тыс ₸ от 1 плательщика, исходящих от 5 000 ₸ в банке не наблюдается",3,False,False,1.0,0.0,491500.0,0.0,2.0,0.0,0.0,1,0,4357.028182121533,7.879723161094177e-05,1,0.0,0.0004279954121703086,,True,0,1,0.015,0.1289,0.0367,0.09,0.0148,1.0,0.2854
100000006111442100,peripheral,R8a,0.5,7,0.2254,"разовый входящий 64 тыс ₸ от 1 плательщика, дальше не отправлял; меньше 100 тыс ₸ — признаков роли нет",3,False,False,1.0,0.0,64000.0,0.0,1.0,0.0,0.0,8,0,200.75953459648835,3.6307535513808876e-06,0,0.0,0.0002968491520479916,,True,0,1,0.0032,0.0727,0.0367,0.03,0.0839,1.0,0.2265
100000008686247100,peripheral,R8c,0.5,24,0.0965,"вход 1 / выход 1, оборот 27 тыс ₸ — признаков роли нет",3,False,False,1.0,1.0,22000.0,5000.0,2.0,1.0,0.22727272727272727,1,0,703.0075187969925,1.2713951796361126e-05,1,0.0,0.00031506780409460284,0.0,True,1,1,0.006,0.0428,0.0367,0.03,0.0148,1.0,0.1303
100000001893287100,peripheral,R8b,0.4,10,0.1801,отдаёт 848% от полученного в выборке (18 тыс ₸ → 153 тыс ₸): входящие извне не видны — признаков роли по данным недостаточно,3,False,False,1.0,1.0,18000.0,152700.0,3.0,14.0,8.483333333333333,1,0,1477.3232252811222,2.6717518336091637e-05,1,0.0,0.0006209975996733094,0.11787819253438114,True,1,1,0.0087,0.1025,0.0367,0.03,0.0148,1.0,0.1927
100000005172860100,peripheral,R8a,0.5,1,0.1143,"разовый входящий 15 тыс ₸ от 1 плательщика, дальше не отправлял; меньше 100 тыс ₸ — признаков роли нет",3,False,False,1.0,0.0,15209.2,0.0,1.0,0.0,0.0,7,0,11.906414936310362,2.1532854417654866e-07,0,0.0,0.0002931009911509454,,True,0,1,0.0008,0.0218,0.0367,0.03,0.0543,1.0,0.1436
100000001788284100,peripheral,R8b,0.4,27,0.3183,отдаёт 3709% от полученного в выборке (8 тыс ₸ → 297 тыс ₸): входящие извне не видны — признаков роли по данным недостаточно,3,False,False,1.0,5.0,8000.0,296700.0,1.0,8.0,37.0875,7,0,153.05918525351765,2.768088606838178e-06,0,6.046246530462199e-05,0.00030071808109127096,0.026963262554769128,True,1,1,0.0028,0.1176,0.0912,0.03,0.0543,1.0,0.2959
100000008755580100,peripheral,R8a,0.5,2,0.0638,"разовый входящий 16 тыс ₸ от 1 плательщика, дальше не отправлял; меньше 100 тыс ₸ — признаков роли нет",3,False,False,1.0,0.0,16000.0,0.0,1.0,0.0,0.0,1,0,10.632122910407062,1.9228286264593566e-07,0,0.0,0.0002893563780529532,,True,0,1,0.0007,0.0237,0.0367,0.03,0.0148,1.0,0.1059
100000003896956100,peripheral,R8b,0.4,4,0.2176,отдаёт 270% от полученного в выборке (10 тыс ₸ → 27 тыс ₸): входящие извне не видны — признаков роли по данным недостаточно,3,False,False,1.0,1.0,10000.0,27000.0,1.0,2.0,2.7,7,0,104.32239086998881,1.8866794640715524e-06,0,1.9549530448494444e-05,0.00028985689516257434,0.37037037037037035,True,0,1,0.0023,0.0531,0.081,0.03,0.0543,1.0,0.2207
100000002475601100,terminal,R6,0.573,6,0.2661,"конечный получатель в выборке: получил 232 тыс ₸ от 1 плательщика, исходящих от 5 000 ₸ в банке не наблюдается",3,False,False,1.0,0.0,232301.0,0.0,1.0,0.0,0.0,1,0,501.0033536004343,9.060688992901906e-06,0,0.0,0.00030346310037436915,,True,0,1,0.0051,0.1103,0.0367,0.09,0.0148,1.0,0.2569
100000008619857100,peripheral,R8c,0.5,1,0.216,"вход 1 / выход 2, оборот 42 тыс ₸ — признаков роли нет",3,False,False,1.0,2.0,29000.0,13000.0,1.0,2.0,0.4482758620689655,7,0,24.546834851127777,4.439316318899817e-07,0,1.7883551765402e-06,0.0002884889610264513,0.6153846153846154,True,0,1,0.0011,0.0571,0.077,0.03,0.0543,1.0,0.2195
100000001373265100,peripheral,R8c,0.5,6,0.2827,"вход 1 / выход 1, оборот 147 тыс ₸ — признаков роли нет",3,False,False,1.0,1.0,142482.0,5000.0,1.0,1.0,0.0350921519911287,7,0,947.7195516982206,1.7139590082022463e-05,0,1.9549530448494444e-05,0.000315954439045509,0.0,False,0,1,0.007,0.097,0.081,0.03,0.0543,1.0,0.2693
100000004185681100,peripheral,R8a,0.5,3,0.1035,"разовый входящий 10 тыс ₸ от 1 плательщика, дальше не отправлял; меньше 100 тыс ₸ — признаков роли нет",3,False,False,1.0,0.0,10000.0,0.0,1.0,0.0,0.0,7,0,141.37174964605438,2.5567203227682714e-06,0,0.0,0.0005376395235318489,,True,0,1,0.0027,0.0118,0.0367,0.03,0.0543,1.0,0.1355
100000003031633100,terminal,R6,0.623,7,0.3775,"конечный получатель в выборке: получил 414 тыс ₸ от 1 плательщика, исходящих от 5 000 ₸ в банке не наблюдается",3,False,False,1.0,0.0,414000.0,0.0,2.0,0.0,0.0,8,0,465.4443839437962,8.417601950367277e-06,1,0.0,0.0003160314969995537,,True,0,1,0.0049,0.1246,0.0367,0.09,0.0839,1.0,0.3401
100000002632742100,terminal,R6,0.574,7,0.3553,"конечный получатель в выборке: получил 236 тыс ₸ от 2 плательщиков, исходящих от 5 000 ₸ в банке не наблюдается",3,False,False,2.0,0.0,235500.0,0.0,2.0,0.0,0.0,8,0,93.99535221448609,1.6999140765691545e-06,0,0.0,0.00031898063235621146,,True,0,1,0.0022,0.1107,0.0367,0.09,0.0839,1.0,0.3235
100000005847078100,peripheral,R8a,0.5,2,0.0644,"разовый входящий 16 тыс ₸ от 1 плательщика, дальше не отправлял; меньше 100 тыс ₸ — признаков роли нет",3,False,False,1.0,0.0,16300.0,0.0,1.0,0.0,0.0,1,0,10.831475214977196,1.9588816632054697e-07,0,0.0,0.00028940339419128723,,True,0,1,0.0007,0.0241,0.0367,0.03,0.0148,1.0,0.1063
100000002807334100,peripheral,R8a,0.5,5,0.1784,"разовый входящий 55 тыс ₸ от 1 плательщика, дальше не отправлял; меньше 100 тыс ₸ — признаков роли нет",3,False,False,1.0,0.0,54715.0,0.0,1.0,0.0,0.0,7,0,65.4042341006916,1.1828412319929071e-06,0,0.0,0.00028862909540063964,,True,0,1,0.0018,0.0686,0.0367,0.03,0.0543,1.0,0.1914
100000008748795100,peripheral,R8a,0.5,1,0.168,"разовый входящий 47 тыс ₸ от 1 плательщика, дальше не отправлял; меньше 100 тыс ₸ — признаков роли нет",3,False,False,1.0,0.0,47057.0,0.0,1.0,0.0,0.0,7,0,39.83104853756965,7.203479586843748e-07,0,0.0,0.0002895101842200257,,True,0,1,0.0014,0.0613,0.0367,0.03,0.0543,1.0,0.1837
100000003899899100,transit,R4,0.65,4,0.4279,пропускает дальше 5% полученного (218 тыс ₸ → 10 тыс ₸); 100% ушло за ≤2 дн. — признаки транзита,3,False,False,2.0,1.0,218500.0,10000.0,5.0,1.0,0.04576659038901602,7,0,2279.444240509256,4.122394628996343e-05,1,1.975107199950985e-05,0.0006568178039271219,1.0,True,0,1,0.0108,0.1096,0.083,0.12,0.0543,1.0,0.3777
100000002308091100,terminal,R6,0.554,13,0.2645,"конечный получатель в выборке: получил 187 тыс ₸ от 1 плательщика, исходящих от 5 000 ₸ в банке не наблюдается",3,False,False,1.0,0.0,186720.0,0.0,1.0,0.0,0.0,1,0,1965.3271994947768,3.5543112428175204e-05,0,0.0,0.0005635514183113797,,True,0,1,0.0101,0.1041,0.0367,0.09,0.0148,1.0,0.2557
100000008680912100,transit,R4,0.65,25,0.3025,пропускает дальше 13% полученного (45 тыс ₸ → 6 тыс ₸); 100% ушло за ≤2 дн. — признаки транзита,3,False,False,1.0,1.0,45112.0,5990.85,2.0,1.0,0.13279947685759888,7,0,965.3737777580976,1.7458868287626055e-05,1,0.0,0.0005399325205590344,1.0,True,1,1,0.0071,0.066,0.0367,0.12,0.0543,1.0,0.2841
100000008742053100,distributor,R2,0.607,13,0.6601,"рассылает 2,8 млн ₸ 12 получателям (12 переводов), плательщиков 1 — признаки веерной раздачи",3,False,False,1.0,12.0,10000.0,2789000.0,1.0,12.0,278.9,8,0,11.242617969656912,2.0332371860790526e-07,0,0.0001231472859896702,0.0002875537455138924,0.0,True,0,1,0.0008,0.1474,0.094,0.225,0.0839,1.0,0.5511
100000008473765100,peripheral,R8a,0.5,6,0.1502,"разовый входящий 30 тыс ₸ от 1 плательщика, дальше не отправлял; меньше 100 тыс ₸ — признаков роли нет",3,False,False,1.0,0.0,30000.0,0.0,1.0,0.0,0.0,7,0,199.54511131894986,3.6087906013438456e-06,0,0.0,0.000292977117060444,,True,0,1,0.0032,0.0462,0.0367,0.03,0.0543,1.0,0.1704
100000007472293100,peripheral,R8b,0.4,45,0.3675,отдаёт 6918% от полученного в выборке (5 тыс ₸ → 346 тыс ₸): входящие извне не видны — признаков роли по данным недостаточно,3,False,False,1.0,3.0,5000.0,345900.0,1.0,3.0,69.18,9,0,26.349845636474004,4.7653923792588636e-07,0,4.885703099198483e-05,0.00028761570267189123,0.0,True,0,1,0.0012,0.1204,0.0901,0.03,0.0909,1.0,0.3326
100000008753061100,peripheral,R8a,0.5,2,0.0912,"разовый входящий 28 тыс ₸ от 1 плательщика, дальше не отправлял; меньше 100 тыс ₸ — признаков роли нет",3,False,False,1.0,0.0,28400.0,0.0,2.0,0.0,0.0,1,0,18.872018165972538,3.4130208119653583e-07,1,0.0,0.00029129971177075965,,True,0,1,0.001,0.0438,0.0367,0.03,0.0148,1.0,0.1263
100000008501413100,transit,R4,0.85,11,0.3332,пропускает дальше 102% полученного (5 тыс ₸ → 5 тыс ₸); 98% ушло за ≤2 дн. — признаки транзита,3,False,False,1.0,1.0,5000.0,5100.0,1.0,1.0,1.02,8,0,300.37268746258496,5.432266038744234e-06,0,2.156494595864851e-05,0.00036826410450355656,0.9803921568627451,True,0,1,0.0039,0.0139,0.0853,0.12,0.0839,1.0,0.307
100000002748581100,peripheral,R8a,0.5,15,0.1619,"разовый входящий 41 тыс ₸ от 1 плательщика, дальше не отправлял; меньше 100 тыс ₸ — признаков роли нет",3,False,False,1.0,0.0,41180.0,0.0,1.0,0.0,0.0,7,0,45.53160512923743,8.234430178139229e-07,0,0.0,0.00029854626107859853,,True,0,1,0.0015,0.0566,0.0367,0.03,0.0543,1.0,0.1791
100000001384826100,peripheral,R8c,0.5,5,0.3131,"вход 1 / выход 1, оборот 374 тыс ₸ — признаков роли нет",3,False,False,1.0,1.0,364260.0,10000.0,1.0,1.0,0.027452918245209467,7,0,435.4225772369171,7.87465497881269e-06,0,1.9549530448494444e-05,0.0002987006635913604,0.0,True,0,1,0.0047,0.122,0.081,0.03,0.0543,1.0,0.292
100000004099450100,peripheral,R8a,0.5,1,0.1547,"разовый входящий 31 тыс ₸ от 1 плательщика, дальше не отправлял; меньше 100 тыс ₸ — признаков роли нет",3,False,False,1.0,0.0,31000.0,0.0,1.0,0.0,0.0,7,0,455.79403202921816,8.243074501116345e-06,0,0.0,0.00029748999748026387,,True,0,1,0.0048,0.0479,0.0367,0.03,0.0543,1.0,0.1737
100000002926970100,peripheral,R8a,0.5,8,0.1998,"разовый входящий 85 тыс ₸ от 1 плательщика, дальше не отправлял; меньше 100 тыс ₸ — признаков роли нет",3,False,False,1.0,0.0,85000.0,0.0,1.0,0.0,0.0,7,0,655.8704814033921,1.1861474397156285e-05,0,0.0,0.00031865101801228826,,True,0,1,0.0058,0.0806,0.0367,0.03,0.0543,1.0,0.2074
100000002753146100,terminal,R6,0.681,13,0.3167,"конечный получатель в выборке: получил 804 тыс ₸ от 1 плательщика, исходящих от 5 000 ₸ в банке не наблюдается",3,False,False,1.0,0.0,803540.0,0.0,3.0,0.0,0.0,2,0,257.7309005161519,4.661085632771639e-06,1,0.0,0.00032528175814854825,,True,0,1,0.0036,0.1363,0.0367,0.09,0.0281,1.0,0.2947
100000003943247100,peripheral,R8a,0.5,1,0.1603,"разовый входящий 40 тыс ₸ от 1 плательщика, дальше не отправлял; меньше 100 тыс ₸ — признаков роли нет",3,False,False,1.0,0.0,40000.0,0.0,1.0,0.0,0.0,7,0,33.85770324293486,6.123194922620436e-07,0,0.0,0.00028911107184936315,,True,0,1,0.0013,0.0556,0.0367,0.03,0.0543,1.0,0.1779
100000002872399100,terminal,R6,0.707,52,0.3898,"конечный получатель в выборке: получил 1,1 млн ₸ от 1 плательщика, исходящих от 5 000 ₸ в банке не наблюдается",3,False,False,1.0,0.0,1090000.0,0.0,9.0,0.0,0.0,1,0,88908.71487448481,0.0016079218002176664,1,0.0,0.0007087282249300255,,True,0,1,0.0677,0.1401,0.0367,0.09,0.0148,1.0,0.3493
100000008417359100,peripheral,R8b,0.4,17,0.2191,отдаёт 271% от полученного в выборке (41 тыс ₸ → 111 тыс ₸): входящие извне не видны — признаков роли по данным недостаточно,3,False,False,1.0,2.0,40810.0,110760.0,2.0,3.0,2.714040676304827,7,0,100.34472684360625,1.8147430660368806e-06,1,0.0,0.0002932987886474674,0.27816901408450706,True,0,1,0.0023,0.0985,0.0367,0.03,0.0543,1.0,0.2218
100000002614095100,peripheral,R8a,0.5,2,0.0371,"разовый входящий 5 тыс ₸ от 1 плательщика, дальше не отправлял; меньше 100 тыс ₸ — признаков роли нет",3,False,False,1.0,0.0,5300.0,0.0,1.0,0.0,0.0,1,0,3.5218907140723394,6.369369825146619e-08,0,0.0,0.0002876794691190395,,True,0,1,0.0004,0.004,0.0367,0.03,0.0148,1.0,0.0859
100000004717647100,peripheral,R8b,0.4,48,0.3608,"отдаёт 747% от полученного в выборке (300 тыс ₸ → 2,2 млн ₸): входящие извне не видны — признаков роли по данным недостаточно",3,False,False,1.0,5.0,300000.0,2240000.0,2.0,10.0,7.466666666666667,7,0,329.20842627217513,5.953762869766686e-06,1,7.90042879980394e-05,0.0010275743506493783,0.020982142857142855,True,1,1,0.0041,0.1469,0.0923,0.03,0.0543,1.0,0.3276
100000008537380100,peripheral,R8a,0.5,2,0.0424,"разовый входящий 8 тыс ₸ от 1 плательщика, дальше не отправлял; меньше 100 тыс ₸ — признаков роли нет",3,False,False,1.0,0.0,8000.0,0.0,1.0,0.0,0.0,1,0,5.316061455203531,9.614143132296783e-08,0,0.0,0.0002881026143640458,,True,0,1,0.0005,0.0079,0.0367,0.03,0.0148,1.0,0.0899
100000001534244100,peripheral,R8c,0.5,7,0.3602,"вход 2 / выход 1, оборот 411 тыс ₸ — признаков роли нет",3,False,False,2.0,1.0,366000.0,45000.0,2.0,1.0,0.12295081967213115,8,0,214.5200869507613,3.879614331167299e-06,0,2.1968029060679322e-05,0.0003430261517908006,0.0,False,0,2,0.0033,0.1243,0.0857,0.03,0.0839,1.0,0.3272
100000008767950100,peripheral,R8a,0.5,2,0.0671,"разовый входящий 17 тыс ₸ от 1 плательщика, дальше не отправлял; меньше 100 тыс ₸ — признаков роли нет",3,False,False,1.0,0.0,17350.0,0.0,1.0,0.0,0.0,1,0,11.529208280972659,2.085067291816865e-07,0,0.0,0.0002895679506754563,,True,0,1,0.0008,0.026,0.0367,0.03,0.0148,1.0,0.1083
100000004613582100,peripheral,R8b,0.4,9,0.1232,отдаёт 190% от полученного в выборке (5 тыс ₸ → 10 тыс ₸): входящие извне не видны — признаков роли по данным недостаточно,3,False,False,1.0,1.0,5000.0,9500.0,1.0,1.0,1.9,1,0,2702.702702702703,4.887861219586731e-05,0,4.0308310203081327e-07,0.0005558524676659829,0.0,True,0,1,0.0118,0.0194,0.0742,0.03,0.0148,1.0,0.1502
100000008121806100,peripheral,R8b,0.4,6,0.3274,отдаёт 371% от полученного в выборке (67 тыс ₸ → 249 тыс ₸): входящие извне не видны — признаков роли по данным недостаточно,3,False,False,1.0,4.0,67000.0,248509.0,1.0,6.0,3.709089552238806,7,0,111.97219176450243,2.0250267750520086e-06,0,0.0007942420656504312,0.00030170819509724975,0.26960794176468456,True,0,1,0.0024,0.118,0.098,0.03,0.0543,1.0,0.3027
100000002369443100,peripheral,R8a,0.5,2,0.119,"разовый входящий 50 тыс ₸ от 1 плательщика, дальше не отправлял; меньше 100 тыс ₸ — признаков роли нет",3,False,False,1.0,0.0,50000.0,0.0,1.0,0.0,0.0,1,0,33.22538409502207,6.00883945768549e-07,0,0.0,0.0002946848737308097,,True,0,1,0.0013,0.0643,0.0367,0.03,0.0148,1.0,0.1471
100000008655779100,peripheral,R8c,0.5,29,0.2655,"вход 1 / выход 2, оборот 72 тыс ₸ — признаков роли нет",3,False,False,1.0,2.0,47000.0,24704.0,1.0,2.0,0.5256170212765957,7,0,518.9177261961955,9.384671971112885e-06,0,6.022417077595929e-05,0.0003988392985297235,0.0,True,0,1,0.0052,0.0759,0.0911,0.03,0.0543,1.0,0.2565
100000008561016100,transit,R4,0.85,7,0.4869,пропускает дальше 103% полученного (180 тыс ₸ → 185 тыс ₸); 97% ушло за ≤2 дн. — признаки транзита,3,False,False,1.0,1.0,180000.0,185000.0,2.0,4.0,1.0277777777777777,9,0,226.93350344527212,4.1041120423858604e-06,1,2.277419526474095e-05,0.0002961615770699288,0.972972972972973,True,0,1,0.0034,0.1214,0.0861,0.12,0.0909,1.0,0.4218
100000002727288100,peripheral,R8a,0.5,16,0.121,"разовый входящий 16 тыс ₸ от 1 плательщика, дальше не отправлял; меньше 100 тыс ₸ — признаков роли нет",3,False,False,1.0,0.0,16000.0,0.0,1.0,0.0,0.0,7,0,290.06534686110587,5.245856892252981e-06,0,0.0,0.0003677912742739635,,True,0,1,0.0039,0.0237,0.0367,0.03,0.0543,1.0,0.1486
100000001270349100,terminal,R6,0.56,10,0.2722,"конечный получатель в выборке: получил 200 тыс ₸ от 1 плательщика, исходящих от 5 000 ₸ в банке не наблюдается",3,False,False,1.0,0.0,200000.0,0.0,1.0,0.0,0.0,1,0,3511.1242290613563,6.349898543860734e-05,0,0.0,0.00035687547710757967,,True,0,1,0.0134,0.1066,0.0367,0.09,0.0148,1.0,0.2615
100000004722765100,peripheral,R8b,0.4,25,0.3801,"отдаёт 993% от полученного в выборке (230 тыс ₸ → 2,3 млн ₸): входящие извне не видны — признаков роли по данным недостаточно",3,False,False,1.0,3.0,230000.0,2284500.0,1.0,9.0,9.932608695652174,7,0,7913.856390741137,0.0001431227774738242,0,5.925321599852955e-05,0.0005841085782283845,0.07660319544758153,True,0,1,0.0202,0.1466,0.0909,0.03,0.0543,1.0,0.342
100000001677389100,peripheral,R8c,0.5,17,0.1788,"вход 1 / выход 1, оборот 16 тыс ₸ — признаков роли нет",3,False,False,1.0,1.0,11000.0,5400.0,1.0,1.0,0.4909090909090909,7,0,83.94159693730191,1.5180910426060678e-06,0,1.9549530448494444e-05,0.0002899231881201378,0.0,False,0,1,0.0021,0.0243,0.081,0.03,0.0543,1.0,0.1917
100000005857058100,consolidator,R3,0.55,1,0.5128,"получает 80 тыс ₸ от 3 плательщиков, отдаёт дальше 0% полученного — признаки консолидации",3,False,False,3.0,0.0,80222.0,0.0,3.0,0.0,0.0,7,0,5458.7244610340185,9.872150412554134e-05,0,0.0,0.0003916439370140794,,True,0,1,0.0168,0.0783,0.0367,0.255,0.0543,1.0,0.4411
100000008760098100,peripheral,R8b,0.4,18,0.3566,отдаёт 5571% от полученного в выборке (7 тыс ₸ → 390 тыс ₸): входящие извне не видны — признаков роли по данным недостаточно,3,False,False,1.0,1.0,7000.0,390000.0,1.0,1.0,55.714285714285715,9,0,36.88978389106361,6.671549330962409e-07,0,7.425046665186647e-06,0.00028792244347059236,0.0,True,0,1,0.0014,0.1234,0.0788,0.03,0.0909,1.0,0.3245
100000002838519100,peripheral,R8a,0.5,15,0.1675,"разовый входящий 47 тыс ₸ от 1 плательщика, дальше не отправлял; меньше 100 тыс ₸ — признаков роли нет",3,False,False,1.0,0.0,46900.0,0.0,1.0,0.0,0.0,7,0,51.856053437621064,9.378212126146912e-07,0,0.0,0.0003001710592210898,,True,0,1,0.0016,0.0607,0.0367,0.03,0.0543,1.0,0.1833
100000002597623100,peripheral,R8a,0.5,1,0.1178,"разовый входящий 16 тыс ₸ от 1 плательщика, дальше не отправлял; меньше 100 тыс ₸ — признаков роли нет",3,False,False,1.0,0.0,16418.0,0.0,1.0,0.0,0.0,7,0,13.896894296062614,2.5132653559895584e-07,0,0.0,0.0002877773793560989,,True,0,1,0.0008,0.0244,0.0367,0.03,0.0543,1.0,0.1462
100000003635660100,peripheral,R8a,0.5,1,0.1267,"разовый входящий 19 тыс ₸ от 1 плательщика, дальше не отправлял; меньше 100 тыс ₸ — признаков роли нет",3,False,False,1.0,0.0,18985.0,0.0,1.0,0.0,0.0,7,0,230.29598997732617,4.164922902215076e-06,0,0.0,0.0002918210657997068,,True,0,1,0.0034,0.0284,0.0367,0.03,0.0543,1.0,0.1528
100000008676812100,terminal,R6,0.573,19,0.3277,"конечный получатель в выборке: получил 231 тыс ₸ от 1 плательщика, исходящих от 5 000 ₸ в банке не наблюдается",3,False,False,1.0,0.0,230800.0,0.0,1.0,0.0,0.0,7,0,2750.915381368984,4.975054266054497e-05,0,0.0,0.0004752074632959982,,True,0,1,0.0119,0.11,0.0367,0.09,0.0543,1.0,0.3029
100000003213473100,distributor,R2,0.603,1,0.5793,"рассылает 240 тыс ₸ 11 получателям (12 переводов), плательщиков 1 — признаки веерной раздачи",3,False,False,1.0,11.0,57500.0,240000.0,2.0,12.0,4.173913043478261,7,0,48.670448411718866,8.802092701266878e-07,1,0.00011160660110828227,0.00029010079361308644,0.1875,True,1,1,0.0016,0.1164,0.0935,0.225,0.0543,1.0,0.4908
100000003071649100,terminal,R6,0.556,7,0.3581,"конечный получатель в выборке: получил 190 тыс ₸ от 1 плательщика, исходящих от 5 000 ₸ в банке не наблюдается",3,False,False,1.0,0.0,189500.0,0.0,1.0,0.0,0.0,9,0,238.91054946043926,4.320717955734003e-06,0,0.0,0.0002966530820740983,,True,0,1,0.0035,0.1045,0.0367,0.09,0.0909,1.0,0.3256
100000002433697100,transit,R4,0.85,5,0.417,пропускает дальше 85% полученного (130 тыс ₸ → 110 тыс ₸); 100% ушло за ≤2 дн. — признаки транзита,3,False,False,1.0,1.0,130000.0,110000.0,1.0,1.0,0.8461538461538461,7,0,155.39706539504536,2.810369371453494e-06,0,1.9549530448494444e-05,0.0002910786197387437,1.0,True,0,1,0.0028,0.1115,0.081,0.12,0.0543,1.0,0.3696
100000008612257100,peripheral,R8a,0.5,17,0.0987,"разовый входящий 10 тыс ₸ от 1 плательщика, дальше не отправлял; меньше 100 тыс ₸ — признаков роли нет",3,False,False,1.0,0.0,9500.0,0.0,1.0,0.0,0.0,7,0,35.71837563117522,6.459699133747364e-07,0,0.0,0.00028915305022928,,True,0,1,0.0014,0.0095,0.0367,0.03,0.0543,1.0,0.1319
100000002736033100,peripheral,R8c,0.5,17,0.2286,"вход 1 / выход 1, оборот 46 тыс ₸ — признаков роли нет",3,False,False,1.0,1.0,34530.0,11000.0,1.0,1.0,0.3185635679119606,7,0,263.5003038404577,4.765425791017048e-06,0,1.9549530448494444e-05,0.0002964994754002138,0.0,True,0,1,0.0037,0.0599,0.081,0.03,0.0543,1.0,0.2289
100000008687990100,peripheral,R8a,0.5,2,0.068,"разовый входящий 18 тыс ₸ от 1 плательщика, дальше не отправлял; меньше 100 тыс ₸ — признаков роли нет",3,False,False,1.0,0.0,17600.0,0.0,1.0,0.0,0.0,1,0,11.695335201447769,2.1151114891052924e-07,0,0.0,0.0002896071307907347,,True,0,1,0.0008,0.0267,0.0367,0.03,0.0148,1.0,0.109
100000008776310100,peripheral,R8a,0.5,2,0.0708,"разовый входящий 19 тыс ₸ от 1 плательщика, дальше не отправлял; меньше 100 тыс ₸ — признаков роли нет",3,False,False,1.0,0.0,19200.0,0.0,1.0,0.0,0.0,1,0,12.758547492488475,2.307394351751228e-07,0,0.0,0.00028985788352851616,,True,0,1,0.0008,0.0288,0.0367,0.03,0.0148,1.0,0.1111
100000007267915100,peripheral,R8c,0.5,17,0.2039,"вход 2 / выход 1, оборот 31 тыс ₸ — признаков роли нет",3,False,False,2.0,1.0,21000.0,10000.0,3.0,1.0,0.47619047619047616,7,0,34.87552564558015,6.307268984682146e-07,1,1.7016519591414446e-06,0.00029269814065059136,0.5,True,0,1,0.0013,0.0479,0.077,0.03,0.0543,1.0,0.2105
100000004217419100,transit,R4,0.65,6,0.4012,пропускает дальше 7% полученного (118 тыс ₸ → 8 тыс ₸); 100% ушло за ≤2 дн. — признаки транзита,3,False,False,2.0,1.0,118200.0,7700.0,3.0,1.0,0.06514382402707276,7,0,995.5022729966411,1.800374473050568e-05,1,1.975107199950985e-05,0.000586707028047715,1.0,True,0,1,0.0072,0.0933,0.083,0.12,0.0543,1.0,0.3578
100000002773323100,peripheral,R8b,0.4,7,0.383,"отдаёт 411% от полученного в выборке (285 тыс ₸ → 1,2 млн ₸): входящие извне не видны — признаков роли по данным недостаточно",3,False,False,2.0,1.0,285000.0,1171644.0,2.0,2.0,4.111031578947369,8,0,102.53077544490615,1.8542779441118554e-06,0,2.1766487509663916e-05,0.00032694815749070925,0.0,True,0,2,0.0023,0.1426,0.0854,0.03,0.0839,1.0,0.3442
100000002528544100,terminal,R6,0.557,6,0.2586,"конечный получатель в выборке: получил 193 тыс ₸ от 1 плательщика, исходящих от 5 000 ₸ в банке не наблюдается",3,False,False,1.0,0.0,192912.0,0.0,1.0,0.0,0.0,1,0,416.0531334336356,7.524356911931901e-06,0,0.0,0.0003006459851600438,,True,0,1,0.0046,0.1052,0.0367,0.09,0.0148,1.0,0.2513
100000003760160100,terminal,R6,0.504,5,0.2864,"конечный получатель в выборке: получил 104 тыс ₸ от 1 плательщика, исходящих от 5 000 ₸ в банке не наблюдается",3,False,False,1.0,0.0,104470.0,0.0,1.0,0.0,0.0,7,0,124.87947247554145,2.258456063351896e-06,0,0.0,0.0002902479581680218,,True,0,1,0.0025,0.0886,0.0367,0.09,0.0543,1.0,0.2721
100000000640800100,peripheral,R8b,0.4,6,0.3431,отдаёт 648% от полученного в выборке (80 тыс ₸ → 518 тыс ₸): входящие извне не видны — признаков роли по данным недостаточно,3,False,False,1.0,4.0,80000.0,518135.0,1.0,6.0,6.4766875,7,0,133.6981394203014,2.4179424179725473e-06,0,0.00014766212715380426,0.00030459135147765937,0.031096142897121405,True,0,1,0.0026,0.1326,0.0949,0.03,0.0543,1.0,0.3144
100000008238112100,terminal,R6,0.556,5,0.3092,"конечный получатель в выборке: получил 190 тыс ₸ от 1 плательщика, исходящих от 5 000 ₸ в банке не наблюдается",3,False,False,1.0,0.0,190000.0,0.0,1.0,0.0,0.0,7,0,227.1187878850663,4.107462927508952e-06,0,0.0,0.00029303082084502303,,True,0,1,0.0034,0.1047,0.0367,0.09,0.0543,1.0,0.2891
100000008751349100,peripheral,R8a,0.5,26,0.105,"разовый входящий 12 тыс ₸ от 1 плательщика, дальше не отправлял; меньше 100 тыс ₸ — признаков роли нет",3,False,False,1.0,0.0,11630.0,0.0,1.0,0.0,0.0,7,0,3.753217197749495,6.787725772139324e-08,0,0.0,0.00028977653107132716,,True,0,1,0.0004,0.0152,0.0367,0.03,0.0543,1.0,0.1366
100000002963189100,peripheral,R8b,0.4,15,0.3664,"отдаёт 1065% от полученного в выборке (490 тыс ₸ → 5,2 млн ₸): входящие извне не видны — признаков роли по данным недостаточно",3,False,False,1.0,7.0,490000.0,5219000.0,3.0,15.0,10.651020408163266,7,0,541.7796627811156,9.798132072093787e-06,1,8.68710692395447e-05,0.0004260361041403029,0.0,True,1,1,0.0053,0.1495,0.0927,0.03,0.0543,1.0,0.3318
100000008548853100,peripheral,R8a,0.5,2,0.057,"разовый входящий 14 тыс ₸ от 1 плательщика, дальше не отправлял; меньше 100 тыс ₸ — признаков роли нет",3,False,False,1.0,0.0,14000.0,0.0,1.0,0.0,0.0,1,0,9.30310754660618,1.682475048151937e-07,0,0.0,0.0002890429371307263,,True,0,1,0.0007,0.0186,0.0367,0.03,0.0148,1.0,0.1008
100000003164661100,terminal,R6,0.655,30,0.3286,"конечный получатель в выборке: получил 596 тыс ₸ от 1 плательщика, исходящих от 5 000 ₸ в банке не наблюдается",3,False,False,1.0,0.0,596200.0,0.0,3.0,0.0,0.0,1,0,16999.575010624736,0.00030743878474238684,1,0.0,0.0006033023319199546,,True,0,1,0.0296,0.1325,0.0367,0.09,0.0148,1.0,0.3036
100000000791285100,transit,R4,0.65,26,0.4727,"пропускает дальше 58% полученного (1,1 млн ₸ → 650 тыс ₸); 95% ушло за ≤2 дн. — признаки транзита",3,False,False,1.0,3.0,1120000.0,650000.0,2.0,3.0,0.5803571428571429,7,0,361.4448204195558,6.536760846772177e-06,1,3.95021439990197e-05,0.0005687922766193726,0.9538461538461539,True,1,1,0.0043,0.1441,0.0885,0.12,0.0543,1.0,0.4112
100000003192309100,peripheral,R8b,0.4,2,0.2327,отдаёт 1238% от полученного в выборке (17 тыс ₸ → 213 тыс ₸): входящие извне не видны — признаков роли по данным недостаточно,3,False,False,1.0,1.0,17200.0,213000.0,1.0,1.0,12.383720930232558,1,0,11.429532128687592,2.0670407734438084e-07,0,1.4107908571078464e-06,0.00028954444260628927,0.0,True,0,1,0.0008,0.11,0.0764,0.03,0.0148,1.0,0.232
100000002891765100,peripheral,R8a,0.5,15,0.1793,"разовый входящий 56 тыс ₸ от 1 плательщика, дальше не отправлял; меньше 100 тыс ₸ — признаков роли нет",3,False,False,1.0,0.0,55576.0,0.0,1.0,0.0,0.0,7,0,61.44887048719037,1.111308138854458e-06,0,0.0,0.0003026355257742812,,True,0,1,0.0018,0.0693,0.0367,0.03,0.0543,1.0,0.1921
100000001740277100,transit,R4,0.65,9,0.1892,пропускает дальше 57% полученного (9 тыс ₸ → 5 тыс ₸); 100% ушло за ≤2 дн. — признаки транзита,3,False,False,1.0,1.0,8700.0,5000.0,1.0,1.0,0.5747126436781609,1,0,1916.10260325664,3.465288134666705e-05,0,0.0,0.0003735092522064287,1.0,True,1,1,0.0099,0.0181,0.0367,0.12,0.0148,1.0,0.1995
100000002232266100,peripheral,R8a,0.5,6,0.1687,"разовый входящий 45 тыс ₸ от 1 плательщика, дальше не отправлял; меньше 100 тыс ₸ — признаков роли нет",3,False,False,1.0,0.0,45000.0,0.0,1.0,0.0,0.0,7,0,299.3176669784248,5.413185902015768e-06,0,0.0,0.00029604125025309687,,True,0,1,0.0039,0.0593,0.0367,0.03,0.0543,1.0,0.1842
100000006701983100,peripheral,R8a,0.5,2,0.0898,"разовый входящий 27 тыс ₸ от 1 плательщика, дальше не отправлял; меньше 100 тыс ₸ — признаков роли нет",3,False,False,1.0,0.0,27000.0,0.0,1.0,0.0,0.0,1,0,17.94170741131192,3.2447733071501646e-07,0,0.0,0.00029108030312520087,,True,0,1,0.001,0.0428,0.0367,0.03,0.0148,1.0,0.1253
100000002871199100,peripheral,R8a,0.5,15,0.1332,"разовый входящий 23 тыс ₸ от 1 плательщика, дальше не отправлял; меньше 100 тыс ₸ — признаков роли нет",3,False,False,1.0,0.0,23186.0,0.0,1.0,0.0,0.0,7,0,25.636129104577442,4.636316127011563e-07,0,0.0,0.0002934349642646145,,True,0,1,0.0011,0.0356,0.0367,0.03,0.0543,1.0,0.1577
100000002757791100,peripheral,R8a,0.5,10,0.1439,"разовый входящий 73 тыс ₸ от 1 плательщика, дальше не отправлял; меньше 100 тыс ₸ — признаков роли нет",3,False,False,1.0,0.0,73050.0,0.0,1.0,0.0,0.0,1,0,1282.4381246646603,2.319300443145133e-05,0,0.0,0.00031242607597958756,,True,0,1,0.0081,0.0761,0.0367,0.03,0.0148,1.0,0.1657
100000000572276100,peripheral,R8b,0.4,2,0.1682,отдаёт 264% от полученного в выборке (13 тыс ₸ → 35 тыс ₸): входящие извне не видны — признаков роли по данным недостаточно,3,False,False,1.0,1.0,13075.0,34547.0,1.0,1.0,2.6422179732313578,1,0,8.688437940848273,1.5713115181847557e-07,0,1.4107908571078464e-06,0.0002888979707041964,0.0,True,0,1,0.0007,0.0619,0.0764,0.03,0.0148,1.0,0.1838
100000001853812100,peripheral,R8a,0.5,6,0.1911,"разовый входящий 70 тыс ₸ от 1 плательщика, дальше не отправлял; меньше 100 тыс ₸ — признаков роли нет",3,False,False,1.0,0.0,70000.0,0.0,1.0,0.0,0.0,7,0,465.60525974421637,8.42051140313564e-06,0,0.0,0.0003011481389075182,,True,0,1,0.0049,0.075,0.0367,0.03,0.0543,1.0,0.2009
100000004726132100,peripheral,R8c,0.5,1,0.3191,"вход 1 / выход 1, оборот 373 тыс ₸ — признаков роли нет",3,False,False,1.0,1.0,349000.0,24000.0,1.0,2.0,0.06876790830945559,7,0,1692.6362494905738,3.061147300618132e-05,0,1.9549530448494444e-05,0.0003179247592504452,0.0,True,0,1,0.0093,0.1219,0.081,0.03,0.0543,1.0,0.2965
100000001785161100,terminal,R6,0.5,31,0.2284,"конечный получатель в выборке: получил 30 тыс ₸ от 2 плательщиков, исходящих от 5 000 ₸ в банке не наблюдается",3,False,False,2.0,0.0,30000.0,0.0,2.0,0.0,0.0,7,0,49.500557681675666,8.952218680886606e-07,0,0.0,0.0003326849590253383,,True,0,1,0.0016,0.0462,0.0367,0.09,0.0543,1.0,0.2288
100000002612809100,peripheral,R8b,0.4,36,0.2401,отдаёт 380% от полученного в выборке (30 тыс ₸ → 114 тыс ₸): входящие извне не видны — признаков роли по данным недостаточно,3,False,False,1.0,3.0,30000.0,114000.0,2.0,4.0,3.8,1,0,7578.034682080925,0.00013704941281993848,1,1.612332408123253e-06,0.0004301567178849599,0.13157894736842105,True,1,1,0.0198,0.0961,0.0768,0.03,0.0148,1.0,0.2375
100000008769097100,peripheral,R8a,0.5,2,0.0972,"разовый входящий 31 тыс ₸ от 1 плательщика, дальше не отправлял; меньше 100 тыс ₸ — признаков роли нет",3,False,False,1.0,0.0,31100.0,0.0,1.0,0.0,0.0,1,0,20.666188907103727,3.737498142680374e-07,0,0.0,0.0002917228570157659,,True,0,1,0.001,0.0483,0.0367,0.03,0.0148,1.0,0.1308
100000004488265100,peripheral,R8a,0.5,6,0.1618,"разовый входящий 39 тыс ₸ от 1 плательщика, дальше не отправлял; меньше 100 тыс ₸ — признаков роли нет",3,False,False,1.0,0.0,38740.0,0.0,1.0,0.0,0.0,7,0,257.6792537498706,4.660151596535353e-06,0,0.0,0.00029476248533402975,,True,0,1,0.0036,0.0544,0.0367,0.03,0.0543,1.0,0.179
100000002509598100,terminal,R6,0.597,13,0.2898,"конечный получатель в выборке: получил 306 тыс ₸ от 1 плательщика, исходящих от 5 000 ₸ в банке не наблюдается",3,False,False,1.0,0.0,305550.0,0.0,1.0,0.0,0.0,2,0,98.00343063532645,1.7724005215588203e-06,0,0.0,0.0003014631509943513,,True,0,1,0.0022,0.1176,0.0367,0.09,0.0281,1.0,0.2746
100000008706846100,peripheral,R8a,0.5,2,0.0578,"разовый входящий 14 тыс ₸ от 1 плательщика, дальше не отправлял; меньше 100 тыс ₸ — признаков роли нет",3,False,False,1.0,0.0,14200.0,0.0,1.0,0.0,0.0,1,0,9.436009082986269,1.7065104059826792e-07,0,0.0,0.000289074281222949,,True,0,1,0.0007,0.0192,0.0367,0.03,0.0148,1.0,0.1014
100000001280798100,peripheral,R8a,0.5,8,0.1376,"разовый входящий 24 тыс ₸ от 1 плательщика, дальше не отправлял; меньше 100 тыс ₸ — признаков роли нет",3,False,False,1.0,0.0,23785.0,0.0,1.0,0.0,0.0,7,0,183.52799294329037,3.3191196298395563e-06,0,0.0,0.0002957478453823632,,True,0,1,0.0031,0.0369,0.0367,0.03,0.0543,1.0,0.161
100000006664478100,transit,R4,0.65,10,0.3475,пропускает дальше 109% полученного (55 тыс ₸ → 60 тыс ₸); 67% ушло за ≤2 дн. — признаки транзита,3,False,False,1.0,2.0,55000.0,60000.0,3.0,2.0,1.0909090909090908,1,0,4695.121951219513,8.491168667440608e-05,1,1.2092493060924398e-06,0.0006195113014954258,0.6666666666666666,True,0,1,0.0156,0.0913,0.076,0.12,0.0148,1.0,0.3177
100000003781406100,peripheral,R8a,0.5,12,0.2651,"разовый входящий 45 тыс ₸ от 1 плательщика, дальше не отправлял; меньше 100 тыс ₸ — признаков роли нет",3,False,False,1.0,0.0,45000.0,0.0,2.0,0.0,0.0,9,0,29964.682499566756,0.0005419138753233877,1,0.0,0.0007259553797550315,,True,0,1,0.0393,0.0593,0.0367,0.03,0.0909,1.0,0.2562
100000008708595100,peripheral,R8a,0.5,2,0.0667,"разовый входящий 17 тыс ₸ от 1 плательщика, дальше не отправлял; меньше 100 тыс ₸ — признаков роли нет",3,False,False,1.0,0.0,17200.0,0.0,1.0,0.0,0.0,1,0,11.429532128687592,2.0670407734438084e-07,0,0.0,0.00028954444260628927,,True,0,1,0.0008,0.0257,0.0367,0.03,0.0148,1.0,0.108
100000004611571100,peripheral,R8a,0.5,1,0.1319,"разовый входящий 23 тыс ₸ от 1 плательщика, дальше не отправлял; меньше 100 тыс ₸ — признаков роли нет",3,False,False,1.0,0.0,22550.0,0.0,1.0,0.0,0.0,7,0,19.08728020320453,3.451951137627271e-07,0,0.0,0.00028812417786210754,,True,0,1,0.001,0.0347,0.0367,0.03,0.0543,1.0,0.1567
100000008576243100,terminal,R6,0.5,1,0.3237,"конечный получатель в выборке: получил 83 тыс ₸ от 2 плательщиков, исходящих от 5 000 ₸ в банке не наблюдается",3,False,False,2.0,0.0,82920.0,0.0,4.0,0.0,0.0,8,0,1863.8935991439298,3.3708676990558735e-05,1,0.0,0.0016582396966117689,,True,0,2,0.0098,0.0795,0.0367,0.09,0.0839,1.0,0.2999
100000008662216100,peripheral,R8a,0.5,2,0.0882,"разовый входящий 26 тыс ₸ от 1 плательщика, дальше не отправлял; меньше 100 тыс ₸ — признаков роли нет",3,False,False,1.0,0.0,26200.0,0.0,1.0,0.0,0.0,1,0,17.410101265791567,3.148631875827197e-07,0,0.0,0.0002909549267563101,,True,0,1,0.0009,0.0417,0.0367,0.03,0.0148,1.0,0.1241
100000002681544100,terminal,R6,0.544,9,0.3072,"конечный получатель в выборке: получил 166 тыс ₸ от 2 плательщиков, исходящих от 5 000 ₸ в банке не наблюдается",3,False,False,2.0,0.0,166072.0,0.0,2.0,0.0,0.0,7,0,574.9035167916356,1.03971798375005e-05,0,0.0,0.00033720262368742873,,True,0,2,0.0054,0.1012,0.0367,0.09,0.0543,1.0,0.2876
100000007864477100,peripheral,R8b,0.4,1,0.3206,отдаёт 268% от полученного в выборке (76 тыс ₸ → 204 тыс ₸): входящие извне не видны — признаков роли по данным недостаточно,3,False,False,2.0,6.0,76000.0,203500.0,2.0,10.0,2.6776315789473686,7,0,863.8822372154584,1.5623384996628476e-05,0,7.671184099404618e-05,0.0003061302993907704,0.343980343980344,True,0,1,0.0067,0.1147,0.0919,0.03,0.0543,1.0,0.2976
100000004746397100,peripheral,R8c,0.5,5,0.3172,"вход 1 / выход 1, оборот 227 тыс ₸ — признаков роли нет",3,False,False,1.0,1.0,219520.0,7500.0,1.0,1.0,0.03416545189504373,7,0,262.4058753501566,4.745632957088238e-06,0,0.0006792103300224203,0.00029399130378931246,0.0,False,0,1,0.0037,0.1093,0.0978,0.03,0.0543,1.0,0.2951
100000003814002100,peripheral,R8a,0.5,5,0.1478,"разовый входящий 30 тыс ₸ от 1 плательщика, дальше не отправлял; меньше 100 тыс ₸ — признаков роли нет",3,False,False,1.0,0.0,30000.0,0.0,1.0,0.0,0.0,7,0,35.86086124501047,6.485467780277294e-07,0,0.0,0.00028782495122827806,,True,0,1,0.0014,0.0462,0.0367,0.03,0.0543,1.0,0.1686
100000003962994100,peripheral,R8a,0.5,40,0.1141,"разовый входящий 10 тыс ₸ от 1 плательщика, дальше не отправлял; меньше 100 тыс ₸ — признаков роли нет",3,False,False,1.0,0.0,10000.0,0.0,1.0,0.0,0.0,7,0,2178.401529636711,3.939658012237887e-05,0,0.0,0.00048331802967873505,,True,0,1,0.0106,0.0118,0.0367,0.03,0.0543,1.0,0.1434
100000003366471100,transit,R4,0.65,6,0.4413,пропускает дальше 6% полученного (330 тыс ₸ → 20 тыс ₸); 100% ушло за ≤2 дн. — признаки транзита,3,False,False,2.0,1.0,329789.0,20000.0,5.0,1.0,0.0606448365470043,7,0,2940.1770433515017,5.3173356190992825e-05,2,1.9549530448494444e-05,0.0003620691880891814,1.0,True,0,2,0.0123,0.1201,0.081,0.12,0.0543,1.0,0.3877
100000003561031100,peripheral,R8c,0.5,6,0.1838,"вход 1 / выход 1, оборот 18 тыс ₸ — признаков роли нет",3,False,False,1.0,1.0,13300.0,5000.0,1.0,1.0,0.37593984962406013,7,0,88.4649993514011,1.5998971665957714e-06,0,1.9549530448494444e-05,0.00028956571543929053,0.0,False,0,1,0.0021,0.0281,0.081,0.03,0.0543,1.0,0.1955
100000001690439100,peripheral,R8a,0.5,5,0.1127,"разовый входящий 14 тыс ₸ от 1 плательщика, дальше не отправлял; меньше 100 тыс ₸ — признаков роли нет",3,False,False,1.0,0.0,14200.0,0.0,1.0,0.0,0.0,7,0,93.09568072470714,1.6836434398436986e-06,0,0.0,0.00047912927969830094,,True,0,1,0.0022,0.0192,0.0367,0.03,0.0543,1.0,0.1424
100000002954780100,terminal,R6,0.525,7,0.3436,"конечный получатель в выборке: получил 133 тыс ₸ от 1 плательщика, исходящих от 5 000 ₸ в банке не наблюдается",3,False,False,1.0,0.0,133400.0,0.0,1.0,0.0,0.0,9,0,168.18294088666278,3.0416030358570766e-06,0,0.0,0.0002937506156810553,,True,0,1,0.0029,0.0943,0.0367,0.09,0.0909,1.0,0.3148
100000008720668100,peripheral,R8a,0.5,2,0.0638,"разовый входящий 16 тыс ₸ от 1 плательщика, дальше не отправлял; меньше 100 тыс ₸ — признаков роли нет",3,False,False,1.0,0.0,16000.0,0.0,1.0,0.0,0.0,1,0,10.632122910407062,1.9228286264593566e-07,0,0.0,0.0002893563780529532,,True,0,1,0.0007,0.0237,0.0367,0.03,0.0148,1.0,0.1059
100000002459164100,peripheral,R8a,0.5,1,0.1336,"разовый входящий 20 тыс ₸ от 1 плательщика, дальше не отправлял; меньше 100 тыс ₸ — признаков роли нет",3,False,False,1.0,0.0,20000.0,0.0,1.0,0.0,0.0,7,0,779.7752563264454,1.4102302970947941e-05,0,0.0,0.0005441976818028372,,True,0,1,0.0063,0.0307,0.0367,0.03,0.0543,1.0,0.158
100000005082652100,peripheral,R8a,0.5,9,0.1318,"разовый входящий 30 тыс ₸ от 1 плательщика, дальше не отправлял; меньше 100 тыс ₸ — признаков роли нет",3,False,False,1.0,0.0,30000.0,0.0,1.0,0.0,0.0,1,0,16216.216216216217,0.00029327167317520384,0,0.0,0.0004097826347644142,,True,0,1,0.0289,0.0462,0.0367,0.03,0.0148,1.0,0.1566
100000005041905100,peripheral,R8b,0.4,2,0.2193,"отдаёт 21607% от полученного в выборке (5 тыс ₸ → 1,1 млн ₸): входящие извне не видны — признаков роли по данным недостаточно",3,False,False,1.0,1.0,5000.0,1080351.0,1.0,5.0,216.0702,1,0,3.322538409502207,6.008839457685489e-08,0,0.0,0.0002876324529807055,0.0,False,1,1,0.0004,0.1401,0.0367,0.03,0.0148,1.0,0.222
100000008653041100,peripheral,R8a,0.5,2,0.0908,"разовый входящий 28 тыс ₸ от 1 плательщика, дальше не отправлял; меньше 100 тыс ₸ — признаков роли нет",3,False,False,1.0,0.0,28000.0,0.0,1.0,0.0,0.0,1,0,18.60621509321236,3.364950096303874e-07,0,0.0,0.0002912370235863143,,True,0,1,0.001,0.0435,0.0367,0.03,0.0148,1.0,0.126
100000008722417100,peripheral,R8b,0.4,5,0.3497,отдаёт 217% от полученного в выборке (332 тыс ₸ → 720 тыс ₸): входящие извне не видны — признаков роли по данным недостаточно,3,False,False,1.0,3.0,331900.0,720000.0,1.0,6.0,2.16932811087677,7,0,396.7406615739658,7.1750891875801125e-06,0,5.864859134548333e-05,0.0002976477764613737,0.3611111111111111,True,0,1,0.0045,0.1399,0.0906,0.03,0.0543,1.0,0.3193
100000008625905100,peripheral,R8b,0.4,60,0.3456,отдаёт 321% от полученного в выборке (198 тыс ₸ → 635 тыс ₸): входящие извне не видны — признаков роли по данным недостаточно,3,False,False,1.0,2.0,197800.0,635000.0,1.0,2.0,3.210313447927199,7,0,720.2404314002837,1.3025610511653496e-05,0,4.030831020308133e-05,0.0005476931582077994,0.0,False,0,1,0.0061,0.1369,0.089,0.03,0.0543,1.0,0.3163
100000007487729100,peripheral,R8a,0.5,1,0.1423,"разовый входящий 25 тыс ₸ от 1 плательщика, дальше не отправлял; меньше 100 тыс ₸ — признаков роли нет",3,False,False,1.0,0.0,25000.0,0.0,1.0,0.0,0.0,7,0,367.5758322816275,6.647640726706729e-06,0,0.0,0.00029543042067927186,,True,0,1,0.0044,0.0391,0.0367,0.03,0.0543,1.0,0.1645
100000000838385100,peripheral,R8c,0.5,29,0.3847,"вход 1 / выход 2, оборот 614 тыс ₸ — признаков роли нет",3,False,False,1.0,2.0,436900.0,177500.0,8.0,6.0,0.40627145799954223,7,0,34736.02482805539,0.0006282040141147191,1,2.216957061169473e-05,0.001939416439649783,0.6901408450704225,True,1,1,0.0423,0.1331,0.0858,0.03,0.0543,1.0,0.3455
100000004750321100,terminal,R6,0.5,8,0.2555,"конечный получатель в выборке: получил 50 тыс ₸ от 2 плательщиков, исходящих от 5 000 ₸ в банке не наблюдается",3,False,False,2.0,0.0,50185.0,0.0,2.0,0.0,0.0,7,0,138.72038056380137,2.508770083539235e-06,0,0.0,0.0003139265645129456,,True,0,1,0.0027,0.0653,0.0367,0.09,0.0543,1.0,0.249
100000008664774100,peripheral,R8a,0.5,2,0.0644,"разовый входящий 16 тыс ₸ от 1 плательщика, дальше не отправлял; меньше 100 тыс ₸ — признаков роли нет",3,False,False,1.0,0.0,16300.0,0.0,1.0,0.0,0.0,1,0,10.831475214977196,1.9588816632054697e-07,0,0.0,0.00028940339419128723,,True,0,1,0.0007,0.0241,0.0367,0.03,0.0148,1.0,0.1063
100000006274203100,peripheral,R8c,0.5,19,0.4252,"вход 2 / выход 3, оборот 3,5 млн ₸ — признаков роли нет",3,False,False,2.0,3.0,3417512.0,72000.0,41.0,3.0,0.02106795821053445,9,0,7154.7862924770925,0.00012939492907768917,1,3.798253058385132e-05,0.0006348128592595731,0.06944444444444445,True,1,1,0.0192,0.1481,0.0875,0.03,0.0909,1.0,0.3757
100000002185328100,peripheral,R8b,0.4,21,0.2686,отдаёт 367% от полученного в выборке (15 тыс ₸ → 55 тыс ₸): входящие извне не видны — признаков роли по данным недостаточно,3,False,False,1.0,4.0,15000.0,55000.0,1.0,4.0,3.6666666666666665,7,0,1241.1728312119217,2.244671802939605e-05,0,6.267942236579146e-05,0.0003533934292326028,0.0,True,0,1,0.008,0.075,0.0915,0.03,0.0543,1.0,0.2588
100000008254576100,peripheral,R8b,0.4,35,0.248,отдаёт 750% от полученного в выборке (8 тыс ₸ → 60 тыс ₸): входящие извне не видны — признаков роли по данным недостаточно,3,False,False,1.0,1.0,8000.0,60000.0,1.0,1.0,7.5,7,0,25.649784113135823,4.6387856471226315e-07,0,1.9952613550525257e-05,0.00029297439791449724,0.0,False,0,1,0.0011,0.0744,0.0836,0.03,0.0543,1.0,0.2434
100000001689968100,consolidator,R3,0.55,5,0.5532,"получает 344 тыс ₸ от 3 плательщиков, отдаёт дальше 0% полученного — признаки консолидации",3,False,False,3.0,0.0,344333.75,0.0,3.0,0.0,0.0,7,0,635.3037921223362,1.1489524042233281e-05,0,0.0,0.0003406437502922915,,True,0,1,0.0057,0.1196,0.0367,0.255,0.0543,1.0,0.4713
100000002236528100,peripheral,R8a,0.5,9,0.1867,"разовый входящий 66 тыс ₸ от 1 плательщика, дальше не отправлял; меньше 100 тыс ₸ — признаков роли нет",3,False,False,1.0,0.0,66000.0,0.0,1.0,0.0,0.0,7,0,172.0435659717049,3.1114227745122785e-06,0,0.0,0.00030861061842404474,,True,0,1,0.003,0.0736,0.0367,0.03,0.0543,1.0,0.1976
100000002670960100,terminal,R6,0.636,13,0.3048,"конечный получатель в выборке: получил 480 тыс ₸ от 1 плательщика, исходящих от 5 000 ₸ в банке не наблюдается",3,False,False,1.0,0.0,480310.0,0.0,1.0,0.0,0.0,2,0,154.0567100914863,2.786128929831179e-06,0,0.0,0.00030982183246640386,,True,0,1,0.0028,0.1282,0.0367,0.09,0.0281,1.0,0.2858
100000003557488100,transit,R4,0.65,32,0.4674,пропускает дальше 21% полученного (665 тыс ₸ → 138 тыс ₸); 86% ушло за ≤2 дн. — признаки транзита,3,False,False,1.0,2.0,664992.0,138000.0,3.0,4.0,0.20752129348924497,7,0,3057.2370709176366,5.52903969166786e-05,1,2.0154155101540664e-05,0.000583381670763393,0.855072463768116,True,1,1,0.0125,0.1362,0.0842,0.12,0.0543,1.0,0.4072
100000003888197100,peripheral,R8a,0.5,5,0.1939,"разовый входящий 83 тыс ₸ от 1 плательщика, дальше не отправлял; меньше 100 тыс ₸ — признаков роли нет",3,False,False,1.0,0.0,83167.0,0.0,1.0,0.0,0.0,7,0,99.41467490545952,1.7979229962744056e-06,0,0.0,0.00028955482916523726,,True,0,1,0.0023,0.0797,0.0367,0.03,0.0543,1.0,0.203
100000002799941100,terminal,R6,0.656,19,0.3625,"конечный получатель в выборке: получил 600 тыс ₸ от 1 плательщика, исходящих от 5 000 ₸ в банке не наблюдается",3,False,False,1.0,0.0,600000.0,0.0,1.0,0.0,0.0,7,0,4450.90571823905,8.049501497320466e-05,0,0.0,0.0003898849857907604,,True,0,1,0.0151,0.1328,0.0367,0.09,0.0543,1.0,0.3289
100000001632325100,peripheral,R8a,0.5,2,0.1418,"разовый входящий 86 тыс ₸ от 1 плательщика, дальше не отправлял; меньше 100 тыс ₸ — признаков роли нет",3,False,False,1.0,0.0,85600.0,0.0,3.0,0.0,0.0,1,0,56.88185757067779,1.028713315155756e-06,1,0.0,0.0003002641221464476,,True,0,1,0.0017,0.0809,0.0367,0.03,0.0148,1.0,0.1641
100000008620570100,peripheral,R8c,0.5,6,0.3018,"вход 2 / выход 2, оборот 177 тыс ₸ — признаков роли нет",3,False,False,2.0,2.0,145000.0,31800.0,2.0,2.0,0.2193103448275862,7,0,1571.7988527106681,2.8426118231474946e-05,0,3.3650241107036644e-05,0.0003500808305991265,0.31446540880503143,True,0,1,0.009,0.103,0.0873,0.03,0.0543,1.0,0.2836
100000005308954100,peripheral,R8c,0.5,4,0.2775,"вход 1 / выход 1, оборот 99 тыс ₸ — признаков роли нет",3,False,False,1.0,1.0,69020.0,30000.0,1.0,1.0,0.43465662126919735,7,0,2256.15147831744,4.080269467061002e-05,0,2.0154155101540664e-05,0.0003610327484487227,0.0,True,0,1,0.0108,0.0861,0.0842,0.03,0.0543,1.0,0.2654
100000008468762100,terminal,R6,0.546,18,0.3428,"конечный получатель в выборке: получил 170 тыс ₸ от 2 плательщиков, исходящих от 5 000 ₸ в банке не наблюдается",3,False,False,2.0,0.0,170000.0,0.0,2.0,0.0,0.0,8,0,32.74481367667027,5.921927881773223e-07,0,0.0,0.00031179046745662456,,True,0,2,0.0013,0.1023,0.0367,0.09,0.0839,1.0,0.3142
100000002305007100,peripheral,R8a,0.5,2,0.1261,"разовый входящий 56 тыс ₸ от 1 плательщика, дальше не отправлял; меньше 100 тыс ₸ — признаков роли нет",3,False,False,1.0,0.0,56000.0,0.0,1.0,0.0,0.0,1,0,37.21243018642472,6.729900192607748e-07,0,0.0,0.00029562519649749025,,True,0,1,0.0014,0.0695,0.0367,0.03,0.0148,1.0,0.1524
100000008314863100,peripheral,R8a,0.5,3,0.1863,"разовый входящий 12 тыс ₸ от 1 плательщика, дальше не отправлял; меньше 100 тыс ₸ — признаков роли нет",3,False,False,1.0,0.0,12000.0,0.0,1.0,0.0,0.0,10,0,6885.245901639344,0.00012452026779078326,0,0.0,0.0005193345948548097,,True,0,1,0.0188,0.0157,0.0367,0.03,0.0961,1.0,0.1973
100000005709551100,peripheral,R8a,0.5,14,0.1399,"разовый входящий 25 тыс ₸ от 1 плательщика, дальше не отправлял; меньше 100 тыс ₸ — признаков роли нет",3,False,False,1.0,0.0,24560.0,0.0,1.0,0.0,0.0,7,0,265.3921514301745,4.799640018345485e-06,0,0.0,0.00029597763012912157,,True,0,1,0.0037,0.038,0.0367,0.03,0.0543,1.0,0.1627
100000008297199100,peripheral,R8a,0.5,1,0.1676,"разовый входящий 42 тыс ₸ от 1 плательщика, дальше не отправлял; меньше 100 тыс ₸ — признаков роли нет",3,False,False,1.0,0.0,42268.0,0.0,1.0,0.0,0.0,7,0,512.7285174802014,9.272739596040392e-06,0,0.0,0.0002979189370004088,,True,0,1,0.0051,0.0573,0.0367,0.03,0.0543,1.0,0.1834
100000003271151100,terminal,R6,0.521,6,0.2985,"конечный получатель в выборке: получил 127 тыс ₸ от 1 плательщика, исходящих от 5 000 ₸ в банке не наблюдается",3,False,False,1.0,0.0,127294.0,0.0,1.0,0.0,0.0,7,0,846.6965133411469,1.5312579693582116e-05,0,0.0,0.00031285190205017496,,True,0,1,0.0066,0.0935,0.0367,0.09,0.0543,1.0,0.2811
100000007005380100,peripheral,R8a,0.5,5,0.0991,"разовый входящий 9 тыс ₸ от 1 плательщика, дальше не отправлял; меньше 100 тыс ₸ — признаков роли нет",3,False,False,1.0,0.0,9400.0,0.0,1.0,0.0,0.0,7,0,56.87002032563667,1.028499237555118e-06,0,0.0,0.00030444858862264273,,True,0,1,0.0017,0.0095,0.0367,0.03,0.0543,1.0,0.1322
100000004451012100,peripheral,R8c,0.5,19,0.2977,"вход 1 / выход 3, оборот 157 тыс ₸ — признаков роли нет",3,False,False,1.0,3.0,91245.0,65740.0,1.0,3.0,0.7204778344018851,7,0,676.8714871012035,1.2241279402050099e-05,0,5.864859134548333e-05,0.0003025180709228466,0.0,False,0,1,0.0059,0.0997,0.0906,0.03,0.0543,1.0,0.2805
100000004779204100,peripheral,R8c,0.5,1,0.2327,"вход 1 / выход 1, оборот 50 тыс ₸ — признаков роли нет",3,False,False,1.0,1.0,30450.0,20000.0,1.0,2.0,0.6568144499178982,7,0,25.774176593684164,4.6612821348448075e-07,0,1.9549530448494444e-05,0.00028857096654401695,0.5,True,0,1,0.0012,0.0655,0.081,0.03,0.0543,1.0,0.232
100000002793881100,consolidator,R3,0.55,7,0.6306,"получает 786 тыс ₸ от 3 плательщиков, отдаёт дальше 0% полученного — признаки консолидации",3,False,False,3.0,0.0,785600.0,0.0,3.0,0.0,0.0,9,0,2194.2685117729693,3.968353586700493e-05,0,0.0,0.0003767430798288248,,True,0,3,0.0106,0.1359,0.0367,0.255,0.0909,1.0,0.5291
100000008671129100,peripheral,R8a,0.5,2,0.0882,"разовый входящий 26 тыс ₸ от 1 плательщика, дальше не отправлял; меньше 100 тыс ₸ — признаков роли нет",3,False,False,1.0,0.0,26200.0,0.0,1.0,0.0,0.0,1,0,17.410101265791567,3.148631875827197e-07,0,0.0,0.0002909549267563101,,True,0,1,0.0009,0.0417,0.0367,0.03,0.0148,1.0,0.1241
100000002095257100,peripheral,R8a,0.5,12,0.1393,"разовый входящий 8 тыс ₸ от 1 плательщика, дальше не отправлял; меньше 100 тыс ₸ — признаков роли нет",3,False,False,1.0,0.0,8500.0,0.0,1.0,0.0,0.0,8,0,200.09269336740857,3.618693670062897e-06,0,0.0,0.00039842559844157813,,True,0,1,0.0032,0.0084,0.0367,0.03,0.0839,1.0,0.1622
100000002194329100,peripheral,R8a,0.5,1,0.139,"разовый входящий 25 тыс ₸ от 1 плательщика, дальше не отправлял; меньше 100 тыс ₸ — признаков роли нет",3,False,False,1.0,0.0,25170.0,0.0,1.0,0.0,0.0,7,0,21.30495976561676,3.85302040505891e-07,0,0.0,0.00028827235334901927,,True,0,1,0.001,0.04,0.0367,0.03,0.0543,1.0,0.162
100000001884825100,consolidator,R3,0.55,7,0.604,"получает 495 тыс ₸ от 3 плательщиков, отдаёт дальше 0% полученного — признаки консолидации",3,False,False,3.0,0.0,495000.0,0.0,3.0,0.0,0.0,8,0,394.39609210538526,7.132687445906336e-06,0,0.0,0.00034161127894682334,,True,0,2,0.0045,0.1291,0.0367,0.255,0.0839,1.0,0.5092
100000008692291100,transit,R4,0.65,7,0.4814,пропускает дальше 98% полученного (160 тыс ₸ → 156 тыс ₸); 13% ушло за ≤2 дн. — признаки транзита,3,False,False,3.0,3.0,160000.0,156000.0,3.0,3.0,0.975,8,0,320.06856379314786,5.788467666121392e-06,0,6.529946252899175e-05,0.00030922893150241496,0.1346153846153846,True,0,2,0.0041,0.1182,0.0915,0.12,0.0839,1.0,0.4177
100000002697752100,terminal,R6,0.556,6,0.3175,"конечный получатель в выборке: получил 191 тыс ₸ от 2 плательщиков, исходящих от 5 000 ₸ в банке не наблюдается",3,False,False,2.0,0.0,190785.0,0.0,2.0,0.0,0.0,7,0,1764.6571368594075,3.1913976984951596e-05,0,0.0,0.00033103476484205836,,True,0,1,0.0095,0.1048,0.0367,0.09,0.0543,1.0,0.2953
100000007170072100,transit,R4,0.85,6,0.419,пропускает дальше 100% полученного (100 тыс ₸ → 100 тыс ₸); 100% ушло за ≤2 дн. — признаки транзита,3,False,False,1.0,2.0,100000.0,99500.0,1.0,9.0,0.995,7,0,167.12267427537677,3.0224280224656846e-06,0,3.909906089698889e-05,0.00030902697667828963,1.0,True,0,1,0.0029,0.106,0.0879,0.12,0.0543,1.0,0.3711
100000002373144100,peripheral,R8c,0.5,1,0.2414,"вход 1 / выход 1, оборот 57 тыс ₸ — признаков роли нет",3,False,False,1.0,1.0,46468.0,10764.0,1.0,1.0,0.2316432813979513,7,0,225.36796917285955,4.075799219631041e-06,0,1.9549530448494444e-05,0.0002909864876942712,0.0,True,0,1,0.0034,0.0698,0.081,0.03,0.0543,1.0,0.2385
100000000287768100,peripheral,R8a,0.5,1,0.1577,"разовый входящий 35 тыс ₸ от 1 плательщика, дальше не отправлял; меньше 100 тыс ₸ — признаков роли нет",3,False,False,1.0,0.0,35168.0,0.0,1.0,0.0,0.0,7,0,170.56341438992695,3.084654105104254e-06,0,0.0,0.0002899803049810879,,True,0,1,0.003,0.052,0.0367,0.03,0.0543,1.0,0.176
100000004508696100,peripheral,R8b,0.4,40,0.2887,отдаёт 1586% от полученного в выборке (7 тыс ₸ → 111 тыс ₸): входящие извне не видны — признаков роли по данным недостаточно,3,False,False,1.0,3.0,7000.0,111000.0,1.0,4.0,15.857142857142858,7,0,1524.8810707456978,2.757760608566521e-05,0,3.9905227101050515e-05,0.000424377275977656,0.06306306306306306,True,1,1,0.0089,0.0918,0.0888,0.03,0.0543,1.0,0.2738
100000008688109100,peripheral,R8a,0.5,2,0.0549,"разовый входящий 13 тыс ₸ от 1 плательщика, дальше не отправлял; меньше 100 тыс ₸ — признаков роли нет",3,False,False,1.0,0.0,12800.0,0.0,1.0,0.0,0.0,1,0,8.50569832832565,1.5382629011674852e-07,0,0.0,0.00028885487257739024,,True,0,1,0.0007,0.017,0.0367,0.03,0.0148,1.0,0.0992
100000008724461100,transit,R4,0.65,7,0.4703,пропускает дальше 130% полученного (100 тыс ₸ → 130 тыс ₸); 77% ушло за ≤2 дн. — признаки транзита,3,False,False,1.0,1.0,100111.0,130000.0,1.0,1.0,1.298558599954051,9,0,126.21411090783131,2.282593114862727e-06,0,2.277419526474095e-05,0.0002920283304090765,0.7700846153846154,True,0,1,0.0025,0.1099,0.0861,0.12,0.0909,1.0,0.4094
100000001714413100,terminal,R6,0.58,5,0.3207,"конечный получатель в выборке: получил 250 тыс ₸ от 1 плательщика, исходящих от 5 000 ₸ в банке не наблюдается",3,False,False,1.0,0.0,250172.0,0.0,1.0,0.0,0.0,7,0,299.0461126462253,5.408274818425104e-06,0,0.0,0.0002949886182611404,,True,0,1,0.0039,0.1128,0.0367,0.09,0.0543,1.0,0.2977
100000008672493100,peripheral,R8a,0.5,2,0.057,"разовый входящий 14 тыс ₸ от 1 плательщика, дальше не отправлял; меньше 100 тыс ₸ — признаков роли нет",3,False,False,1.0,0.0,14000.0,0.0,1.0,0.0,0.0,1,0,9.30310754660618,1.682475048151937e-07,0,0.0,0.0002890429371307263,,True,0,1,0.0007,0.0186,0.0367,0.03,0.0148,1.0,0.1008
100000003241965100,peripheral,R8a,0.5,8,0.1151,"разовый входящий 15 тыс ₸ от 1 плательщика, дальше не отправлял; меньше 100 тыс ₸ — признаков роли нет",3,False,False,1.0,0.0,15000.0,0.0,1.0,0.0,0.0,7,0,115.74184965942213,2.0932013642040502e-06,0,0.0,0.00029246099785228244,,True,0,1,0.0024,0.0208,0.0367,0.03,0.0543,1.0,0.1442
100000002241986100,peripheral,R8b,0.4,41,0.3641,"отдаёт 1099% от полученного в выборке (280 тыс ₸ → 3,1 млн ₸): входящие извне не видны — признаков роли по данным недостаточно",3,False,False,1.0,6.0,280000.0,3077000.0,1.0,12.0,10.989285714285714,7,0,334.7013716200977,6.053103261592141e-06,0,0.00011729718269096666,0.00029595912250444213,0.0,False,0,1,0.0042,0.1479,0.0937,0.03,0.0543,1.0,0.3301
100000004140994100,peripheral,R8a,0.5,2,0.0703,"разовый входящий 19 тыс ₸ от 1 плательщика, дальше не отправлял; меньше 100 тыс ₸ — признаков роли нет",3,False,False,1.0,0.0,18650.0,0.0,1.0,0.0,0.0,1,0,12.393068267443233,2.241297117716688e-07,0,0.0,0.0002897716872749038,,True,0,1,0.0008,0.0284,0.0367,0.03,0.0148,1.0,0.1107
100000008489922100,distributor,R2,0.691,7,0.6811,"рассылает 3,8 млн ₸ 36 получателям (41 переводов), плательщиков 3 — признаки веерной раздачи",3,False,False,3.0,36.0,262010.0,3789900.0,5.0,41.0,14.464715087210411,8,0,2510.314050451907,4.539924677589399e-05,1,0.0008871308364647244,0.000588448956595591,0.06147919470170717,True,1,2,0.0114,0.1484,0.0981,0.225,0.0839,1.0,0.5668
100000001252290100,peripheral,R8c,0.5,5,0.2767,"вход 1 / выход 1, оборот 146 тыс ₸ — признаков роли нет",3,False,False,1.0,1.0,141005.0,5000.0,1.0,1.0,0.03545973547037339,7,0,168.5520246617567,3.048277947859999e-06,0,1.9549530448494444e-05,0.0002914366859583204,0.0,False,0,1,0.0029,0.0966,0.081,0.03,0.0543,1.0,0.2648
100000008667799100,peripheral,R8a,0.5,2,0.1004,"разовый входящий 34 тыс ₸ от 1 плательщика, дальше не отправлял; меньше 100 тыс ₸ — признаков роли нет",3,False,False,1.0,0.0,34000.0,0.0,1.0,0.0,0.0,1,0,22.59326118461501,4.086010831226133e-07,0,0.0,0.00029217734635299486,,True,0,1,0.0011,0.0506,0.0367,0.03,0.0148,1.0,0.1332
100000008684951100,peripheral,R8a,0.5,2,0.0667,"разовый входящий 17 тыс ₸ от 1 плательщика, дальше не отправлял; меньше 100 тыс ₸ — признаков роли нет",3,False,False,1.0,0.0,17200.0,0.0,1.0,0.0,0.0,1,0,11.429532128687592,2.0670407734438084e-07,0,0.0,0.00028954444260628927,,True,0,1,0.0008,0.0257,0.0367,0.03,0.0148,1.0,0.108
100000006126743100,peripheral,R8a,0.5,5,0.1788,"разовый входящий 55 тыс ₸ от 1 плательщика, дальше не отправлял; меньше 100 тыс ₸ — признаков роли нет",3,False,False,1.0,0.0,55000.0,0.0,1.0,0.0,0.0,7,0,65.7449122825192,1.1890024263841706e-06,0,0.0,0.0002886383683558945,,True,0,1,0.0018,0.0689,0.0367,0.03,0.0543,1.0,0.1917
100000003009900100,peripheral,R8a,0.5,8,0.1186,"разовый входящий 16 тыс ₸ от 1 плательщика, дальше не отправлял; меньше 100 тыс ₸ — признаков роли нет",3,False,False,1.0,0.0,15998.0,0.0,1.0,0.0,0.0,7,0,123.44254072342902,2.2324690283024264e-06,0,0.0,0.00029283439271113516,,True,0,1,0.0025,0.0233,0.0367,0.03,0.0543,1.0,0.1468
100000001745217100,peripheral,R8a,0.5,1,0.1749,"разовый входящий 50 тыс ₸ от 1 плательщика, дальше не отправлял; меньше 100 тыс ₸ — признаков роли нет",3,False,False,1.0,0.0,50000.0,0.0,1.0,0.0,0.0,7,0,242.4980300129762,4.38559785188844e-06,0,0.0,0.0002913009865741794,,True,0,1,0.0035,0.0643,0.0367,0.03,0.0543,1.0,0.1888
100000002886166100,terminal,R6,0.553,23,0.257,"конечный получатель в выборке: получил 185 тыс ₸ от 1 плательщика, исходящих от 5 000 ₸ в банке не наблюдается",3,False,False,1.0,0.0,185000.0,0.0,3.0,0.0,0.0,1,0,436.0550405543402,7.886093132624251e-06,1,0.0,0.0003260325621102664,,True,0,1,0.0047,0.1039,0.0367,0.09,0.0148,1.0,0.2501
100000002956779100,terminal,R6,0.623,3,0.2963,"конечный получатель в выборке: получил 411 тыс ₸ от 1 плательщика, исходящих от 5 000 ₸ в банке не наблюдается",3,False,False,1.0,0.0,411000.0,0.0,1.0,0.0,0.0,1,0,3643.4152245207533,6.589147953631143e-05,0,0.0,0.0004048778166456673,,True,0,1,0.0137,0.1243,0.0367,0.09,0.0148,1.0,0.2795
100000008568512100,terminal,R6,0.56,5,0.3112,"конечный получатель в выборке: получил 200 тыс ₸ от 1 плательщика, исходящих от 5 000 ₸ в банке не наблюдается",3,False,False,1.0,0.0,199640.0,0.0,1.0,0.0,0.0,7,0,238.64207796512966,4.315862625515197e-06,0,0.0,0.0002933444744894319,,True,0,1,0.0035,0.1061,0.0367,0.09,0.0543,1.0,0.2906
100000008583360100,peripheral,R8b,0.4,8,0.3067,отдаёт 151% от полученного в выборке (113 тыс ₸ → 170 тыс ₸): входящие извне не видны — признаков роли по данным недостаточно,3,False,False,1.0,1.0,112843.0,170000.0,1.0,1.0,1.5065179054083992,7,0,870.7105027412115,1.5746874769391846e-05,0,1.9549530448494444e-05,0.00032906828560250314,0.0,True,0,1,0.0067,0.1152,0.081,0.03,0.0543,1.0,0.2872
100000001130176100,peripheral,R8a,0.5,1,0.1498,"разовый входящий 25 тыс ₸ от 1 плательщика, дальше не отправлял; меньше 100 тыс ₸ — признаков роли нет",3,False,False,1.0,0.0,25000.0,0.0,2.0,0.0,0.0,7,0,1948.7271713952202,3.5242899483885276e-05,1,0.0,0.0005604774925629045,,True,0,1,0.01,0.0391,0.0367,0.03,0.0543,1.0,0.1701
100000001145749100,peripheral,R8a,0.5,3,0.1789,"разовый входящий 10 тыс ₸ от 1 плательщика, дальше не отправлял; меньше 100 тыс ₸ — признаков роли нет",3,False,False,1.0,0.0,10000.0,0.0,1.0,0.0,0.0,10,0,5737.704918032787,0.00010376688982565273,0,0.0,0.00048058697082486453,,True,0,1,0.0172,0.0118,0.0367,0.03,0.0961,1.0,0.1918
100000005367445100,transit,R4,0.85,7,0.2748,пропускает дальше 100% полученного (5 тыс ₸ → 5 тыс ₸); 100% ушло за ≤2 дн. — признаки транзита,3,False,False,1.0,1.0,5000.0,5000.0,1.0,1.0,1.0,9,0,312.41836204714764,5.650113105707122e-06,0,0.0,0.0018698205928640741,1.0,True,1,1,0.004,0.0118,0.0367,0.12,0.0909,1.0,0.2634
100000003917461100,peripheral,R8b,0.4,12,0.3507,отдаёт 1400% от полученного в выборке (10 тыс ₸ → 140 тыс ₸): входящие извне не видны — признаков роли по данным недостаточно,3,False,False,1.0,2.0,10000.0,140000.0,1.0,5.0,14.0,9,0,5554.395797742266,0.00010045172852667373,0,2.0557238203571478e-05,0.00040087068779351426,0.07142857142857142,True,1,1,0.0169,0.0976,0.0847,0.03,0.0909,1.0,0.3201
100000008200810100,terminal,R6,0.635,13,0.3045,"конечный получатель в выборке: получил 475 тыс ₸ от 1 плательщика, исходящих от 5 000 ₸ в банке не наблюдается",3,False,False,1.0,0.0,475000.0,0.0,1.0,0.0,0.0,2,0,152.35355768869272,2.7553272712827346e-06,0,0.0,0.00030956785788059134,,True,0,1,0.0028,0.128,0.0367,0.09,0.0281,1.0,0.2856
100000002554175100,peripheral,R8a,0.5,8,0.1391,"разовый входящий 25 тыс ₸ от 1 плательщика, дальше не отправлял; меньше 100 тыс ₸ — признаков роли нет",3,False,False,1.0,0.0,24621.0,0.0,1.0,0.0,0.0,7,0,189.9786720309755,3.4357807192045286e-06,0,0.0,0.00029606062905170266,,True,0,1,0.0031,0.038,0.0367,0.03,0.0543,1.0,0.1621
100000008751380100,terminal,R6,0.608,7,0.3811,"конечный получатель в выборке: получил 346 тыс ₸ от 2 плательщиков, исходящих от 5 000 ₸ в банке не наблюдается",3,False,False,2.0,0.0,345780.0,0.0,2.0,0.0,0.0,9,0,568.4946763241968,1.0281275403202244e-05,0,0.0,0.0003141608550120167,,True,0,1,0.0054,0.1198,0.0367,0.09,0.0909,1.0,0.3428
100000004071444100,peripheral,R8c,0.5,1,0.3146,"вход 1 / выход 1, оборот 347 тыс ₸ — признаков роли нет",3,False,False,1.0,1.0,247350.0,100000.0,1.0,1.0,0.40428542551041036,7,0,1199.6377544741933,2.1695552573292117e-05,0,1.9549530448494444e-05,0.0003088735669676946,0.0,False,0,1,0.0079,0.1199,0.081,0.03,0.0543,1.0,0.2931
100000001141268100,transit,R4,0.65,18,0.5077,пропускает дальше 2% полученного (480 тыс ₸ → 10 тыс ₸); 100% ушло за ≤2 дн. — признаки транзита,3,False,False,2.0,1.0,480000.0,10000.0,2.0,1.0,0.020833333333333332,9,0,2570.003881729322,4.647874253846083e-05,0,2.277419526474095e-05,0.0003664778826493085,1.0,True,0,2,0.0115,0.1288,0.0861,0.12,0.0909,1.0,0.4373
100000002645993100,peripheral,R8b,0.4,1,0.288,отдаёт 175% от полученного в выборке (50 тыс ₸ → 87 тыс ₸): входящие извне не видны — признаков роли по данным недостаточно,3,False,False,2.0,5.0,49650.0,86980.0,4.0,9.0,1.7518630412890233,7,0,41.135479261113275,7.439387011691863e-07,1,9.548455116744238e-05,0.0002946201224048177,0.570820878362842,True,0,2,0.0015,0.0947,0.0928,0.03,0.0543,1.0,0.2733
100000002546921100,peripheral,R8a,0.5,15,0.1267,"разовый входящий 20 тыс ₸ от 1 плательщика, дальше не отправлял; меньше 100 тыс ₸ — признаков роли нет",3,False,False,1.0,0.0,20000.0,0.0,1.0,0.0,0.0,7,0,22.113455623719002,3.999237580446444e-07,0,0.0,0.00029252996306147164,,True,0,1,0.0011,0.0307,0.0367,0.03,0.0543,1.0,0.1528
100000008753897100,peripheral,R8a,0.5,2,0.0829,"разовый входящий 24 тыс ₸ от 1 плательщика, дальше не отправлял; меньше 100 тыс ₸ — признаков роли нет",3,False,False,1.0,0.0,24050.0,0.0,1.0,0.0,0.0,1,0,15.981409749705616,2.8902517791467204e-07,0,0.0,0.00029061797776491625,,True,0,1,0.0009,0.0377,0.0367,0.03,0.0148,1.0,0.1201
100000000870121100,peripheral,R8a,0.5,14,0.108,"разовый входящий 12 тыс ₸ от 1 плательщика, дальше не отправлял; меньше 100 тыс ₸ — признаков роли нет",3,False,False,1.0,0.0,12000.0,0.0,1.0,0.0,0.0,7,0,95.89539077964183,1.7342764383970271e-06,0,0.0,0.0003170785148831813,,True,0,1,0.0022,0.0157,0.0367,0.03,0.0543,1.0,0.1389
100000003171006100,terminal,R6,0.637,7,0.3917,"конечный получатель в выборке: получил 485 тыс ₸ от 2 плательщиков, исходящих от 5 000 ₸ в банке не наблюдается",3,False,False,2.0,0.0,485000.0,0.0,2.0,0.0,0.0,9,0,428.95619148132363,7.757709832999773e-06,0,0.0,0.0003364581606542109,,True,0,2,0.0047,0.1284,0.0367,0.09,0.0909,1.0,0.3507
100000001690558100,terminal,R6,0.674,19,0.3677,"конечный получатель в выборке: получил 740 тыс ₸ от 1 плательщика, исходящих от 5 000 ₸ в банке не наблюдается",3,False,False,1.0,0.0,740000.0,0.0,1.0,0.0,0.0,7,0,5489.450385828161,9.927718513361908e-05,0,0.0,0.00041392675065107223,,True,0,1,0.0168,0.135,0.0367,0.09,0.0543,1.0,0.3328
100000008667795100,peripheral,R8a,0.5,2,0.1004,"разовый входящий 34 тыс ₸ от 1 плательщика, дальше не отправлял; меньше 100 тыс ₸ — признаков роли нет",3,False,False,1.0,0.0,34000.0,0.0,1.0,0.0,0.0,1,0,22.59326118461501,4.086010831226133e-07,0,0.0,0.00029217734635299486,,True,0,1,0.0011,0.0506,0.0367,0.03,0.0148,1.0,0.1332
100000005674387100,peripheral,R8a,0.5,2,0.0882,"разовый входящий 26 тыс ₸ от 1 плательщика, дальше не отправлял; меньше 100 тыс ₸ — признаков роли нет",3,False,False,1.0,0.0,26200.0,0.0,1.0,0.0,0.0,1,0,17.410101265791567,3.148631875827197e-07,0,0.0,0.0002909549267563101,,True,0,1,0.0009,0.0417,0.0367,0.03,0.0148,1.0,0.1241
100000003636627100,peripheral,R8c,0.5,10,0.2354,"вход 1 / выход 1, оборот 87 тыс ₸ — признаков роли нет",3,False,False,1.0,1.0,77000.0,10000.0,8.0,1.0,0.12987012987012986,7,0,19288.13310950132,0.0003488275559493858,1,0.0,0.0020084672100121426,0.0,True,1,1,0.0315,0.0815,0.0367,0.03,0.0543,1.0,0.234
100000001275752100,terminal,R6,0.536,7,0.3494,"конечный получатель в выборке: получил 152 тыс ₸ от 1 плательщика, исходящих от 5 000 ₸ в банке не наблюдается",3,False,False,1.0,0.0,151500.0,0.0,1.0,0.0,0.0,9,0,191.0023653997707,3.4542943023414326e-06,0,0.0,0.0002946870620574203,,True,0,1,0.0031,0.0984,0.0367,0.09,0.0909,1.0,0.3191
100000002459240100,terminal,R6,0.535,5,0.2992,"конечный получатель в выборке: получил 150 тыс ₸ от 1 плательщика, исходящих от 5 000 ₸ в банке не наблюдается",3,False,False,1.0,0.0,150000.0,0.0,1.0,0.0,0.0,7,0,179.30430622505233,3.242733890138647e-06,0,0.0,0.00029172935344083683,,True,0,1,0.003,0.0976,0.0367,0.09,0.0543,1.0,0.2816
100000002644285100,terminal,R6,0.64,13,0.3068,"конечный получатель в выборке: получил 500 тыс ₸ от 1 плательщика, исходящих от 5 000 ₸ в банке не наблюдается",3,False,False,1.0,0.0,500000.0,0.0,1.0,0.0,0.0,2,0,160.3721659880976,2.900344496087089e-06,0,0.0,0.00031076359510193093,,True,0,1,0.0029,0.1296,0.0367,0.09,0.0281,1.0,0.2873
100000005186109100,peripheral,R8a,0.5,16,0.0909,"разовый входящий 5 тыс ₸ от 1 плательщика, дальше не отправлял; меньше 100 тыс ₸ — признаков роли нет",3,False,False,1.0,0.0,5000.0,0.0,1.0,0.0,0.0,7,0,138.60156100014615,2.5066212214511565e-06,0,0.0,0.0006085229555982302,,True,0,1,0.0027,0.0024,0.0367,0.03,0.0543,1.0,0.1261
100000005317181100,peripheral,R8c,0.5,1,0.2892,"вход 1 / выход 1, оборот 156 тыс ₸ — признаков роли нет",3,False,False,1.0,1.0,141250.0,14500.0,1.0,1.0,0.10265486725663717,7,0,1713.4215741004646,3.0987377399940976e-05,0,1.9549530448494444e-05,0.00032384255024560404,0.0,False,0,1,0.0094,0.0995,0.081,0.03,0.0543,1.0,0.2742
100000003001661100,peripheral,R8b,0.4,29,0.3454,отдаёт 400% от полученного в выборке (110 тыс ₸ → 440 тыс ₸): входящие извне не видны — признаков роли по данным недостаточно,3,False,False,1.0,5.0,110000.0,439500.0,1.0,8.0,3.9954545454545456,7,0,1214.488295352798,2.196412588983867e-05,0,8.464745142647078e-05,0.0005489541541645929,0.0,True,1,1,0.0079,0.1313,0.0926,0.03,0.0543,1.0,0.3161
100000000288317100,peripheral,R8c,0.5,6,0.299,"вход 2 / выход 3, оборот 154 тыс ₸ — признаков роли нет",3,False,False,2.0,3.0,100000.0,53500.0,2.0,3.0,0.535,7,0,1067.7268500948383,1.9309932455653202e-05,0,5.925321599852955e-05,0.0003142257679922481,0.308411214953271,True,0,1,0.0074,0.0989,0.0909,0.03,0.0543,1.0,0.2815
100000004368189100,transit,R4,0.65,13,0.3944,пропускает дальше 7% полученного (385 тыс ₸ → 28 тыс ₸); 77% ушло за ≤2 дн. — признаки транзита,3,False,False,1.0,2.0,384600.0,28200.0,1.0,2.0,0.07332293291731669,2,0,123.35827007804468,2.230944986390189e-06,0,2.821581714215693e-06,0.00030524407208822724,0.7695035460992907,True,0,1,0.0025,0.1245,0.0776,0.12,0.0281,1.0,0.3527
100000004493586100,peripheral,R8a,0.5,1,0.0947,"разовый входящий 8 тыс ₸ от 1 плательщика, дальше не отправлял; меньше 100 тыс ₸ — признаков роли нет",3,False,False,1.0,0.0,7500.0,0.0,1.0,0.0,0.0,7,0,5.871322095989777,1.0618336804855712e-07,0,0.0,0.00028993192234021955,,True,0,1,0.0005,0.0074,0.0367,0.03,0.0543,1.0,0.1289
100000004114962100,terminal,R6,0.543,5,0.3041,"конечный получатель в выборке: получил 165 тыс ₸ от 2 плательщиков, исходящих от 5 000 ₸ в банке не наблюдается",3,False,False,2.0,0.0,165000.0,0.0,2.0,0.0,0.0,7,0,203.31257272098992,3.6769254667321348e-06,0,0.0,0.0007143353552134958,,True,0,1,0.0032,0.1011,0.0367,0.09,0.0543,1.0,0.2853
100000008088082100,peripheral,R8b,0.4,14,0.2598,отдаёт 128% от полученного в выборке (39 тыс ₸ → 50 тыс ₸): входящие извне не видны — признаков роли по данным недостаточно,3,False,False,1.0,1.0,39138.0,50000.0,1.0,1.0,1.2775307884920026,7,0,422.92011492973006,7.648546866368306e-06,0,1.9549530448494444e-05,0.0003013961703115388,0.0,True,0,1,0.0047,0.0822,0.081,0.03,0.0543,1.0,0.2522
100000008595687100,transit,R4,0.65,4,0.3951,пропускает дальше 16% полученного (64 тыс ₸ → 10 тыс ₸); 100% ушло за ≤2 дн. — признаки транзита,3,False,False,1.0,1.0,64395.0,10400.0,1.0,1.0,0.161503222299868,7,0,671.784036007293,1.2149272408888764e-05,0,0.00030624238676791037,0.00030621915315198246,1.0,True,0,1,0.0059,0.0765,0.0965,0.12,0.0543,1.0,0.3532
100000001248999100,peripheral,R8a,0.5,17,0.1343,"разовый входящий 23 тыс ₸ от 1 плательщика, дальше не отправлял; меньше 100 тыс ₸ — признаков роли нет",3,False,False,1.0,0.0,23425.0,0.0,1.0,0.0,0.0,7,0,57.598020737845545,1.04166518799103e-06,0,0.0,0.0002905511245541339,,True,0,1,0.0017,0.0358,0.0367,0.03,0.0543,1.0,0.1585
100000002736316100,consolidator,R3,0.55,1,0.5468,"получает 267 тыс ₸ от 3 плательщиков, отдаёт дальше 0% полученного — признаки консолидации",3,False,False,3.0,0.0,266921.0,0.0,3.0,0.0,0.0,7,0,783.8769769705892,1.417648294364727e-05,0,0.0,0.00038550579299362716,,True,0,2,0.0064,0.1141,0.0367,0.255,0.0543,1.0,0.4665
100000008596924100,terminal,R6,0.5,10,0.2468,"конечный получатель в выборке: получил 100 тыс ₸ от 1 плательщика, исходящих от 5 000 ₸ в банке не наблюдается",3,False,False,1.0,0.0,100000.0,0.0,1.0,0.0,0.0,1,0,3789.5747395369135,6.853478700999948e-05,0,0.0,0.00041785596953346536,,True,0,1,0.014,0.087,0.0367,0.09,0.0148,1.0,0.2425
100000008598972100,terminal,R6,0.516,6,0.2402,"конечный получатель в выборке: получил 120 тыс ₸ от 1 плательщика, исходящих от 5 000 ₸ в банке не наблюдается",3,False,False,1.0,0.0,120000.0,0.0,1.0,0.0,0.0,1,0,258.80388991890743,4.680490738947437e-06,0,0.0,0.00029543129312656,,True,0,1,0.0037,0.0924,0.0367,0.09,0.0148,1.0,0.2376
100000002769809100,terminal,R6,0.511,19,0.2974,"конечный получатель в выборке: получил 113 тыс ₸ от 1 плательщика, исходящих от 5 000 ₸ в банке не наблюдается",3,False,False,1.0,0.0,113422.0,0.0,1.0,0.0,0.0,7,0,1351.881821428219,2.4448899695166082e-05,0,0.0,0.00037941388776648657,,True,0,1,0.0083,0.091,0.0367,0.09,0.0543,1.0,0.2803
100000003089553100,terminal,R6,0.535,7,0.3375,"конечный получатель в выборке: получил 150 тыс ₸ от 1 плательщика, исходящих от 5 000 ₸ в банке не наблюдается",3,False,False,1.0,0.0,150000.0,0.0,1.0,0.0,0.0,8,0,78.28454292830997,1.4157827314477283e-06,0,0.0,0.00030846376040725846,,True,0,1,0.002,0.0976,0.0367,0.09,0.0839,1.0,0.3102
100000002343825100,peripheral,R8c,0.5,7,0.3684,"вход 3 / выход 2, оборот 440 тыс ₸ — признаков роли нет",3,False,False,3.0,2.0,350000.0,89800.0,4.0,2.0,0.25657142857142856,8,0,319.3293792900977,5.775099450435052e-06,1,4.353297501932783e-05,0.0003350828207250554,0.5567928730512249,True,0,2,0.0041,0.1256,0.0897,0.03,0.0839,1.0,0.3333
100000002015633100,peripheral,R8a,0.5,5,0.2007,"разовый входящий 95 тыс ₸ от 1 плательщика, дальше не отправлял; меньше 100 тыс ₸ — признаков роли нет",3,False,False,1.0,0.0,94970.0,0.0,1.0,0.0,0.0,7,0,113.52353308128814,2.0530829169764487e-06,0,0.0,0.00028993885965952754,,True,0,1,0.0024,0.0847,0.0367,0.03,0.0543,1.0,0.2081
100000002906470100,terminal,R6,0.523,19,0.2996,"конечный получатель в выборке: получил 130 тыс ₸ от 1 плательщика, исходящих от 5 000 ₸ в банке не наблюдается",3,False,False,1.0,0.0,130000.0,0.0,1.0,0.0,0.0,7,0,964.3629056184607,1.7440586577527676e-05,0,0.0,0.00030917334661685646,,True,0,1,0.007,0.0939,0.0367,0.09,0.0543,1.0,0.2819
100000005628518100,peripheral,R8a,0.5,19,0.1947,"разовый входящий 77 тыс ₸ от 1 плательщика, дальше не отправлял; меньше 100 тыс ₸ — признаков роли нет",3,False,False,1.0,0.0,77000.0,0.0,3.0,0.0,0.0,7,0,492.3356643356644,8.903933082685327e-06,1,0.0,0.0005353273698316103,,True,0,1,0.005,0.0776,0.0367,0.03,0.0543,1.0,0.2036
100000002958139100,terminal,R6,0.564,7,0.353,"конечный получатель в выборке: получил 210 тыс ₸ от 1 плательщика, исходящих от 5 000 ₸ в банке не наблюдается",3,False,False,1.0,0.0,209500.0,0.0,2.0,0.0,0.0,8,0,235.5328464643123,4.259631904835615e-06,1,0.0,0.0003016163975470345,,True,0,1,0.0035,0.1077,0.0367,0.09,0.0839,1.0,0.3218
100000008754747100,peripheral,R8a,0.5,2,0.1129,"разовый входящий 46 тыс ₸ от 1 плательщика, дальше не отправлял; меньше 100 тыс ₸ — признаков роли нет",3,False,False,1.0,0.0,45500.0,0.0,1.0,0.0,0.0,1,0,30.235099526470087,5.468043906493797e-07,0,0.0,0.0002939796316557992,,True,0,1,0.0012,0.0598,0.0367,0.03,0.0148,1.0,0.1425
100000008776720100,peripheral,R8a,0.5,2,0.0876,"разовый входящий 26 тыс ₸ от 1 плательщика, дальше не отправлял; меньше 100 тыс ₸ — признаков роли нет",3,False,False,1.0,0.0,26150.0,0.0,1.0,0.0,0.0,1,0,17.376875881696545,3.1426230363695115e-07,0,0.0,0.00029094709073325446,,True,0,1,0.0009,0.0412,0.0367,0.03,0.0148,1.0,0.1236
100000008576528100,peripheral,R8a,0.5,5,0.1441,"разовый входящий 28 тыс ₸ от 1 плательщика, дальше не отправлял; меньше 100 тыс ₸ — признаков роли нет",3,False,False,1.0,0.0,28000.0,0.0,1.0,0.0,0.0,7,0,33.47013716200977,6.053103261592141e-07,0,0.0,0.00028775987785806874,,True,0,1,0.0013,0.0435,0.0367,0.03,0.0543,1.0,0.1658
100000004603109100,peripheral,R8c,0.5,24,0.3594,"вход 3 / выход 2, оборот 3,1 млн ₸ — признаков роли нет",3,False,False,3.0,2.0,2730000.0,400000.0,8.0,2.0,0.14652014652014653,2,0,40799.86242131144,0.000737869041586328,1,7.053954285539232e-07,0.0032273481702142005,0.39375,True,1,2,0.0458,0.1477,0.075,0.03,0.0281,1.0,0.3266
100000008721637100,peripheral,R8b,0.4,10,0.2937,отдаёт 528% от полученного в выборке (24 тыс ₸ → 127 тыс ₸): входящие извне не видны — признаков роли по данным недостаточно,3,False,False,1.0,2.0,24041.0,127000.0,1.0,2.0,5.282642152988644,7,0,159.9088007072958,2.891964494896913e-06,0,7.457054577508867e-05,0.00029175983908077616,0.09448818897637795,True,0,1,0.0029,0.0984,0.0919,0.03,0.0543,1.0,0.2775
100000004491749100,peripheral,R8a,0.5,10,0.1305,"разовый входящий 50 тыс ₸ от 1 плательщика, дальше не отправлял; меньше 100 тыс ₸ — признаков роли нет",3,False,False,1.0,0.0,50000.0,0.0,1.0,0.0,0.0,1,0,1894.7873697684568,3.426739350499974e-05,0,0.0,0.00035235241010430187,,True,0,1,0.0099,0.0643,0.0367,0.03,0.0148,1.0,0.1557
100000005171642100,transit,R4,0.85,10,0.4569,пропускает дальше 98% полученного (697 тыс ₸ → 684 тыс ₸); 96% ушло за ≤2 дн. — признаки транзита,3,False,False,2.0,1.0,696800.0,683600.0,5.0,4.0,0.9810562571756601,1,0,45199.35426669949,0.0008174342322210813,1,4.0308310203081327e-07,0.0028280471273330193,0.96255119953189,True,1,1,0.0483,0.1421,0.0742,0.12,0.0148,1.0,0.3994
100000008682426100,peripheral,R8a,0.5,15,0.1267,"разовый входящий 20 тыс ₸ от 1 плательщика, дальше не отправлял; меньше 100 тыс ₸ — признаков роли нет",3,False,False,1.0,0.0,20000.0,0.0,1.0,0.0,0.0,7,0,22.113455623719002,3.999237580446444e-07,0,0.0,0.00029252996306147164,,True,0,1,0.0011,0.0307,0.0367,0.03,0.0543,1.0,0.1528
100000006209210100,terminal,R6,0.572,9,0.3187,"конечный получатель в выборке: получил 229 тыс ₸ от 1 плательщика, исходящих от 5 000 ₸ в банке не наблюдается",3,False,False,1.0,0.0,229111.0,0.0,1.0,0.0,0.0,7,0,597.2283855052013,1.0800927019564891e-05,0,0.0,0.00036239218962543673,,True,0,1,0.0055,0.1097,0.0367,0.09,0.0543,1.0,0.2962
100000003888527100,peripheral,R8a,0.5,42,0.1534,"разовый входящий 30 тыс ₸ от 1 плательщика, дальше не отправлял; меньше 100 тыс ₸ — признаков роли нет",3,False,False,1.0,0.0,30000.0,0.0,1.0,0.0,0.0,7,0,615.4027661072237,1.1129612265063037e-05,0,0.0,0.000368288190661015,,True,0,1,0.0056,0.0462,0.0367,0.03,0.0543,1.0,0.1728
100000008490127100,peripheral,R8b,0.4,5,0.3573,отдаёт 214% от полученного в выборке (432 тыс ₸ → 923 тыс ₸): входящие извне не видны — признаков роли по данным недостаточно,3,False,False,1.0,6.0,431755.0,923000.0,2.0,9.0,2.137786476126507,7,0,516.1035382279831,9.333777138245408e-06,1,0.00011729718269096666,0.00030089672715249917,0.0,False,0,1,0.0052,0.1418,0.0937,0.03,0.0543,1.0,0.325
100000004336228100,peripheral,R8a,0.5,6,0.1784,"разовый входящий 51 тыс ₸ от 1 плательщика, дальше не отправлял; меньше 100 тыс ₸ — признаков роли нет",3,False,False,1.0,0.0,51407.0,0.0,2.0,0.0,0.0,7,0,341.93385125244185,6.183903281442768e-06,1,0.0,0.00029735004367745195,,True,0,1,0.0042,0.0662,0.0367,0.03,0.0543,1.0,0.1914
100000006844004100,peripheral,R8a,0.5,1,0.1355,"разовый входящий 21 тыс ₸ от 1 плательщика, дальше не отправлял; меньше 100 тыс ₸ — признаков роли нет",3,False,False,1.0,0.0,20600.0,0.0,1.0,0.0,0.0,7,0,618.3702397076396,1.1183279281850033e-05,0,0.0,0.0005478256591732767,,True,0,1,0.0056,0.0328,0.0367,0.03,0.0543,1.0,0.1594
100000001688676100,terminal,R6,0.525,19,0.3004,"конечный получатель в выборке: получил 134 тыс ₸ от 1 плательщика, исходящих от 5 000 ₸ в банке не наблюдается",3,False,False,1.0,0.0,133700.0,0.0,1.0,0.0,0.0,7,0,991.8101575476015,1.793697250319577e-05,0,0.0,0.00030980873611673616,,True,0,1,0.0071,0.0944,0.0367,0.09,0.0543,1.0,0.2825
100000008712036100,peripheral,R8a,0.5,2,0.0768,"разовый входящий 21 тыс ₸ от 1 плательщика, дальше не отправлял; меньше 100 тыс ₸ — признаков роли нет",3,False,False,1.0,0.0,21000.0,0.0,1.0,0.0,0.0,1,0,13.95466131990927,2.5237125722279056e-07,0,0.0,0.0002901399803585203,,True,0,1,0.0008,0.0333,0.0367,0.03,0.0148,1.0,0.1156
100000004697956100,transit,R4,0.65,10,0.2077,пропускает дальше 100% полученного (10 тыс ₸ → 10 тыс ₸); 0% ушло за ≤2 дн. — признаки транзита,3,False,False,1.0,1.0,10000.0,10000.0,1.0,1.0,1.0,1,0,2400.0636764764063,4.340535922451479e-05,0,0.0,0.00047075822895587834,0.0,True,1,1,0.0111,0.0307,0.0367,0.12,0.0148,1.0,0.2133
100000004921657100,peripheral,R8b,0.4,3,0.2282,отдаёт 267% от полученного в выборке (8 тыс ₸ → 22 тыс ₸): входящие извне не видны — признаков роли по данным недостаточно,3,False,False,1.0,1.0,8300.0,22190.0,1.0,1.0,2.6734939759036145,10,0,6593.313518821605,0.00011924064539173268,0,0.0,0.0003628873834839632,0.3740423614240649,True,0,1,0.0184,0.0474,0.0367,0.03,0.0961,1.0,0.2286
100000000408846100,peripheral,R8a,0.5,26,0.1605,"разовый входящий 40 тыс ₸ от 1 плательщика, дальше не отправлял; меньше 100 тыс ₸ — признаков роли нет",3,False,False,1.0,0.0,40500.0,0.0,1.0,0.0,0.0,7,0,13.070102881242867,2.363739413341725e-07,0,0.0,0.0002970441263454433,,True,0,1,0.0008,0.0563,0.0367,0.03,0.0543,1.0,0.1781
100000003406094100,peripheral,R8c,0.5,4,0.3012,"вход 1 / выход 3, оборот 117 тыс ₸ — признаков роли нет",3,False,False,1.0,3.0,70000.0,47000.0,4.0,3.0,0.6714285714285714,7,0,6696.569573639752,0.00012110804007605531,1,3.95021439990197e-05,0.0007813132717932325,0.14893617021276595,True,1,1,0.0186,0.0917,0.0885,0.03,0.0543,1.0,0.2831
100000008695566100,peripheral,R8a,0.5,2,0.1,"разовый входящий 34 тыс ₸ от 1 плательщика, дальше не отправлял; меньше 100 тыс ₸ — признаков роли нет",3,False,False,1.0,0.0,33700.0,0.0,1.0,0.0,0.0,1,0,22.393908880044876,4.04995779448002e-07,0,0.0,0.00029213033021466083,,True,0,1,0.0011,0.0503,0.0367,0.03,0.0148,1.0,0.1329
100000005974542100,peripheral,R8a,0.5,22,0.223,"разовый входящий 94 тыс ₸ от 1 плательщика, дальше не отправлял; меньше 100 тыс ₸ — признаков роли нет",3,False,False,1.0,0.0,94500.0,0.0,3.0,0.0,0.0,7,0,7209.175994583967,0.00013037857154567952,1,0.0,0.00048585026228759384,,True,0,1,0.0193,0.0844,0.0367,0.03,0.0543,1.0,0.2247
100000001887715100,consolidator,R3,0.55,18,0.6993,"получает 1,3 млн ₸ от 3 плательщиков, отдаёт дальше 56% полученного — признаки консолидации",3,False,False,3.0,1.0,1331500.0,750000.0,4.0,1.0,0.5632745024408562,9,0,112.48824119323402,2.0343595736153306e-06,1,2.2975736815756357e-05,0.0007341091806669109,1.0,True,0,3,0.0024,0.1459,0.0862,0.255,0.0909,1.0,0.5804
100000002472632100,peripheral,R8c,0.5,27,0.3467,"вход 2 / выход 1, оборот 522 тыс ₸ — признаков роли нет",3,False,False,2.0,1.0,502400.0,20000.0,3.0,1.0,0.03980891719745223,7,0,6020.988914144617,0.00010889010540293366,1,2.035569665255607e-05,0.0009897621912287574,0.0,False,0,1,0.0176,0.1306,0.0846,0.03,0.0543,1.0,0.3171
100000004629688100,peripheral,R8b,0.4,16,0.1284,отдаёт 300% от полученного в выборке (5 тыс ₸ → 15 тыс ₸): входящие извне не видны — признаков роли по данным недостаточно,3,False,False,1.0,1.0,5000.0,15000.0,1.0,2.0,3.0,7,0,112.30494745686104,2.031044690535831e-06,0,0.0,0.00038971515524088374,0.0,True,1,1,0.0024,0.0307,0.0367,0.03,0.0543,1.0,0.1541
100000002459832100,terminal,R6,0.689,6,0.3614,"конечный получатель в выборке: получил 881 тыс ₸ от 2 плательщиков, исходящих от 5 000 ₸ в банке не наблюдается",3,False,False,2.0,0.0,880606.0,0.0,2.0,0.0,0.0,7,0,1753.5604504116068,3.1713292450541356e-05,0,0.0,0.0003949083752008431,,True,0,1,0.0095,0.1376,0.0367,0.09,0.0543,1.0,0.3281
100000006100920100,terminal,R6,0.5,1,0.2836,"конечный получатель в выборке: получил 100 тыс ₸ от 1 плательщика, исходящих от 5 000 ₸ в банке не наблюдается",3,False,False,1.0,0.0,100000.0,0.0,1.0,0.0,0.0,7,0,78.28429461319702,1.415778240647428e-06,0,0.0,0.000327956472876221,,True,0,1,0.002,0.087,0.0367,0.09,0.0543,1.0,0.27
100000001439416100,peripheral,R8b,0.4,25,0.2898,отдаёт 1650% от полученного в выборке (10 тыс ₸ → 165 тыс ₸): входящие извне не видны — признаков роли по данным недостаточно,3,False,False,1.0,2.0,10000.0,165000.0,1.0,3.0,16.5,7,0,213.9948966479202,3.870116219104907e-06,0,2.0154155101540664e-05,0.0003429500365866245,0.0,True,1,1,0.0033,0.1028,0.0842,0.03,0.0543,1.0,0.2746
100000002121357100,peripheral,R8c,0.5,7,0.3551,"вход 2 / выход 1, оборот 368 тыс ₸ — признаков роли нет",3,False,False,2.0,1.0,255300.0,113000.0,2.0,1.0,0.4426165295730513,8,0,93.13783189229663,1.6844057473561563e-06,0,2.1968029060679322e-05,0.0003277289071697353,0.0,False,0,1,0.0022,0.1216,0.0857,0.03,0.0839,1.0,0.3234
100000002970466100,peripheral,R8b,0.4,1,0.2765,отдаёт 399% от полученного в выборке (23 тыс ₸ → 93 тыс ₸): входящие извне не видны — признаков роли по данным недостаточно,3,False,False,1.0,2.0,23317.0,93000.0,1.0,3.0,3.9885062400823434,7,0,19.736501662887804,3.569363400268518e-07,0,3.909906089698889e-05,0.0002881675559531233,0.25072043010752687,True,0,1,0.001,0.0915,0.0879,0.03,0.0543,1.0,0.2647
100000002581346100,terminal,R6,0.544,5,0.3045,"конечный получатель в выборке: получил 166 тыс ₸ от 1 плательщика, исходящих от 5 000 ₸ в банке не наблюдается",3,False,False,1.0,0.0,166400.0,0.0,1.0,0.0,0.0,7,0,198.90824370565807,3.5972727954604725e-06,0,0.0,0.00029226295507655316,,True,0,1,0.0032,0.1014,0.0367,0.09,0.0543,1.0,0.2856
100000008738658100,peripheral,R8a,0.5,2,0.093,"разовый входящий 30 тыс ₸ от 1 плательщика, дальше не отправлял; меньше 100 тыс ₸ — признаков роли нет",3,False,False,1.0,0.0,29920.0,0.0,1.0,0.0,0.0,1,0,19.882069842461206,3.595689531478997e-07,0,0.0,0.0002915379268716521,,True,0,1,0.001,0.0452,0.0367,0.03,0.0148,1.0,0.1277
100000005910114100,distributor,R2,0.631,1,0.6393,"рассылает 1,5 млн ₸ 19 получателям (56 переводов), плательщиков 3 — признаки веерной раздачи",3,False,False,3.0,19.0,326144.0,1469993.0,3.0,56.0,4.507190075549451,7,0,2783.087261888181,5.033237390300352e-05,0,0.005942296139206007,0.00036323669634607506,0.18106208669020873,True,0,1,0.012,0.1444,0.0999,0.225,0.0543,1.0,0.5356
100000001046626100,terminal,R6,0.535,5,0.2992,"конечный получатель в выборке: получил 150 тыс ₸ от 1 плательщика, исходящих от 5 000 ₸ в банке не наблюдается",3,False,False,1.0,0.0,150000.0,0.0,1.0,0.0,0.0,7,0,179.30430622505233,3.242733890138647e-06,0,0.0,0.00029172935344083683,,True,0,1,0.003,0.0976,0.0367,0.09,0.0543,1.0,0.2816
100000006492770100,transit,R4,0.65,1,0.4237,пропускает дальше 7% полученного (269 тыс ₸ → 20 тыс ₸); 100% ушло за ≤2 дн. — признаки транзита,3,False,False,1.0,1.0,269000.0,20000.0,1.0,1.0,0.07434944237918216,7,0,227.69305430873695,4.117848585462244e-06,0,1.9549530448494444e-05,0.0003020622880717998,1.0,True,0,1,0.0034,0.1159,0.081,0.12,0.0543,1.0,0.3746
100000001674850100,terminal,R6,0.575,7,0.355,"конечный получатель в выборке: получил 237 тыс ₸ от 2 плательщиков, исходящих от 5 000 ₸ в банке не наблюдается",3,False,False,2.0,0.0,237000.0,0.0,2.0,0.0,0.0,8,0,54.44658480449421,9.846711964978616e-07,0,0.0,0.0003154950296520022,,True,0,2,0.0017,0.111,0.0367,0.09,0.0839,1.0,0.3233
100000000860514100,peripheral,R8b,0.4,27,0.2493,отдаёт 417% от полученного в выборке (12 тыс ₸ → 50 тыс ₸): входящие извне не видны — признаков роли по данным недостаточно,3,False,False,1.0,1.0,12000.0,50000.0,1.0,1.0,4.166666666666667,7,0,229.5887778802765,4.1521329102572665e-06,0,2.035569665255607e-05,0.00030765269629933725,0.0,True,0,1,0.0034,0.0721,0.0846,0.03,0.0543,1.0,0.2444
100000003650146100,peripheral,R8a,0.5,4,0.1146,"разовый входящий 14 тыс ₸ от 1 плательщика, дальше не отправлял; меньше 100 тыс ₸ — признаков роли нет",3,False,False,1.0,0.0,14400.0,0.0,1.0,0.0,0.0,7,0,231.43510771726963,4.185523945089844e-06,0,0.0,0.0003014670588081637,,True,0,1,0.0035,0.0193,0.0367,0.03,0.0543,1.0,0.1438
100000001227106100,terminal,R6,0.543,5,0.3038,"конечный получатель в выборке: получил 165 тыс ₸ от 1 плательщика, исходящих от 5 000 ₸ в банке не наблюдается",3,False,False,1.0,0.0,164765.0,0.0,1.0,0.0,0.0,7,0,196.953826767805,3.561926996057961e-06,0,0.0,0.00029220975759640703,,True,0,1,0.0032,0.1009,0.0367,0.09,0.0543,1.0,0.2851
100000003647799100,terminal,R6,0.5,5,0.2843,"конечный получатель в выборке: получил 100 тыс ₸ от 1 плательщика, исходящих от 5 000 ₸ в банке не наблюдается",3,False,False,1.0,0.0,100000.0,0.0,1.0,0.0,0.0,7,0,119.53620415003489,2.1618225934257644e-06,0,0.0,0.000290102519185604,,True,0,1,0.0025,0.087,0.0367,0.09,0.0543,1.0,0.2705
100000008293431100,peripheral,R8b,0.4,1,0.3164,отдаёт 1980% от полученного в выборке (15 тыс ₸ → 297 тыс ₸): входящие извне не видны — признаков роли по данным недостаточно,3,False,False,1.0,5.0,15000.0,297000.0,1.0,7.0,19.8,7,0,72.74940900389286,1.3156793555665322e-06,0,5.784493799424015e-05,0.00028818449144485067,0.0,False,1,1,0.0019,0.1179,0.0904,0.03,0.0543,1.0,0.2945
100000002975287100,peripheral,R8a,0.5,17,0.1142,"разовый входящий 15 тыс ₸ от 1 плательщика, дальше не отправлял; меньше 100 тыс ₸ — признаков роли нет",3,False,False,1.0,0.0,15000.0,0.0,1.0,0.0,0.0,7,0,56.39743520711877,1.0199524948022154e-06,0,0.0,0.0002904870604974672,,True,0,1,0.0017,0.0208,0.0367,0.03,0.0543,1.0,0.1435
100000008507703100,peripheral,R8a,0.5,2,0.0914,"разовый входящий 28 тыс ₸ от 1 плательщика, дальше не отправлял; меньше 100 тыс ₸ — признаков роли нет",3,False,False,1.0,0.0,28500.0,0.0,1.0,0.0,0.0,1,0,18.938468934162582,3.4250384908807294e-07,0,0.0,0.000291315383816871,,True,0,1,0.001,0.044,0.0367,0.03,0.0148,1.0,0.1265
100000001733687100,terminal,R6,0.595,7,0.3661,"конечный получатель в выборке: получил 300 тыс ₸ от 1 плательщика, исходящих от 5 000 ₸ в банке не наблюдается",3,False,False,1.0,0.0,300000.0,0.0,1.0,0.0,0.0,8,0,337.27853908970735,6.099711558237157e-06,0,0.0,0.00030799569583775816,,True,0,1,0.0042,0.1168,0.0367,0.09,0.0839,1.0,0.3316
100000004552204100,peripheral,R8c,0.5,34,0.272,"вход 1 / выход 2, оборот 32 тыс ₸ — признаков роли нет",3,False,False,1.0,2.0,22500.0,10000.0,2.0,2.0,0.4444444444444444,8,0,3350.3309093941107,6.0591024341797813e-05,1,2.0557238203571478e-05,0.0008681325584092661,0.0,True,1,1,0.0131,0.0496,0.0847,0.03,0.0839,1.0,0.2613
100000008223756100,terminal,R6,0.604,6,0.3308,"конечный получатель в выборке: получил 332 тыс ₸ от 2 плательщиков, исходящих от 5 000 ₸ в банке не наблюдается",3,False,False,2.0,0.0,331682.0,0.0,2.0,0.0,0.0,7,0,541.5217765740689,9.793468177728976e-06,0,0.0,0.0003578467210306661,,True,0,1,0.0053,0.1189,0.0367,0.09,0.0543,1.0,0.3052
100000002956769100,consolidator,R3,0.55,13,0.6286,"получает 840 тыс ₸ от 3 плательщиков, отдаёт дальше 0% полученного — признаки консолидации",3,False,False,3.0,0.0,840000.0,0.0,3.0,0.0,0.0,9,0,1225.6500056426842,2.2165986386058396e-05,0,0.0,0.00038648464359370327,,True,0,3,0.0079,0.1371,0.0367,0.255,0.0909,1.0,0.5276
100000008555233100,terminal,R6,0.629,18,0.3967,"конечный получатель в выборке: получил 441 тыс ₸ от 1 плательщика, исходящих от 5 000 ₸ в банке не наблюдается",3,False,False,1.0,0.0,440600.0,0.0,1.0,0.0,0.0,9,0,2393.1823154725553,4.32809092154366e-05,0,0.0,0.00036501805850886376,,True,0,1,0.0111,0.1257,0.0367,0.09,0.0909,1.0,0.3544
100000002346166100,peripheral,R8a,0.5,2,0.0389,"разовый входящий 6 тыс ₸ от 1 плательщика, дальше не отправлял; меньше 100 тыс ₸ — признаков роли нет",3,False,False,1.0,0.0,6000.0,0.0,1.0,0.0,0.0,1,0,3.9870460914026484,7.210607349222588e-08,0,0.0,0.0002877891734418189,,True,0,1,0.0005,0.0053,0.0367,0.03,0.0148,1.0,0.0873
100000000878006100,peripheral,R8a,0.5,5,0.1682,"разовый входящий 47 тыс ₸ от 1 плательщика, дальше не отправлял; меньше 100 тыс ₸ — признаков роли нет",3,False,False,1.0,0.0,47003.0,0.0,1.0,0.0,0.0,7,0,56.1856020366409,1.0161214735879122e-06,0,0.0,0.0002883781724851125,,True,0,1,0.0017,0.0611,0.0367,0.03,0.0543,1.0,0.1838
100000004997515100,peripheral,R8c,0.5,7,0.3892,"вход 4 / выход 4, оборот 450 тыс ₸ — признаков роли нет",3,False,False,4.0,4.0,395000.0,54500.0,4.0,4.0,0.1379746835443038,9,0,1498.9304276901646,2.710828646095164e-05,0,9.10967810589638e-05,0.0003581975797066338,0.0,True,0,1,0.0088,0.1264,0.0927,0.03,0.0909,1.0,0.3488
100000007653003100,terminal,R6,0.5,17,0.2858,"конечный получатель в выборке: получил 100 тыс ₸ от 1 плательщика, исходящих от 5 000 ₸ в банке не наблюдается",3,False,False,1.0,0.0,100000.0,0.0,1.0,0.0,0.0,7,0,245.8826925841859,4.44680976730429e-06,0,0.0,0.00030265364845099977,,True,0,1,0.0036,0.087,0.0367,0.09,0.0543,1.0,0.2716
100000000661131100,peripheral,R8a,0.5,2,0.0625,"разовый входящий 16 тыс ₸ от 1 плательщика, дальше не отправлял; меньше 100 тыс ₸ — признаков роли нет",3,False,False,1.0,0.0,15600.0,0.0,1.0,0.0,0.0,1,0,10.366319837646886,1.874757910797873e-07,0,0.0,0.0002892936898685078,,True,0,1,0.0007,0.0227,0.0367,0.03,0.0148,1.0,0.1049
100000003880331100,distributor,R2,0.621,6,0.6294,"рассылает 3,9 млн ₸ 16 получателям (31 переводов), плательщиков 1 — признаки веерной раздачи",3,False,False,1.0,16.0,100000.0,3904908.0,1.0,31.0,39.04908,7,0,167.12267427537677,3.0224280224656846e-06,0,0.0006709554372408003,0.00030902697667828963,0.02560879795375461,True,1,1,0.0029,0.1483,0.0977,0.225,0.0543,1.0,0.5282
100000003204491100,transit,R4,0.65,1,0.4212,пропускает дальше 71% полученного (140 тыс ₸ → 100 тыс ₸); 100% ушло за ≤2 дн. — признаки транзита,3,False,False,1.0,1.0,140000.0,100000.0,1.0,2.0,0.7142857142857143,7,0,678.9944840363333,1.2279673985287633e-05,0,1.9549530448494444e-05,0.0002993148311924534,1.0,True,0,1,0.0059,0.1115,0.081,0.12,0.0543,1.0,0.3727
100000008463968100,peripheral,R8a,0.5,2,0.0478,"разовый входящий 10 тыс ₸ от 1 плательщика, дальше не отправлял; меньше 100 тыс ₸ — признаков роли нет",3,False,False,1.0,0.0,10000.0,0.0,1.0,0.0,0.0,1,0,6.645076819004414,1.2017678915370978e-07,0,0.0,0.00028841605528627263,,True,0,1,0.0006,0.0118,0.0367,0.03,0.0148,1.0,0.0939
100000002712416100,terminal,R6,0.513,13,0.342,"конечный получатель в выборке: получил 117 тыс ₸ от 2 плательщиков, исходящих от 5 000 ₸ в банке не наблюдается",3,False,False,2.0,0.0,116800.0,0.0,2.0,0.0,0.0,9,0,370.7131505843822,6.704379399629207e-06,0,0.0,0.00030400938066691465,,True,0,1,0.0044,0.0916,0.0367,0.09,0.0909,1.0,0.3136
100000008754997100,peripheral,R8a,0.5,2,0.0691,"разовый входящий 18 тыс ₸ от 1 плательщика, дальше не отправлял; меньше 100 тыс ₸ — признаков роли нет",3,False,False,1.0,0.0,18000.0,0.0,1.0,0.0,0.0,1,0,11.961138274207945,2.1631822047667763e-07,0,0.0,0.00028966981897518004,,True,0,1,0.0008,0.0275,0.0367,0.03,0.0148,1.0,0.1098
100000008011573100,peripheral,R8a,0.5,17,0.1142,"разовый входящий 15 тыс ₸ от 1 плательщика, дальше не отправлял; меньше 100 тыс ₸ — признаков роли нет",3,False,False,1.0,0.0,15000.0,0.0,1.0,0.0,0.0,7,0,56.39743520711877,1.0199524948022154e-06,0,0.0,0.0002904870604974672,,True,0,1,0.0017,0.0208,0.0367,0.03,0.0543,1.0,0.1435
100000003178549100,peripheral,R8c,0.5,17,0.3368,"вход 2 / выход 4, оборот 339 тыс ₸ — признаков роли нет",3,False,False,2.0,4.0,250000.0,89080.0,2.0,4.0,0.35632,7,0,1868.5815445010303,3.379345888790763e-05,0,0.0002767840802060048,0.00035371176919947423,0.0,False,0,1,0.0098,0.1193,0.0963,0.03,0.0543,1.0,0.3097
100000000534581100,peripheral,R8c,0.5,6,0.2638,"вход 2 / выход 1, оборот 96 тыс ₸ — признаков роли нет",3,False,False,2.0,1.0,55960.0,40000.0,2.0,1.0,0.7147962830593281,7,0,409.5575860846507,7.4068843761796585e-06,0,1.9549530448494444e-05,0.0002997848580850599,0.0,True,0,1,0.0046,0.0853,0.081,0.03,0.0543,1.0,0.2552
100000007138613100,peripheral,R8c,0.5,1,0.3561,"вход 3 / выход 2, оборот 1,2 млн ₸ — признаков роли нет",3,False,False,3.0,2.0,1002000.0,179000.0,3.0,2.0,0.17864271457085829,7,0,2148.3680508719194,3.8853422060647156e-05,0,3.95021439990197e-05,0.000355738630497913,0.0,False,0,1,0.0105,0.1408,0.0885,0.03,0.0543,1.0,0.3241
100000002380341100,peripheral,R8a,0.5,1,0.1797,"разовый входящий 58 тыс ₸ от 1 плательщика, дальше не отправлял; меньше 100 тыс ₸ — признаков роли нет",3,False,False,1.0,0.0,57566.4,0.0,1.0,0.0,0.0,7,0,45.065450174211456,8.150125651240612e-07,0,0.0,0.0003105130289019024,,True,0,1,0.0015,0.0699,0.0367,0.03,0.0543,1.0,0.1924
100000008309514100,peripheral,R8a,0.5,2,0.0667,"разовый входящий 17 тыс ₸ от 1 плательщика, дальше не отправлял; меньше 100 тыс ₸ — признаков роли нет",3,False,False,1.0,0.0,17200.0,0.0,1.0,0.0,0.0,1,0,11.429532128687592,2.0670407734438084e-07,0,0.0,0.00028954444260628927,,True,0,1,0.0008,0.0257,0.0367,0.03,0.0148,1.0,0.108
100000003134474100,terminal,R6,0.513,5,0.2905,"конечный получатель в выборке: получил 116 тыс ₸ от 1 плательщика, исходящих от 5 000 ₸ в банке не наблюдается",3,False,False,1.0,0.0,116000.0,0.0,1.0,0.0,0.0,7,0,138.66199681404046,2.5077142083738867e-06,0,0.0,0.00029062310614727847,,True,0,1,0.0027,0.0914,0.0367,0.09,0.0543,1.0,0.2751
100000002373386100,peripheral,R8a,0.5,2,0.0822,"разовый входящий 24 тыс ₸ от 1 плательщика, дальше не отправлял; меньше 100 тыс ₸ — признаков роли нет",3,False,False,1.0,0.0,24000.0,0.0,1.0,0.0,0.0,1,0,15.948184365610594,2.884242939689035e-07,0,0.0,0.0002906101417418606,,True,0,1,0.0009,0.0372,0.0367,0.03,0.0148,1.0,0.1196
100000008684767100,peripheral,R8a,0.5,2,0.0972,"разовый входящий 31 тыс ₸ от 1 плательщика, дальше не отправлял; меньше 100 тыс ₸ — признаков роли нет",3,False,False,1.0,0.0,31100.0,0.0,1.0,0.0,0.0,1,0,20.666188907103727,3.737498142680374e-07,0,0.0,0.0002917228570157659,,True,0,1,0.001,0.0483,0.0367,0.03,0.0148,1.0,0.1308
100000008332511100,terminal,R6,0.5,10,0.3665,"конечный получатель в выборке: получил 100 тыс ₸ от 1 плательщика, исходящих от 5 000 ₸ в банке не наблюдается",3,False,False,1.0,0.0,100000.0,0.0,1.0,0.0,0.0,9,0,14466.859049423452,0.0002616343974725457,0,0.0,0.001117302494274807,,True,0,1,0.0273,0.087,0.0367,0.09,0.0909,1.0,0.3319
100000005754335100,peripheral,R8a,0.5,42,0.171,"разовый входящий 44 тыс ₸ от 1 плательщика, дальше не отправлял; меньше 100 тыс ₸ — признаков роли нет",3,False,False,1.0,0.0,44037.0,0.0,1.0,0.0,0.0,7,0,903.3497203687936,1.6337157843886033e-05,0,0.0,0.00040639365784040667,,True,0,1,0.0068,0.0581,0.0367,0.03,0.0543,1.0,0.1859
100000008547295100,peripheral,R8a,0.5,10,0.0697,"разовый входящий 15 тыс ₸ от 1 плательщика, дальше не отправлял; меньше 100 тыс ₸ — признаков роли нет",3,False,False,1.0,0.0,15000.0,0.0,1.0,0.0,0.0,1,0,1231.1026877342686,2.22645986134097e-05,0,0.0,0.0005653061415069476,,True,0,1,0.008,0.0208,0.0367,0.03,0.0148,1.0,0.1103
100000001875167100,terminal,R6,0.7,5,0.361,"конечный получатель в выборке: получил 1,0 млн ₸ от 1 плательщика, исходящих от 5 000 ₸ в банке не наблюдается",3,False,False,1.0,0.0,1000000.0,0.0,2.0,0.0,0.0,7,0,1195.3620415003488,2.1618225934257643e-05,1,0.0,0.00031938553577979455,,True,0,1,0.0078,0.139,0.0367,0.09,0.0543,1.0,0.3278
100000004670388100,peripheral,R8b,0.4,54,0.3488,отдаёт 449% от полученного в выборке (160 тыс ₸ → 720 тыс ₸): входящие извне не видны — признаков роли по данным недостаточно,3,False,False,1.0,2.0,160354.0,720000.0,1.0,4.0,4.490065729573319,7,0,3455.693639442868,6.24965184299197e-05,0,1.9952613550525257e-05,0.0005162096537647661,0.22271388888888888,True,1,1,0.0133,0.1375,0.0836,0.03,0.0543,1.0,0.3187
100000004097972100,peripheral,R8c,0.5,1,0.2894,"вход 1 / выход 2, оборот 129 тыс ₸ — признаков роли нет",3,False,False,1.0,2.0,118878.0,10000.0,1.0,2.0,0.0841198539679335,7,0,1442.0398575993984,2.6079415579116342e-05,0,3.909906089698889e-05,0.000317983272038238,0.5,True,0,1,0.0086,0.0935,0.0879,0.03,0.0543,1.0,0.2743
100000000481716100,peripheral,R8a,0.5,8,0.105,"разовый входящий 8 тыс ₸ от 1 плательщика, дальше не отправлял; меньше 100 тыс ₸ — признаков роли нет",3,False,False,1.0,0.0,8000.0,0.0,1.0,0.0,0.0,7,0,1153.7609998628386,2.0865867497234367e-05,0,0.0,0.000378813732980389,,True,0,1,0.0077,0.0079,0.0367,0.03,0.0543,1.0,0.1366
100000005089460100,peripheral,R8a,0.5,2,0.0538,"разовый входящий 12 тыс ₸ от 1 плательщика, дальше не отправлял; меньше 100 тыс ₸ — признаков роли нет",3,False,False,1.0,0.0,12300.0,0.0,1.0,0.0,0.0,1,0,8.173444487375429,1.4781745065906305e-07,0,0.0,0.0002887765123468335,,True,0,1,0.0006,0.0163,0.0367,0.03,0.0148,1.0,0.0984
100000003105929100,peripheral,R8c,0.5,5,0.3274,"вход 1 / выход 1, оборот 586 тыс ₸ — признаков роли нет",3,False,False,1.0,1.0,429567.0,156354.0,2.0,1.0,0.3639804733603838,7,0,513.4880860811804,9.286476459901254e-06,1,1.9549530448494444e-05,0.0003008255368854902,0.0,False,0,1,0.0051,0.1323,0.081,0.03,0.0543,1.0,0.3027
100000008379273100,transit,R4,0.65,8,0.3941,пропускает дальше 106% полученного (36 тыс ₸ → 38 тыс ₸); 0% ушло за ≤2 дн. — признаки транзита,3,False,False,2.0,4.0,36000.0,38000.0,2.0,4.0,1.0555555555555556,7,0,170.66945912857568,3.0865719333769084e-06,0,0.0017296485181564234,0.00030035218673025706,0.0,True,0,1,0.003,0.0764,0.0988,0.12,0.0543,1.0,0.3525
100000005357705100,peripheral,R8b,0.4,6,0.3321,отдаёт 736% от полученного в выборке (53 тыс ₸ → 387 тыс ₸): входящие извне не видны — признаков роли по данным недостаточно,3,False,False,1.0,4.0,52595.0,387080.0,1.0,5.0,7.35963494628767,7,0,349.83583766067227,6.326811389255985e-06,0,7.819812179397777e-05,0.00029759272302631005,0.13587630463986772,True,0,1,0.0042,0.1256,0.0921,0.03,0.0543,1.0,0.3062
100000003111305100,consolidator,R3,0.577,10,0.616,"получает 509 тыс ₸ от 4 плательщиков, отдаёт дальше 0% полученного — признаки консолидации",3,False,False,4.0,0.0,509338.0,0.0,4.0,0.0,0.0,8,0,3102.7207412052408,5.6112973028734626e-05,0,0.0,0.0004054032372561779,,True,0,2,0.0126,0.13,0.0367,0.255,0.0839,1.0,0.5182
100000008503177100,peripheral,R8a,0.5,6,0.1561,"разовый входящий 34 тыс ₸ от 1 плательщика, дальше не отправлял; меньше 100 тыс ₸ — признаков роли нет",3,False,False,1.0,0.0,33951.0,0.0,1.0,0.0,0.0,7,0,225.82520247965556,4.08406832354083e-06,0,0.0,0.0002937842097433888,,True,0,1,0.0034,0.0504,0.0367,0.03,0.0543,1.0,0.1748
100000000955529100,peripheral,R8b,0.4,3,0.255,отдаёт 235% от полученного в выборке (27 тыс ₸ → 64 тыс ₸): входящие извне не видны — признаков роли по данным недостаточно,3,False,False,1.0,1.0,27000.0,63500.0,1.0,1.0,2.3518518518518516,7,0,208.33532938695984,3.7677624555672906e-06,0,3.426206367261913e-06,0.0002969507155939977,0.0,True,0,1,0.0033,0.0831,0.0779,0.03,0.0543,1.0,0.2486
100000008695689100,peripheral,R8a,0.5,2,0.0882,"разовый входящий 26 тыс ₸ от 1 плательщика, дальше не отправлял; меньше 100 тыс ₸ — признаков роли нет",3,False,False,1.0,0.0,26200.0,0.0,1.0,0.0,0.0,1,0,17.410101265791567,3.148631875827197e-07,0,0.0,0.0002909549267563101,,True,0,1,0.0009,0.0417,0.0367,0.03,0.0148,1.0,0.1241
100000004184158100,terminal,R6,0.562,1,0.3179,"конечный получатель в выборке: получил 204 тыс ₸ от 1 плательщика, исходящих от 5 000 ₸ в банке не наблюдается",3,False,False,1.0,0.0,203805.0,0.0,1.0,0.0,0.0,7,0,988.4462201358923,1.7876135404082474e-05,0,0.0,0.0003049962018132197,,True,0,1,0.0071,0.1075,0.0367,0.09,0.0543,1.0,0.2956
100000005475379100,peripheral,R8c,0.5,11,0.3442,"вход 1 / выход 3, оборот 189 тыс ₸ — признаков роли нет",3,False,False,1.0,3.0,108370.0,81000.0,1.0,3.0,0.7474393282273692,8,0,546.4152238790905,9.88196659558451e-06,0,6.650871183508418e-05,0.00042347914866647463,0.0,True,0,1,0.0053,0.1044,0.0916,0.03,0.0839,1.0,0.3152
100000003093299100,peripheral,R8a,0.5,1,0.113,"разовый входящий 15 тыс ₸ от 1 плательщика, дальше не отправлял; меньше 100 тыс ₸ — признаков роли нет",3,False,False,1.0,0.0,15000.0,0.0,1.0,0.0,0.0,7,0,12.696638716100574,2.296198095982664e-07,0,0.0,0.00028769718361547266,,True,0,1,0.0008,0.0208,0.0367,0.03,0.0543,1.0,0.1426
100000008767027100,peripheral,R8a,0.5,18,0.1379,"разовый входящий 5 тыс ₸ от 1 плательщика, дальше не отправлял; меньше 100 тыс ₸ — признаков роли нет",3,False,False,1.0,0.0,5000.0,0.0,1.0,0.0,0.0,9,0,26.349845636474004,4.7653923792588636e-07,0,0.0,0.00028761570267189123,,True,0,1,0.0012,0.0024,0.0367,0.03,0.0909,1.0,0.1612
100000004539443100,terminal,R6,0.5,3,0.3763,"конечный получатель в выборке: получил 62 тыс ₸ от 2 плательщиков, исходящих от 5 000 ₸ в банке не наблюдается",3,False,False,2.0,0.0,61990.0,0.0,2.0,0.0,0.0,10,0,38209.44340425532,0.0006910210895593182,0,0.0,0.0009602399360267059,,True,0,2,0.0444,0.072,0.0367,0.09,0.0961,1.0,0.3392
100000007863304100,peripheral,R8a,0.5,5,0.138,"разовый входящий 25 тыс ₸ от 1 плательщика, дальше не отправлял; меньше 100 тыс ₸ — признаков роли нет",3,False,False,1.0,0.0,25000.0,0.0,1.0,0.0,0.0,7,0,29.884051037508723,5.404556483564411e-07,0,0.0,0.0002876622678027548,,True,0,1,0.0012,0.0391,0.0367,0.03,0.0543,1.0,0.1613
100000004959752100,peripheral,R8a,0.5,3,0.2134,"разовый входящий 22 тыс ₸ от 1 плательщика, дальше не отправлял; меньше 100 тыс ₸ — признаков роли нет",3,False,False,1.0,0.0,22200.0,0.0,1.0,0.0,0.0,11,0,5755.27446280337,0.00010408463656281345,0,0.0,0.0007881862548134622,,True,0,1,0.0172,0.0345,0.0367,0.03,0.0992,1.0,0.2176
100000002214664100,peripheral,R8b,0.4,2,0.1927,отдаёт 968% от полученного в выборке (8 тыс ₸ → 77 тыс ₸): входящие извне не видны — признаков роли по данным недостаточно,3,False,False,1.0,1.0,7950.0,76950.0,1.0,2.0,9.679245283018869,1,0,5.28283607110851,9.55405473771993e-08,0,1.4107908571078464e-06,0.0002880947783409901,0.10331384015594541,True,0,1,0.0005,0.0804,0.0764,0.03,0.0148,1.0,0.2021
100000008192264100,transit,R4,0.85,5,0.4295,пропускает дальше 115% полученного (163 тыс ₸ → 188 тыс ₸); 87% ушло за ≤2 дн. — признаки транзита,3,False,False,1.0,1.0,162810.0,187910.0,1.0,2.0,1.1541674344327744,7,0,194.6168939766718,3.5196633643564874e-06,0,1.9549530448494444e-05,0.0002921461483770275,0.8664254164227556,True,0,1,0.0032,0.1204,0.081,0.12,0.0543,1.0,0.3789
100000000942301100,peripheral,R8a,0.5,1,0.186,"разовый входящий 58 тыс ₸ от 1 плательщика, дальше не отправлял; меньше 100 тыс ₸ — признаков роли нет",3,False,False,1.0,0.0,57580.0,0.0,2.0,0.0,0.0,7,0,698.4694813218035,1.2631880996025498e-05,1,0.0,0.00030192918498499617,,True,0,1,0.006,0.0701,0.0367,0.03,0.0543,1.0,0.1971
100000002578653100,peripheral,R8a,0.5,25,0.1332,"разовый входящий 20 тыс ₸ от 1 плательщика, дальше не отправлял; меньше 100 тыс ₸ — признаков роли нет",3,False,False,1.0,0.0,20000.0,0.0,1.0,0.0,0.0,7,0,688.161425281838,1.2445458910767323e-05,0,0.0,0.0003126975226362902,,True,0,1,0.006,0.0307,0.0367,0.03,0.0543,1.0,0.1577
100000002511581100,peripheral,R8a,0.5,2,0.068,"разовый входящий 18 тыс ₸ от 1 плательщика, дальше не отправлял; меньше 100 тыс ₸ — признаков роли нет",3,False,False,1.0,0.0,17600.0,0.0,1.0,0.0,0.0,1,0,11.695335201447769,2.1151114891052924e-07,0,0.0,0.0002896071307907347,,True,0,1,0.0008,0.0267,0.0367,0.03,0.0148,1.0,0.109
100000005610717100,consolidator,R3,0.577,1,0.6417,"получает 484 тыс ₸ от 4 плательщиков, отдаёт дальше 55% полученного — признаки консолидации",3,False,False,4.0,1.0,484500.0,265200.0,6.0,7.0,0.5473684210526316,7,0,2753.135034631165,4.97906852818192e-05,1,1.9549530448494444e-05,0.000346058788021741,0.8378582202111614,True,0,1,0.0119,0.1352,0.081,0.255,0.0543,1.0,0.5374
100000005704413100,distributor,R2,0.677,8,0.6377,"рассылает 1,4 млн ₸ 32 получателям (35 переводов), плательщиков 3 — признаки веерной раздачи",3,False,False,3.0,32.0,97834.67,1363593.0,4.0,35.0,13.9377278014021,7,0,3218.862602268106,5.821340863377592e-05,1,0.0026066620186428113,0.0006022795556250632,0.07174770624372521,True,1,2,0.0129,0.1427,0.0995,0.225,0.0543,1.0,0.5344
100000000976943100,transit,R4,0.65,11,0.4485,пропускает дальше 120% полученного (70 тыс ₸ → 84 тыс ₸); 13% ушло за ≤2 дн. — признаки транзита,3,False,False,1.0,1.0,70000.0,84000.0,1.0,3.0,1.2,8,0,352.9488388994771,6.383110285973199e-06,0,2.216957061169473e-05,0.0003751031725298356,0.13095238095238096,True,0,1,0.0043,0.0991,0.0858,0.12,0.0839,1.0,0.3931
100000008708061100,peripheral,R8a,0.5,2,0.0435,"разовый входящий 9 тыс ₸ от 1 плательщика, дальше не отправлял; меньше 100 тыс ₸ — признаков роли нет",3,False,False,1.0,0.0,8650.0,0.0,1.0,0.0,0.0,1,0,5.747991448438818,1.0395292261795897e-07,0,0.0,0.00028820448266376954,,True,0,1,0.0005,0.0087,0.0367,0.03,0.0148,1.0,0.0907
100000003986141100,peripheral,R8a,0.5,17,0.0906,"разовый входящий 5 тыс ₸ от 1 плательщика, дальше не отправлял; меньше 100 тыс ₸ — признаков роли нет",3,False,False,1.0,0.0,5286.32,0.0,1.0,0.0,0.0,7,0,19.875659312273072,3.5945301815485646e-07,0,0.0,0.00028813103343166993,,True,0,1,0.001,0.0039,0.0367,0.03,0.0543,1.0,0.1259
100000005037490100,peripheral,R8b,0.4,14,0.2288,отдаёт 200% от полученного в выборке (15 тыс ₸ → 30 тыс ₸): входящие извне не видны — признаков роли по данным недостаточно,3,False,False,1.0,2.0,15000.0,30000.0,1.0,3.0,2.0,7,0,119.86923847455229,2.167845547996284e-06,0,1.975107199950985e-05,0.0003246359309351921,0.4666666666666667,True,1,1,0.0025,0.0593,0.083,0.03,0.0543,1.0,0.2291
100000004257714100,peripheral,R8a,0.5,2,0.1222,"разовый входящий 52 тыс ₸ от 1 плательщика, дальше не отправлял; меньше 100 тыс ₸ — признаков роли нет",3,False,False,1.0,0.0,52220.0,0.0,1.0,0.0,0.0,1,0,34.70059114884105,6.275631929606725e-07,0,0.0,0.00029503279315448147,,True,0,1,0.0013,0.0667,0.0367,0.03,0.0148,1.0,0.1495
100000000569479100,terminal,R6,0.601,1,0.3439,"конечный получатель в выборке: получил 320 тыс ₸ от 1 плательщика, исходящих от 5 000 ₸ в банке не наблюдается",3,False,False,1.0,0.0,320000.0,0.0,1.0,0.0,0.0,7,0,4704.970653204832,8.508980130184614e-05,0,0.0,0.000396692946728047,,True,0,1,0.0156,0.1184,0.0367,0.09,0.0543,1.0,0.315
100000007303047100,peripheral,R8a,0.5,2,0.1224,"разовый входящий 52 тыс ₸ от 1 плательщика, дальше не отправлял; меньше 100 тыс ₸ — признаков роли нет",3,False,False,1.0,0.0,52250.0,0.0,1.0,0.0,0.0,1,0,34.720526379298065,6.279237233281337e-07,0,0.0,0.00029503749476831486,,True,0,1,0.0013,0.0668,0.0367,0.03,0.0148,1.0,0.1496
100000008708743100,peripheral,R8a,0.5,2,0.0622,"разовый входящий 16 тыс ₸ от 1 плательщика, дальше не отправлял; меньше 100 тыс ₸ — признаков роли нет",3,False,False,1.0,0.0,15550.0,0.0,1.0,0.0,0.0,1,0,10.333094453551864,1.868749071340187e-07,0,0.0,0.00028928585384545215,,True,0,1,0.0007,0.0225,0.0367,0.03,0.0148,1.0,0.1047
100000008745863100,peripheral,R8a,0.5,2,0.0793,"разовый входящий 23 тыс ₸ от 1 плательщика, дальше не отправлял; меньше 100 тыс ₸ — признаков роли нет",3,False,False,1.0,0.0,22900.0,0.0,1.0,0.0,0.0,1,0,15.217225915520109,2.752048471619954e-07,0,0.0,0.0002904377492346358,,True,0,1,0.0009,0.035,0.0367,0.03,0.0148,1.0,0.1174
100000005048668100,peripheral,R8b,0.4,6,0.3061,отдаёт 956% от полученного в выборке (17 тыс ₸ → 159 тыс ₸): входящие извне не видны — признаков роли по данным недостаточно,3,False,False,2.0,8.0,16668.0,159400.0,2.0,11.0,9.563234941204703,7,0,78.84477899074389,1.4259146491042516e-06,0,0.0006654963705465763,0.00028983991163194595,0.0637892095357591,True,1,1,0.002,0.1028,0.0977,0.03,0.0543,1.0,0.2868
100000006522972100,peripheral,R8a,0.5,5,0.0992,"разовый входящий 10 тыс ₸ от 1 плательщика, дальше не отправлял; меньше 100 тыс ₸ — признаков роли нет",3,False,False,1.0,0.0,9515.0,0.0,1.0,0.0,0.0,7,0,57.56577057430138,1.0410819409932925e-06,0,0.0,0.00030466390456561755,,True,0,1,0.0017,0.0096,0.0367,0.03,0.0543,1.0,0.1323
100000008759857100,peripheral,R8b,0.4,18,0.3771,отдаёт 19880% от полученного в выборке (5 тыс ₸ → 994 тыс ₸): входящие извне не видны — признаков роли по данным недостаточно,3,False,False,1.0,2.0,5000.0,994000.0,1.0,3.0,198.8,9,0,26.349845636474004,4.7653923792588636e-07,0,7.425046665186647e-06,0.00028761570267189123,0.0,True,0,1,0.0012,0.1389,0.0788,0.03,0.0909,1.0,0.3398
100000005342513100,transit,R4,0.65,2,0.3095,пропускает дальше 13% полученного (235 тыс ₸ → 30 тыс ₸); 100% ушло за ≤2 дн. — признаки транзита,3,False,False,1.0,1.0,235000.0,30000.0,2.0,1.0,0.1276595744680851,1,0,320.49708786632186,5.79621756105742e-06,1,0.0,0.0011030662406570182,1.0,True,1,1,0.0041,0.1137,0.0367,0.12,0.0148,1.0,0.2893
100000004750897100,peripheral,R8a,0.5,16,0.1044,"разовый входящий 10 тыс ₸ от 1 плательщика, дальше не отправлял; меньше 100 тыс ₸ — признаков роли нет",3,False,False,1.0,0.0,10000.0,0.0,1.0,0.0,0.0,7,0,224.6098949137221,4.062089381071662e-06,0,0.0,0.0004925814598066292,,True,0,1,0.0034,0.0118,0.0367,0.03,0.0543,1.0,0.1362
100000001140785100,terminal,R6,0.566,7,0.3514,"конечный получатель в выборке: получил 215 тыс ₸ от 2 плательщиков, исходящих от 5 000 ₸ в банке не наблюдается",3,False,False,2.0,0.0,215000.0,0.0,2.0,0.0,0.0,8,0,60.86356028737452,1.1007227532541566e-06,0,0.0,0.00031675353054066904,,True,0,2,0.0018,0.1082,0.0367,0.09,0.0839,1.0,0.3206
100000002821425100,terminal,R6,0.588,13,0.2855,"конечный получатель в выборке: получил 275 тыс ₸ от 1 плательщика, исходящих от 5 000 ₸ в банке не наблюдается",3,False,False,1.0,0.0,275000.0,0.0,1.0,0.0,0.0,2,0,88.20469129345368,1.595189472847899e-06,0,0.0,0.0003000019601098743,,True,0,1,0.0021,0.1145,0.0367,0.09,0.0281,1.0,0.2714
100000003221510100,peripheral,R8b,0.4,1,0.2827,отдаёт 500% от полученного в выборке (24 тыс ₸ → 120 тыс ₸): входящие извне не видны — признаков роли по данным недостаточно,3,False,False,1.0,2.0,24000.0,120000.0,1.0,3.0,5.0,7,0,20.31462194576092,3.6739169535722626e-07,0,3.909906089698889e-05,0.00028820618337967326,0.0,False,0,1,0.001,0.0961,0.0879,0.03,0.0543,1.0,0.2693
100000003031003100,consolidator,R3,0.55,13,0.5922,"получает 280 тыс ₸ от 3 плательщиков, отдаёт дальше 0% полученного — признаки консолидации",3,False,False,3.0,0.0,280090.0,0.0,3.0,0.0,0.0,9,0,137.22614671595105,2.4817467351309997e-06,0,0.0,0.0003128878462726621,,True,0,2,0.0027,0.1151,0.0367,0.255,0.0909,1.0,0.5004
100000003060187100,peripheral,R8a,0.5,19,0.2046,"разовый входящий 93 тыс ₸ от 1 плательщика, дальше не отправлял; меньше 100 тыс ₸ — признаков роли нет",3,False,False,1.0,0.0,93046.0,0.0,1.0,0.0,0.0,7,0,690.2316224321177,1.2482898605328001e-05,0,0.0,0.0003028273510550853,,True,0,1,0.006,0.084,0.0367,0.03,0.0543,1.0,0.211
100000008718811100,peripheral,R8a,0.5,2,0.1355,"разовый входящий 73 тыс ₸ от 1 плательщика, дальше не отправлял; меньше 100 тыс ₸ — признаков роли нет",3,False,False,1.0,0.0,73300.0,0.0,1.0,0.0,0.0,1,0,48.70841308330236,8.808958644966929e-07,0,0.0,0.0002983364604747525,,True,0,1,0.0016,0.0763,0.0367,0.03,0.0148,1.0,0.1594
100000008043184100,peripheral,R8a,0.5,17,0.1753,"разовый входящий 51 тыс ₸ от 1 плательщика, дальше не отправлял; меньше 100 тыс ₸ — признаков роли нет",3,False,False,1.0,0.0,50564.0,0.0,1.0,0.0,0.0,7,0,124.32812467826774,2.248484890739741e-06,0,0.0,0.00029484038862252494,,True,0,1,0.0025,0.0656,0.0367,0.03,0.0543,1.0,0.1891
100000002530224100,terminal,R6,0.511,7,0.3388,"конечный получатель в выборке: получил 113 тыс ₸ от 1 плательщика, исходящих от 5 000 ₸ в банке не наблюдается",3,False,False,1.0,0.0,113000.0,0.0,1.0,0.0,0.0,9,0,142.4638104961986,2.576470337720012e-06,0,0.0,0.00029269517335631237,,True,0,1,0.0027,0.0909,0.0367,0.09,0.0909,1.0,0.3112
100000008754608100,peripheral,R8a,0.5,2,0.0538,"разовый входящий 12 тыс ₸ от 1 плательщика, дальше не отправлял; меньше 100 тыс ₸ — признаков роли нет",3,False,False,1.0,0.0,12300.0,0.0,1.0,0.0,0.0,1,0,8.173444487375429,1.4781745065906305e-07,0,0.0,0.0002887765123468335,,True,0,1,0.0006,0.0163,0.0367,0.03,0.0148,1.0,0.0984
100000006989232100,peripheral,R8a,0.5,1,0.1334,"разовый входящий 22 тыс ₸ от 1 плательщика, дальше не отправлял; меньше 100 тыс ₸ — признаков роли нет",3,False,False,1.0,0.0,22194.0,0.0,1.0,0.0,0.0,7,0,107.64002556215988,1.946679174496241e-06,0,0.0,0.0002888250647580047,,True,0,1,0.0024,0.0344,0.0367,0.03,0.0543,1.0,0.1578
100000006532229100,terminal,R6,0.504,7,0.3251,"конечный получатель в выборке: получил 105 тыс ₸ от 1 плательщика, исходящих от 5 000 ₸ в банке не наблюдается",3,False,False,1.0,0.0,105000.0,0.0,1.0,0.0,0.0,8,0,54.79918004981698,9.910479120134099e-07,0,0.0,0.00030197928748762243,,True,0,1,0.0017,0.0887,0.0367,0.09,0.0839,1.0,0.301
100000005661829100,transit,R4,0.85,19,0.3684,пропускает дальше 107% полученного (38 тыс ₸ → 40 тыс ₸); 84% ушло за ≤2 дн. — признаки транзита,3,False,False,1.0,2.0,37790.0,40362.0,1.0,4.0,1.0680603334215402,7,0,280.3328784870895,5.069844359729007e-06,0,2.267401255398294e-06,0.00029333840991850396,0.837173579109063,True,0,1,0.0038,0.0778,0.0774,0.12,0.0543,1.0,0.3333
100000004553349100,peripheral,R8a,0.5,5,0.0964,"разовый входящий 8 тыс ₸ от 1 плательщика, дальше не отправлял; меньше 100 тыс ₸ — признаков роли нет",3,False,False,1.0,0.0,7755.0,0.0,1.0,0.0,0.0,7,0,46.91776676865026,8.485118709829724e-07,0,0.0,0.0003013686344818295,,True,0,1,0.0016,0.0076,0.0367,0.03,0.0543,1.0,0.1302
100000002945626100,consolidator,R3,0.55,7,0.6209,"получает 584 тыс ₸ от 3 плательщиков, отдаёт дальше 0% полученного — признаки консолидации",3,False,False,3.0,0.0,584000.0,0.0,3.0,0.0,0.0,9,0,971.3249727341079,1.7566496163619783e-05,0,0.0,0.00033926568679462426,,True,0,2,0.0071,0.1321,0.0367,0.255,0.0909,1.0,0.5218
100000008775471100,terminal,R6,0.653,18,0.3845,"конечный получатель в выборке: получил 580 тыс ₸ от 1 плательщика, исходящих от 5 000 ₸ в банке не наблюдается",3,False,False,1.0,0.0,580000.0,0.0,2.0,0.0,0.0,8,0,135.0142275949606,2.441743986469299e-06,1,0.0,0.00035996546736887446,,True,0,1,0.0026,0.1321,0.0367,0.09,0.0839,1.0,0.3453
100000000404740100,peripheral,R7,0.3,27,0.0983,"граница выборки (4-е колено): получил 25 тыс ₸ от 1, исходящие не выгружены — роль не определить",4,False,True,1.0,0.0,25000.0,0.0,1.0,0.0,0.0,7,0,382.6479631337942,6.920221517095445e-06,0,0.0,0.0005604163568367298,,True,0,1,0.0044,0.0391,0.0367,0.03,0.0543,0.8,0.1316
100000004268036100,peripheral,R7,0.3,8,0.0143,"граница выборки (4-е колено): получил 6 тыс ₸ от 1, исходящие не выгружены — роль не определить",4,False,True,1.0,0.0,5500.0,0.0,1.0,0.0,0.0,1,0,0.2661171785036705,4.812752195693543e-09,0,0.0,0.0002898046971760584,,True,0,1,0.0001,0.0045,0.0367,0.03,0.0148,0.8,0.0689
100000001256409100,peripheral,R7,0.3,6,0.0188,"граница выборки (4-е колено): получил 8 тыс ₸ от 1, исходящие не выгружены — роль не определить",4,False,True,1.0,0.0,8000.0,0.0,1.0,0.0,0.0,1,0,17.253592661260495,3.1203271592982917e-07,0,0.0,0.0005495538621161617,,True,0,1,0.0009,0.0079,0.0367,0.03,0.0148,0.8,0.0722
100000005360814100,peripheral,R7,0.3,6,0.1566,"граница выборки (4-е колено): получил 144 тыс ₸ от 1, исходящие не выгружены — роль не определить",4,False,True,1.0,0.0,144000.0,0.0,3.0,0.0,0.0,7,0,64.88294433637554,1.173413661507186e-06,1,0.0,0.00043559649267614604,,True,0,1,0.0018,0.0961,0.0367,0.03,0.0543,0.8,0.1751
100000002369454100,peripheral,R7,0.3,6,0.0967,"граница выборки (4-е колено): получил 25 тыс ₸ от 1, исходящие не выгружены — роль не определить",4,False,True,1.0,0.0,25000.0,0.0,1.0,0.0,0.0,7,0,166.28759276579157,3.0073255011198717e-06,0,0.0,0.0004307604037600737,,True,0,1,0.0029,0.0391,0.0367,0.03,0.0543,0.8,0.1304
100000004272302100,peripheral,R7,0.3,25,0.0657,"граница выборки (4-е колено): получил 10 тыс ₸ от 1, исходящие не выгружены — роль не определить",4,False,True,1.0,0.0,10000.0,0.0,1.0,0.0,0.0,7,0,34.64152501965917,6.264949769044614e-07,0,0.0,0.00028902455702792176,,True,0,1,0.0013,0.0118,0.0367,0.03,0.0543,0.8,0.1073
100000008727982100,peripheral,R7,0.3,10,0.0647,"граница выборки (4-е колено): получил 30 тыс ₸ от 1, исходящие не выгружены — роль не определить",4,False,True,1.0,0.0,30000.0,0.0,2.0,0.0,0.0,1,0,586.3832662329816,1.060479209928873e-05,1,0.0,0.0005161702905370309,,True,0,1,0.0055,0.0462,0.0367,0.03,0.0148,0.8,0.1066
100000000600707100,peripheral,R7,0.3,36,0.1161,"граница выборки (4-е колено): получил 89 тыс ₸ от 1, исходящие не выгружены — роль не определить",4,False,True,1.0,0.0,89000.0,0.0,2.0,0.0,0.0,1,0,5916.184971098267,0.00010699471702609234,1,0.0,0.0005726088761598887,,True,0,1,0.0175,0.0821,0.0367,0.03,0.0148,0.8,0.1449
100000004500781100,peripheral,R7,0.3,15,0.1358,"граница выборки (4-е колено): получил 74 тыс ₸ от 1, исходящие не выгружены — роль не определить",4,False,True,1.0,0.0,74000.0,0.0,5.0,0.0,0.0,7,0,81.8197858077603,1.479717904765184e-06,1,0.0,0.0006837336338697898,,True,0,1,0.0021,0.0764,0.0367,0.03,0.0543,0.8,0.1596
100000008703533100,peripheral,R7,0.3,7,0.1658,"граница выборки (4-е колено): получил 75 тыс ₸ от 1, исходящие не выгружены — роль не определить",4,False,True,1.0,0.0,75000.0,0.0,1.0,0.0,0.0,8,0,0.634058031752651,1.1466994358173716e-08,0,0.0,0.0002968487874783173,,True,0,1,0.0002,0.0767,0.0367,0.03,0.0839,0.8,0.182
100000004549591100,peripheral,R7,0.3,40,0.1251,"граница выборки (4-е колено): получил 49 тыс ₸ от 1, исходящие не выгружены — роль не определить",4,False,True,1.0,0.0,49000.0,0.0,1.0,0.0,0.0,7,0,673.1456978967495,1.2173898181960319e-05,0,0.0,0.00044625604853705054,,True,0,1,0.0059,0.0626,0.0367,0.03,0.0543,0.8,0.1516
100000002700161100,peripheral,R7,0.3,53,0.1649,"граница выборки (4-е колено): получил 39 тыс ₸ от 1, исходящие не выгружены — роль не определить",4,False,True,1.0,0.0,39000.0,0.0,1.0,0.0,0.0,10,0,1695.6521739130435,3.066601626027675e-05,0,0.0,0.0009064127928751029,,True,0,1,0.0093,0.0546,0.0367,0.03,0.0961,0.8,0.1814
100000003134550100,peripheral,R7,0.3,7,0.1768,"граница выборки (4-е колено): получил 100 тыс ₸ от 1, исходящие не выгружены — роль не определить",4,False,True,1.0,0.0,100000.0,0.0,1.0,0.0,0.0,8,0,0.8454107090035347,1.528932581089829e-08,0,0.0,0.00030018209974604364,,True,0,1,0.0002,0.087,0.0367,0.03,0.0839,0.8,0.1902
100000001957974100,peripheral,R7,0.3,15,0.1922,"граница выборки (4-е колено): получил 500 тыс ₸ от 1, исходящие не выгружены — роль не определить",4,False,True,1.0,0.0,500000.0,0.0,1.0,0.0,0.0,7,0,51.90454711449661,9.386982249562932e-07,0,0.0,0.0003215701793309766,,True,0,1,0.0016,0.1296,0.0367,0.03,0.0543,0.8,0.2018
100000001246806100,peripheral,R7,0.3,7,0.1942,"граница выборки (4-е колено): получил 130 тыс ₸ от 1, исходящие не выгружены — роль не определить",4,False,True,1.0,0.0,130000.0,0.0,1.0,0.0,0.0,9,0,126.21411090783131,2.282593114862727e-06,0,0.0,0.000535310934123788,,True,0,1,0.0025,0.0939,0.0367,0.03,0.0909,0.8,0.2032
100000003622955100,peripheral,R7,0.3,11,0.1407,"граница выборки (4-е колено): получил 15 тыс ₸ от 1, исходящие не выгружены — роль не определить",4,False,True,1.0,0.0,15000.0,0.0,1.0,0.0,0.0,11,0,5898.867522538375,0.00010668152947071142,0,0.0,0.0013392360951323822,,True,0,1,0.0174,0.0208,0.0367,0.03,0.0992,0.8,0.1633
100000003692843100,peripheral,R7,0.3,49,0.1976,"граница выборки (4-е колено): получил 510 тыс ₸ от 1, исходящие не выгружены — роль не определить",4,False,True,1.0,0.0,510000.0,0.0,2.0,0.0,0.0,7,0,722.4341059239855,1.3065283305194846e-05,1,0.0,0.0005318067920204759,,True,0,1,0.0061,0.1301,0.0367,0.03,0.0543,0.8,0.2058
100000008629504100,peripheral,R7,0.3,1,0.0851,"граница выборки (4-е колено): получил 20 тыс ₸ от 1, исходящие не выгружены — роль не определить",4,False,True,1.0,0.0,20000.0,0.0,1.0,0.0,0.0,7,0,4.898950101272247,8.859793640178668e-08,0,0.0,0.00030336003181306723,,True,0,1,0.0005,0.0307,0.0367,0.03,0.0543,0.8,0.1218
100000005621418100,peripheral,R7,0.3,26,0.1019,"граница выборки (4-е колено): получил 30 тыс ₸ от 1, исходящие не выгружены — роль не определить",4,False,True,1.0,0.0,30000.0,0.0,1.0,0.0,0.0,7,0,9.68155768980953,1.750918083956833e-07,0,0.0,0.0003091915026361626,,True,0,1,0.0007,0.0462,0.0367,0.03,0.0543,0.8,0.1343
100000004167082100,peripheral,R7,0.3,14,0.0735,"граница выборки (4-е колено): получил 13 тыс ₸ от 1, исходящие не выгружены — роль не определить",4,False,True,1.0,0.0,13300.0,0.0,1.0,0.0,0.0,7,0,127.5604104675901,2.3069410588726662e-06,0,0.0,0.00038661659904842404,,True,0,1,0.0026,0.0178,0.0367,0.03,0.0543,0.8,0.1131
100000004379306100,peripheral,R7,0.3,6,0.0764,"граница выборки (4-е колено): получил 15 тыс ₸ от 1, исходящие не выгружены — роль не определить",4,False,True,1.0,0.0,15000.0,0.0,1.0,0.0,0.0,7,0,99.77255565947493,1.8043953006719228e-06,0,0.0,0.0005343806771430133,,True,0,1,0.0023,0.0208,0.0367,0.03,0.0543,0.8,0.1153
100000004856746100,peripheral,R7,0.3,33,0.0881,"граница выборки (4-е колено): получил 20 тыс ₸ от 1, исходящие не выгружены — роль не определить",4,False,True,1.0,0.0,20000.0,0.0,1.0,0.0,0.0,7,0,214.5424263442933,3.880018341031961e-06,0,0.0,0.000301380945887218,,True,0,1,0.0033,0.0307,0.0367,0.03,0.0543,0.8,0.124
100000004891562100,peripheral,R7,0.3,8,0.1046,"граница выборки (4-е колено): получил 103 тыс ₸ от 1, исходящие не выгружены — роль не определить",4,False,True,1.0,0.0,103400.0,0.0,1.0,0.0,0.0,1,0,5.003002955869006,9.047974127903862e-08,0,0.0,0.00034241876489243583,,True,0,1,0.0005,0.0884,0.0367,0.03,0.0148,0.8,0.1363
100000007042175100,peripheral,R7,0.3,1,0.1306,"граница выборки (4-е колено): получил 60 тыс ₸ от 1, исходящие не выгружены — роль не определить",4,False,True,1.0,0.0,60000.0,0.0,1.0,0.0,0.0,7,0,118.98359241320092,2.1518285623573153e-06,0,0.0,0.0005363434676045017,,True,0,1,0.0025,0.0712,0.0367,0.03,0.0543,0.8,0.1558
100000002670463100,peripheral,R7,0.3,8,0.0617,"граница выборки (4-е колено): получил 32 тыс ₸ от 1, исходящие не выгружены — роль не определить",4,False,True,1.0,0.0,31500.0,0.0,1.0,0.0,0.0,1,0,1.52412565870284,2.7563944393517564e-08,0,0.0,0.0003037777897258625,,True,0,1,0.0003,0.0486,0.0367,0.03,0.0148,0.8,0.1043
100000005567828100,peripheral,R7,0.3,8,0.1455,"граница выборки (4-е колено): получил 94 тыс ₸ от 1, исходящие не выгружены — роль не определить",4,False,True,1.0,0.0,94000.0,0.0,1.0,0.0,0.0,7,0,221.89398494506938,4.012971914328496e-06,0,0.0,0.0003221789656194473,,True,0,1,0.0034,0.0842,0.0367,0.03,0.0543,0.8,0.1669
100000004200745100,peripheral,R7,0.3,12,0.2089,"граница выборки (4-е колено): получил 130 тыс ₸ от 1, исходящие не выгружены — роль не определить",4,False,True,1.0,0.0,130000.0,0.0,4.0,0.0,0.0,9,0,5157.6532407606755,9.327660506048275e-05,1,0.0,0.0006035919445701515,,True,0,1,0.0163,0.0939,0.0367,0.03,0.0909,0.8,0.2142
100000003989033100,peripheral,R7,0.3,8,0.1439,"граница выборки (4-е колено): получил 373 тыс ₸ от 1, исходящие не выгружены — роль не определить",4,False,True,1.0,0.0,373400.0,0.0,13.0,0.0,0.0,1,0,246.19520130840988,4.452461514617783e-06,1,0.0,0.0006015128764964382,,True,0,1,0.0036,0.122,0.0367,0.03,0.0148,0.8,0.1657
100000005146665100,peripheral,R7,0.3,59,0.0566,"граница выборки (4-е колено): получил 6 тыс ₸ от 1, исходящие не выгружены — роль не определить",4,False,True,1.0,0.0,5500.0,0.0,1.0,0.0,0.0,7,0,0.21539728066645641,3.895478455403841e-09,0,0.0,0.00028773710725674384,,True,0,1,0.0001,0.0045,0.0367,0.03,0.0543,0.8,0.1005
100000003096787100,peripheral,R7,0.3,8,0.0792,"граница выборки (4-е колено): получил 16 тыс ₸ от 1, исходящие не выгружены — роль не определить",4,False,True,1.0,0.0,16400.0,0.0,1.0,0.0,0.0,7,0,38.71341864999083,7.001355254785887e-07,0,0.0,0.0002930128281760604,,True,0,1,0.0014,0.0243,0.0367,0.03,0.0543,0.8,0.1174
100000003074515100,peripheral,R7,0.3,7,0.1804,"граница выборки (4-е колено): получил 105 тыс ₸ от 1, исходящие не выгружены — роль не определить",4,False,True,1.0,0.0,105000.0,0.0,1.0,0.0,0.0,8,0,69.54879424191937,1.25779596070315e-06,0,0.0,0.0003007214450238256,,True,0,1,0.0019,0.0887,0.0367,0.03,0.0839,0.8,0.193
100000004377043100,peripheral,R7,0.3,29,0.0587,"граница выборки (4-е колено): получил 6 тыс ₸ от 1, исходящие не выгружены — роль не определить",4,False,True,1.0,0.0,5700.0,0.0,1.0,0.0,0.0,7,0,62.932575304644985,1.1381410688370946e-06,0,0.0,0.00036514381164088624,,True,0,1,0.0018,0.0048,0.0367,0.03,0.0543,0.8,0.1021
100000008680061100,peripheral,R7,0.3,5,0.1149,"граница выборки (4-е колено): получил 41 тыс ₸ от 1, исходящие не выгружены — роль не определить",4,False,True,1.0,0.0,41300.0,0.0,2.0,0.0,0.0,7,0,106.96242574209222,1.9344247231294826e-06,1,0.0,0.0003120661265589064,,True,0,1,0.0023,0.0567,0.0367,0.03,0.0543,0.8,0.144
100000008471634100,peripheral,R7,0.3,27,0.0883,"граница выборки (4-е колено): получил 20 тыс ₸ от 1, исходящие не выгружены — роль не определить",4,False,True,1.0,0.0,20000.0,0.0,1.0,0.0,0.0,7,0,239.68904912996086,4.334797189607231e-06,0,0.0,0.001129186048985322,,True,0,1,0.0035,0.0307,0.0367,0.03,0.0543,0.8,0.1242
100000002119762100,peripheral,R7,0.3,5,0.1363,"граница выборки (4-е колено): получил 77 тыс ₸ от 1, исходящие не выгружены — роль не определить",4,False,True,1.0,0.0,77000.0,0.0,6.0,0.0,0.0,7,0,40.642309411011865,7.3501968176476e-07,1,0.0,0.0005318447623815349,,True,0,1,0.0014,0.0776,0.0367,0.03,0.0543,0.8,0.16
100000008628818100,peripheral,R7,0.3,8,0.1188,"граница выборки (4-е колено): получил 46 тыс ₸ от 1, исходящие не выгружены — роль не определить",4,False,True,1.0,0.0,46310.0,0.0,1.0,0.0,0.0,7,0,109.31819620006556,1.977029035665454e-06,0,0.0,0.0003042545700695101,,True,0,1,0.0024,0.0603,0.0367,0.03,0.0543,0.8,0.147
100000007510567100,peripheral,R7,0.3,8,0.1256,"граница выборки (4-е колено): получил 52 тыс ₸ от 1, исходящие не выгружены — роль не определить",4,False,True,1.0,0.0,52000.0,0.0,1.0,0.0,0.0,7,0,122.74986401216603,2.2199419100540614e-06,0,0.0,0.00030639316958050076,,True,0,1,0.0025,0.0665,0.0367,0.03,0.0543,0.8,0.152
100000004780327100,peripheral,R7,0.3,8,0.0264,"граница выборки (4-е колено): получил 12 тыс ₸ от 1, исходящие не выгружены — роль не определить",4,False,True,1.0,0.0,12000.0,0.0,1.0,0.0,0.0,1,0,0.580619298553463,1.050055024514955e-08,0,0.0,0.0002932979703135095,,True,0,1,0.0002,0.0157,0.0367,0.03,0.0148,0.8,0.0779
100000008376785100,peripheral,R7,0.3,5,0.1728,"граница выборки (4-е колено): получил 234 тыс ₸ от 1, исходящие не выгружены — роль не определить",4,False,True,1.0,0.0,234250.0,0.0,2.0,0.0,0.0,7,0,139.4987502430907,2.5228469665278672e-06,1,0.0,0.00053413537855294,,True,0,1,0.0027,0.1104,0.0367,0.03,0.0543,0.8,0.1873
100000005745873100,peripheral,R7,0.3,39,0.1689,"граница выборки (4-е колено): получил 223 тыс ₸ от 1, исходящие не выгружены — роль не определить",4,False,True,1.0,0.0,223000.0,0.0,1.0,0.0,0.0,7,0,1.0277062271207553,1.858615602688393e-08,0,0.0,0.0003177319865183214,,True,0,1,0.0002,0.1092,0.0367,0.03,0.0543,0.8,0.1843
100000002594214100,peripheral,R7,0.3,41,0.2032,"граница выборки (4-е колено): получил 1,0 млн ₸ от 1, исходящие не выгружены — роль не определить",4,False,True,1.0,0.0,1000000.0,0.0,1.0,0.0,0.0,7,0,108.77522639587185,1.9672093797829513e-06,0,0.0,0.00036868492302958726,,True,0,1,0.0024,0.139,0.0367,0.03,0.0543,0.8,0.2099
100000001299323100,peripheral,R7,0.3,7,0.1814,"граница выборки (4-е колено): получил 109 тыс ₸ от 1, исходящие не выгружены — роль не определить",4,False,True,1.0,0.0,109000.0,0.0,1.0,0.0,0.0,8,0,72.19827211780202,1.3057119973013655e-06,0,0.0,0.0003012499248085375,,True,0,1,0.0019,0.0896,0.0367,0.03,0.0839,0.8,0.1937
100000003838587100,peripheral,R7,0.3,15,0.058,"граница выборки (4-е колено): получил 6 тыс ₸ от 1, исходящие не выгружены — роль не определить",4,False,True,1.0,0.0,6000.0,0.0,1.0,0.0,0.0,7,0,6.634036687115701,1.1997712741339335e-07,0,0.0,0.000557475227698134,,True,0,1,0.0006,0.0053,0.0367,0.03,0.0543,0.8,0.1015
100000000673915100,peripheral,R7,0.3,37,0.0867,"граница выборки (4-е колено): получил 20 тыс ₸ от 1, исходящие не выгружены — роль не определить",4,False,True,1.0,0.0,20200.0,0.0,1.0,0.0,0.0,7,0,0.9762326512104478,1.7655251953439783e-08,0,0.0,0.00028886462173996117,,True,0,1,0.0002,0.0325,0.0367,0.03,0.0543,0.8,0.123
100000003061115100,peripheral,R7,0.3,1,0.1194,"граница выборки (4-е колено): получил 45 тыс ₸ от 1, исходящие не выгружены — роль не определить",4,False,True,1.0,0.0,45000.0,0.0,1.0,0.0,0.0,7,0,290.37795143941185,5.251510373095838e-06,0,0.0,0.0005362399839666948,,True,0,1,0.0039,0.0593,0.0367,0.03,0.0543,0.8,0.1474
100000004326224100,peripheral,R7,0.3,5,0.13,"граница выборки (4-е колено): получил 60 тыс ₸ от 1, исходящие не выгружены — роль не определить",4,False,True,1.0,0.0,60000.0,0.0,1.0,0.0,0.0,7,0,71.72172249002094,1.2970935560554588e-06,0,0.0,0.0005372173236725562,,True,0,1,0.0019,0.0712,0.0367,0.03,0.0543,0.8,0.1553
100000004988240100,peripheral,R7,0.3,1,0.0855,"граница выборки (4-е колено): получил 20 тыс ₸ от 1, исходящие не выгружены — роль не определить",4,False,True,1.0,0.0,20000.0,0.0,1.0,0.0,0.0,7,0,16.92885162146743,3.061597461310218e-07,0,0.0,0.000532249206285726,,True,0,1,0.0009,0.0307,0.0367,0.03,0.0543,0.8,0.1221
100000008525136100,peripheral,R7,0.3,1,0.0733,"граница выборки (4-е колено): получил 14 тыс ₸ от 1, исходящие не выгружены — роль не определить",4,False,True,1.0,0.0,14100.0,0.0,1.0,0.0,0.0,7,0,26.69504575370315,4.827822119100905e-07,0,0.0,0.0002898134653296626,,True,0,1,0.0012,0.019,0.0367,0.03,0.0543,0.8,0.113
100000001991973100,peripheral,R7,0.3,8,0.0448,"граница выборки (4-е колено): получил 21 тыс ₸ от 1, исходящие не выгружены — роль не определить",4,False,True,1.0,0.0,20800.0,0.0,1.0,0.0,0.0,1,0,1.0064067841593356,1.8200953758259216e-08,0,0.0,0.00029802732471498155,,True,0,1,0.0002,0.0329,0.0367,0.03,0.0148,0.8,0.0917
100000004569637100,peripheral,R7,0.3,6,0.058,"граница выборки (4-е колено): получил 6 тыс ₸ от 1, исходящие не выгружены — роль не определить",4,False,True,1.0,0.0,5500.0,0.0,1.0,0.0,0.0,7,0,36.58327040847414,6.616116102463716e-07,0,0.0,0.0005555676972790809,,True,0,1,0.0014,0.0045,0.0367,0.03,0.0543,0.8,0.1015
100000008675322100,peripheral,R7,0.3,37,0.1806,"граница выборки (4-е колено): получил 340 тыс ₸ от 1, исходящие не выгружены — роль не определить",4,False,True,1.0,0.0,340000.0,0.0,4.0,0.0,0.0,7,0,16.43163868374021,2.9716760713710526e-07,1,0.0,0.0003207776705780966,,True,0,1,0.0009,0.1194,0.0367,0.03,0.0543,0.8,0.193
100000004235471100,peripheral,R7,0.3,5,0.1648,"граница выборки (4-е колено): получил 180 тыс ₸ от 1, исходящие не выгружены — роль не определить",4,False,True,1.0,0.0,180000.0,0.0,1.0,0.0,0.0,7,0,99.18516539349145,1.7937722968950281e-06,0,0.0,0.0003501606295614159,,True,0,1,0.0023,0.1033,0.0367,0.03,0.0543,0.8,0.1813
100000003194831100,peripheral,R7,0.3,8,0.0162,"граница выборки (4-е колено): получил 6 тыс ₸ от 1, исходящие не выгружены — роль не определить",4,False,True,1.0,0.0,6265.0,0.0,1.0,0.0,0.0,1,0,4.130725592386685,7.470452969759082e-08,0,0.0,0.000292128363588289,,True,0,1,0.0005,0.0059,0.0367,0.03,0.0148,0.8,0.0703
100000008588665100,peripheral,R7,0.3,1,0.0978,"граница выборки (4-е колено): получил 25 тыс ₸ от 1, исходящие не выгружены — роль не определить",4,False,True,1.0,0.0,25000.0,0.0,1.0,0.0,0.0,7,0,303.26045559300263,5.484491575210794e-06,0,0.0,0.000354045657390344,,True,0,1,0.004,0.0391,0.0367,0.03,0.0543,0.8,0.1313
100000003230329100,peripheral,R7,0.3,7,0.1817,"граница выборки (4-е колено): получил 110 тыс ₸ от 1, исходящие не выгружены — роль не определить",4,False,True,1.0,0.0,110000.0,0.0,1.0,0.0,0.0,8,0,72.86064158677267,1.3176910064509191e-06,0,0.0,0.0003013820447547155,,True,0,1,0.0019,0.0899,0.0367,0.03,0.0839,0.8,0.1939
100000002217806100,peripheral,R7,0.3,40,0.1321,"граница выборки (4-е колено): получил 55 тыс ₸ от 1, исходящие не выгружены — роль не определить",4,False,True,1.0,0.0,55000.0,0.0,2.0,0.0,0.0,7,0,755.5717017208412,1.3664579591996276e-05,1,0.0,0.00046577529725483574,,True,0,1,0.0062,0.0689,0.0367,0.03,0.0543,0.8,0.1569
100000004041294100,peripheral,R7,0.3,27,0.0812,"граница выборки (4-е колено): получил 18 тыс ₸ от 1, исходящие не выгружены — роль не определить",4,False,True,1.0,0.0,17800.0,0.0,2.0,0.0,0.0,7,0,9.182519371461456,1.660666572353204e-07,1,0.0,0.00030219869671539186,,True,0,1,0.0007,0.0269,0.0367,0.03,0.0543,0.8,0.1189
100000008583971100,peripheral,R7,0.3,1,0.123,"граница выборки (4-е колено): получил 51 тыс ₸ от 2, исходящие не выгружены — роль не определить",4,False,True,2.0,0.0,51000.0,0.0,2.0,0.0,0.0,7,0,12.028629088081608,2.175387976843799e-07,0,0.0,0.0003311838791248431,,True,0,1,0.0008,0.0658,0.0367,0.03,0.0543,0.8,0.1501
100000008251939100,peripheral,R7,0.3,8,0.1165,"граница выборки (4-е колено): получил 44 тыс ₸ от 1, исходящие не выгружены — роль не определить",4,False,True,1.0,0.0,44360.0,0.0,1.0,0.0,0.0,7,0,104.71507629960932,1.8937812140384263e-06,0,0.0,0.000303521658110559,,True,0,1,0.0023,0.0582,0.0367,0.03,0.0543,0.8,0.1452
100000004049912100,peripheral,R7,0.3,19,0.0664,"граница выборки (4-е колено): получил 10 тыс ₸ от 1, исходящие не выгружены — роль не определить",4,False,True,1.0,0.0,10000.0,0.0,1.0,0.0,0.0,7,0,74.18176197065083,1.3415835828867443e-06,0,0.0,0.00032600158075453623,,True,0,1,0.002,0.0118,0.0367,0.03,0.0543,0.8,0.1078
100000002227960100,peripheral,R7,0.3,21,0.0673,"граница выборки (4-е колено): получил 10 тыс ₸ от 1, исходящие не выгружены — роль не определить",4,False,True,1.0,0.0,10000.0,0.0,1.0,0.0,0.0,7,0,146.88435872330433,2.656416334839769e-06,0,0.0,0.0003007727149863174,,True,0,1,0.0028,0.0118,0.0367,0.03,0.0543,0.8,0.1085
100000008677368100,peripheral,R7,0.3,9,0.0722,"граница выборки (4-е колено): получил 14 тыс ₸ от 1, исходящие не выгружены — роль не определить",4,False,True,1.0,0.0,13500.0,0.0,1.0,0.0,0.0,7,0,35.19072940330328,6.364273856956934e-07,0,0.0,0.0005363664408357486,,True,0,1,0.0013,0.0179,0.0367,0.03,0.0543,0.8,0.1122
100000008631800100,peripheral,R7,0.3,8,0.0279,"граница выборки (4-е колено): получил 13 тыс ₸ от 1, исходящие не выгружены — роль не определить",4,False,True,1.0,0.0,12850.0,0.0,1.0,0.0,0.0,1,0,0.6217464988676665,1.1244339220847643e-08,0,0.0,0.00029375478295456074,,True,0,1,0.0002,0.0171,0.0367,0.03,0.0148,0.8,0.079
100000003220685100,peripheral,R7,0.3,5,0.2079,"граница выборки (4-е колено): получил 1,3 млн ₸ от 1, исходящие не выгружены — роль не определить",4,False,True,1.0,0.0,1306000.0,0.0,2.0,0.0,0.0,7,0,390.35145146214643,7.059539769961506e-06,1,0.0,0.0005399479209549984,,True,0,1,0.0045,0.1413,0.0367,0.03,0.0543,0.8,0.2134
100000003072205100,peripheral,R7,0.3,7,0.1919,"граница выборки (4-е колено): получил 163 тыс ₸ от 2, исходящие не выгружены — роль не определить",4,False,True,2.0,0.0,163000.0,0.0,2.0,0.0,0.0,8,0,15.036622865069733,2.7193862537018424e-07,0,0.0,0.0003203974380679838,,True,0,2,0.0009,0.1004,0.0367,0.03,0.0839,0.8,0.2015
100000001202637100,peripheral,R7,0.3,8,0.1042,"граница выборки (4-е колено): получил 10 тыс ₸ от 1, исходящие не выгружены — роль не определить",4,False,True,1.0,0.0,10000.0,0.0,1.0,0.0,0.0,9,0,8.058550873075275,1.4573958970471428e-07,0,0.0,0.0005511624903345256,,True,0,1,0.0006,0.0118,0.0367,0.03,0.0909,0.8,0.136
100000002835874100,peripheral,R7,0.3,7,0.1603,"граница выборки (4-е колено): получил 59 тыс ₸ от 1, исходящие не выгружены — роль не определить",4,False,True,1.0,0.0,58700.0,0.0,1.0,0.0,0.0,8,0,38.88108782857778,7.031678370788087e-07,0,0.0,0.00029460429151578543,,True,0,1,0.0014,0.0704,0.0367,0.03,0.0839,0.8,0.1779
100000002707106100,peripheral,R7,0.3,15,0.0743,"граница выборки (4-е колено): получил 15 тыс ₸ от 1, исходящие не выгружены — роль не определить",4,False,True,1.0,0.0,15000.0,0.0,2.0,0.0,0.0,7,0,1.5571364134348982,2.8160946748688795e-08,1,0.0,0.0002878904905348135,,True,0,1,0.0003,0.0208,0.0367,0.03,0.0543,0.8,0.1137
100000008343415100,peripheral,R7,0.3,6,0.1493,"граница выборки (4-е колено): получил 100 тыс ₸ от 1, исходящие не выгружены — роль не определить",4,False,True,1.0,0.0,100000.0,0.0,3.0,0.0,0.0,7,0,318.43341093095387,5.758895785147499e-06,1,0.0,0.00043590039712592483,,True,0,1,0.0041,0.087,0.0367,0.03,0.0543,0.8,0.1697
100000004981068100,peripheral,R7,0.3,6,0.0669,"граница выборки (4-е колено): получил 10 тыс ₸ от 1, исходящие не выгружены — роль не определить",4,False,True,1.0,0.0,10000.0,0.0,1.0,0.0,0.0,7,0,108.3999208765978,1.960421946998272e-06,0,0.0,0.0003805184609924227,,True,0,1,0.0024,0.0118,0.0367,0.03,0.0543,0.8,0.1082
100000004241142100,peripheral,R7,0.3,1,0.0991,"граница выборки (4-е колено): получил 27 тыс ₸ от 1, исходящие не выгружены — роль не определить",4,False,True,1.0,0.0,27102.0,0.0,1.0,0.0,0.0,7,0,22.940286832250518,4.148770719821477e-07,0,0.0,0.0005324557913868465,,True,0,1,0.0011,0.0432,0.0367,0.03,0.0543,0.8,0.1322
100000008190411100,peripheral,R7,0.3,28,0.1658,"граница выборки (4-е колено): получил 198 тыс ₸ от 1, исходящие не выгружены — роль не определить",4,False,True,1.0,0.0,198450.0,0.0,12.0,0.0,0.0,7,0,9.661380793730551,1.7472690748454184e-07,1,0.0,0.00042600553514962554,,True,0,1,0.0007,0.1058,0.0367,0.03,0.0543,0.8,0.182
100000008699083100,peripheral,R7,0.3,13,0.2027,"граница выборки (4-е колено): получил 238 тыс ₸ от 1, исходящие не выгружены — роль не определить",4,False,True,1.0,0.0,238500.0,0.0,1.0,0.0,0.0,8,0,0.9614070942141174,1.7387130472565578e-08,0,0.0,0.00030777032217442805,,True,0,1,0.0002,0.1112,0.0367,0.03,0.0839,0.8,0.2096
100000008136608100,peripheral,R7,0.3,8,0.1684,"граница выборки (4-е колено): получил 170 тыс ₸ от 1, исходящие не выгружены — роль не определить",4,False,True,1.0,0.0,170000.0,0.0,1.0,0.0,0.0,7,0,870.7105027412115,1.5746874769391846e-05,0,0.0,0.000566834401212237,,True,0,1,0.0067,0.1023,0.0367,0.03,0.0543,0.8,0.184
100000008695157100,peripheral,R7,0.3,6,0.1883,"граница выборки (4-е колено): получил 426 тыс ₸ от 1, исходящие не выгружены — роль не определить",4,False,True,1.0,0.0,425546.0,0.0,3.0,0.0,0.0,7,0,109.80672689116076,1.985864155477908e-06,1,0.0,0.0004996948511918675,,True,0,1,0.0024,0.1251,0.0367,0.03,0.0543,0.8,0.1988
100000000369781100,peripheral,R7,0.3,5,0.0549,"граница выборки (4-е колено): получил 5 тыс ₸ от 1, исходящие не выгружены — роль не определить",4,False,True,1.0,0.0,5000.0,0.0,1.0,0.0,0.0,7,0,5.976810207501744,1.0809112967128822e-07,0,0.0,0.00053480857596583,,True,0,1,0.0006,0.0024,0.0367,0.03,0.0543,0.8,0.0992
100000003133045100,peripheral,R7,0.3,28,0.1318,"граница выборки (4-е колено): получил 68 тыс ₸ от 1, исходящие не выгружены — роль не определить",4,False,True,1.0,0.0,68000.0,0.0,1.0,0.0,0.0,7,0,3.310526046730549,5.987114995691028e-08,0,0.0,0.0003345316652091022,,True,0,1,0.0004,0.0744,0.0367,0.03,0.0543,0.8,0.1566
100000002474570100,peripheral,R7,0.3,8,0.0162,"граница выборки (4-е колено): получил 7 тыс ₸ от 1, исходящие не выгружены — роль не определить",4,False,True,1.0,0.0,6750.0,0.0,1.0,0.0,0.0,1,0,0.3265983554363229,5.9065595128966215e-09,0,0.0,0.0002904764804717221,,True,0,1,0.0001,0.0063,0.0367,0.03,0.0148,0.8,0.0703
100000002514975100,peripheral,R7,0.3,26,0.081,"граница выборки (4-е колено): получил 18 тыс ₸ от 1, исходящие не выгружены — роль не определить",4,False,True,1.0,0.0,17920.0,0.0,1.0,0.0,0.0,7,0,3.7112637810936535,6.71185265516786e-08,0,0.0,0.0005333676954602626,,True,0,1,0.0004,0.027,0.0367,0.03,0.0543,0.8,0.1187
100000001089055100,peripheral,R7,0.3,17,0.0726,"граница выборки (4-е колено): получил 13 тыс ₸ от 1, исходящие не выгружены — роль не определить",4,False,True,1.0,0.0,13000.0,0.0,1.0,0.0,0.0,7,0,97.16624031405357,1.7572598621711968e-06,0,0.0,0.0003307702046603977,,True,0,1,0.0022,0.0173,0.0367,0.03,0.0543,0.8,0.1124
100000000608031100,peripheral,R7,0.3,17,0.1032,"граница выборки (4-е колено): получил 30 тыс ₸ от 1, исходящие не выгружены — роль не определить",4,False,True,1.0,0.0,30000.0,0.0,1.0,0.0,0.0,7,0,73.76480777525576,1.3340429301912869e-06,0,0.0,0.000540991861368623,,True,0,1,0.0019,0.0462,0.0367,0.03,0.0543,0.8,0.1353
100000002659103100,peripheral,R7,0.3,48,0.1612,"граница выборки (4-е колено): получил 165 тыс ₸ от 1, исходящие не выгружены — роль не определить",4,False,True,1.0,0.0,165000.0,0.0,1.0,0.0,0.0,7,0,24.24972782808433,4.3855842567477824e-07,0,0.0,0.00035127309228855064,,True,0,1,0.0011,0.1011,0.0367,0.03,0.0543,0.8,0.1786
100000000733940100,peripheral,R7,0.3,32,0.2006,"граница выборки (4-е колено): получил 752 тыс ₸ от 1, исходящие не выгружены — роль не определить",4,False,True,1.0,0.0,752000.0,0.0,2.0,0.0,0.0,7,0,258.89104545051663,4.682066954276631e-06,1,0.0,0.00041298144740675307,,True,0,1,0.0037,0.1353,0.0367,0.03,0.0543,0.8,0.208
100000001537524100,peripheral,R7,0.3,13,0.1882,"граница выборки (4-е колено): получил 150 тыс ₸ от 1, исходящие не выгружены — роль не определить",4,False,True,1.0,0.0,150000.0,0.0,1.0,0.0,0.0,8,0,0.6046585498201996,1.0935302184003509e-08,0,0.0,0.00030000700885079225,,True,0,1,0.0002,0.0976,0.0367,0.03,0.0839,0.8,0.1987
100000002971593100,peripheral,R7,0.3,5,0.1208,"граница выборки (4-е колено): получил 49 тыс ₸ от 1, исходящие не выгружены — роль не определить",4,False,True,1.0,0.0,49050.0,0.0,1.0,0.0,0.0,7,0,58.63250813559211,1.0603739820753375e-06,0,0.0,0.0005327033972220859,,True,0,1,0.0017,0.0628,0.0367,0.03,0.0543,0.8,0.1484
100000006918814100,peripheral,R7,0.3,3,0.0851,"граница выборки (4-е колено): получил 20 тыс ₸ от 1, исходящие не выгружены — роль не определить",4,False,True,1.0,0.0,20000.0,0.0,2.0,0.0,0.0,7,0,4.589935106807613,8.300937349324306e-08,1,0.0,0.00030568748068319254,,True,0,1,0.0005,0.0307,0.0367,0.03,0.0543,0.8,0.1218
100000007381662100,peripheral,R7,0.3,1,0.0677,"граница выборки (4-е колено): получил 11 тыс ₸ от 1, исходящие не выгружены — роль не определить",4,False,True,1.0,0.0,11000.0,0.0,1.0,0.0,0.0,7,0,2.230728885537115,4.034292488080653e-08,0,0.0,0.00029816151684898534,,True,0,1,0.0003,0.0147,0.0367,0.03,0.0543,0.8,0.1088
100000003199390100,peripheral,R7,0.3,5,0.1761,"граница выборки (4-е колено): получил 260 тыс ₸ от 1, исходящие не выгружены — роль не определить",4,False,True,1.0,0.0,260000.0,0.0,1.0,0.0,0.0,7,0,143.2674611239321,2.591004428848374e-06,0,0.0,0.000378299197955317,,True,0,1,0.0027,0.1134,0.0367,0.03,0.0543,0.8,0.1897
100000007749747100,peripheral,R7,0.3,7,0.1539,"граница выборки (4-е колено): получил 50 тыс ₸ от 1, исходящие не выгружены — роль не определить",4,False,True,1.0,0.0,50000.0,0.0,1.0,0.0,0.0,8,0,45.61848275572824,8.250142072050073e-07,0,0.0,0.0004455907572910854,,True,0,1,0.0015,0.0643,0.0367,0.03,0.0839,0.8,0.1731
100000003447411100,peripheral,R7,0.3,6,0.1783,"граница выборки (4-е колено): получил 302 тыс ₸ от 1, исходящие не выгружены — роль не определить",4,False,True,1.0,0.0,302000.0,0.0,3.0,0.0,0.0,7,0,12.925028613007985,2.3375026064241123e-07,1,0.0,0.00030718363040229237,,True,0,1,0.0008,0.1174,0.0367,0.03,0.0543,0.8,0.1914
100000000500040100,peripheral,R7,0.3,1,0.0851,"граница выборки (4-е колено): получил 20 тыс ₸ от 1, исходящие не выгружены — роль не определить",4,False,True,1.0,0.0,20000.0,0.0,1.0,0.0,0.0,7,0,4.055870700976572,7.335077251055733e-08,0,0.0,0.0003074173346275874,,True,0,1,0.0005,0.0307,0.0367,0.03,0.0543,0.8,0.1218
100000008551752100,peripheral,R7,0.3,39,0.1849,"граница выборки (4-е колено): получил 406 тыс ₸ от 1, исходящие не выгружены — роль не определить",4,False,True,1.0,0.0,406000.0,0.0,2.0,0.0,0.0,7,0,1.8710705300942898,3.383847240769003e-08,1,0.0,0.00034307554642550747,,True,0,1,0.0003,0.1241,0.0367,0.03,0.0543,0.8,0.1963
100000002876914100,peripheral,R7,0.3,8,0.0264,"граница выборки (4-е колено): получил 12 тыс ₸ от 1, исходящие не выгружены — роль не определить",4,False,True,1.0,0.0,12000.0,0.0,1.0,0.0,0.0,1,0,0.580619298553463,1.050055024514955e-08,0,0.0,0.0002932979703135095,,True,0,1,0.0002,0.0157,0.0367,0.03,0.0148,0.8,0.0779
100000004571634100,peripheral,R7,0.3,11,0.1187,"граница выборки (4-е колено): получил 20 тыс ₸ от 1, исходящие не выгружены — роль не определить",4,False,True,1.0,0.0,20000.0,0.0,1.0,0.0,0.0,8,0,100.8425253998506,1.8237457959923427e-06,0,0.0,0.00037582243880426587,,True,0,1,0.0023,0.0307,0.0367,0.03,0.0839,0.8,0.1469
100000004610802100,peripheral,R7,0.3,61,0.1743,"граница выборки (4-е колено): получил 241 тыс ₸ от 1, исходящие не выгружены — роль не определить",4,False,True,1.0,0.0,241000.0,0.0,18.0,0.0,0.0,7,0,155.42628328987243,2.8108977796091536e-06,1,0.0,0.00047602996658220755,,True,0,1,0.0028,0.1117,0.0367,0.03,0.0543,0.8,0.1884
100000001311175100,peripheral,R7,0.3,13,0.1511,"граница выборки (4-е колено): получил 300 тыс ₸ от 1, исходящие не выгружены — роль не определить",4,False,True,1.0,0.0,300000.0,0.0,1.0,0.0,0.0,2,0,96.22329959285857,1.7402066976522536e-06,0,0.0,0.000533835965592715,,True,0,1,0.0022,0.1168,0.0367,0.03,0.0281,0.8,0.171
100000008740295100,peripheral,R7,0.3,7,0.2119,"граница выборки (4-е колено): получил 300 тыс ₸ от 1, исходящие не выгружены — роль не определить",4,False,True,1.0,0.0,300000.0,0.0,1.0,0.0,0.0,8,0,198.7108406911982,3.593702744866143e-06,0,0.0,0.0003264848345285306,,True,0,1,0.0032,0.1168,0.0367,0.03,0.0839,0.8,0.2165
100000002596039100,peripheral,R7,0.3,6,0.1756,"граница выборки (4-е колено): получил 280 тыс ₸ от 1, исходящие не выгружены — роль не определить",4,False,True,1.0,0.0,280000.0,0.0,1.0,0.0,0.0,7,0,11.983470237225946,2.1672209595985146e-07,0,0.0,0.0003057022888327646,,True,0,1,0.0008,0.1149,0.0367,0.03,0.0543,0.8,0.1894
100000002126791100,peripheral,R7,0.3,7,0.2504,"граница выборки (4-е колено): получил 1,3 млн ₸ от 1, исходящие не выгружены — роль не определить",4,False,True,1.0,0.0,1313000.0,0.0,3.0,0.0,0.0,9,0,1093.1815693921142,1.97702832562951e-05,1,0.0,0.0005742126611670562,,True,0,1,0.0075,0.1414,0.0367,0.03,0.0909,0.8,0.2452
100000005783452100,peripheral,R7,0.3,13,0.2091,"граница выборки (4-е колено): получил 286 тыс ₸ от 2, исходящие не выгружены — роль не определить",4,False,True,2.0,0.0,286500.0,0.0,2.0,0.0,0.0,8,0,58.10117046572242,1.0507646943484094e-06,0,0.0,0.00031582143692040495,,True,0,2,0.0017,0.1156,0.0367,0.03,0.0839,0.8,0.2143
100000006693788100,peripheral,R7,0.3,1,0.0687,"граница выборки (4-е колено): получил 11 тыс ₸ от 1, исходящие не выгружены — роль не определить",4,False,True,1.0,0.0,10764.0,0.0,1.0,0.0,0.0,7,0,52.204975901193514,9.441315055545434e-07,0,0.0,0.0005344248644049865,,True,0,1,0.0016,0.0143,0.0367,0.03,0.0543,0.8,0.1095
100000002832753100,peripheral,R7,0.3,16,0.0736,"граница выборки (4-е колено): получил 12 тыс ₸ от 1, исходящие не выгружены — роль не определить",4,False,True,1.0,0.0,12500.0,0.0,1.0,0.0,0.0,7,0,280.76236864188627,5.077611726334762e-06,0,0.0,0.0007584507539356985,,True,0,1,0.0038,0.0167,0.0367,0.03,0.0543,0.8,0.1132
100000002981489100,peripheral,R7,0.3,5,0.0648,"граница выборки (4-е колено): получил 10 тыс ₸ от 1, исходящие не выгружены — роль не определить",4,False,True,1.0,0.0,10000.0,0.0,1.0,0.0,0.0,7,0,5.591587629772298,1.0112434602649414e-07,0,0.0,0.00028962255478302693,,True,0,1,0.0005,0.0118,0.0367,0.03,0.0543,0.8,0.1066
100000003084870100,peripheral,R7,0.3,13,0.0304,"граница выборки (4-е колено): получил 6 тыс ₸ от 1, исходящие не выгружены — роль не определить",4,False,True,1.0,0.0,6500.0,0.0,1.0,0.0,0.0,2,0,2.084838157845269,3.770447844913216e-08,0,0.0,0.0003467111521333522,,True,0,1,0.0003,0.0061,0.0367,0.03,0.0281,0.8,0.081
100000002791494100,peripheral,R7,0.3,8,0.142,"граница выборки (4-е колено): получил 86 тыс ₸ от 1, исходящие не выгружены — роль не определить",4,False,True,1.0,0.0,85860.0,0.0,1.0,0.0,0.0,7,0,202.67891007854954,3.6654656230238794e-06,0,0.0,0.00031911952800618476,,True,0,1,0.0032,0.0811,0.0367,0.03,0.0543,0.8,0.1642
100000003345947100,peripheral,R7,0.3,6,0.1379,"граница выборки (4-е колено): получил 80 тыс ₸ от 1, исходящие не выгружены — роль не определить",4,False,True,1.0,0.0,79500.0,0.0,6.0,0.0,0.0,7,0,132.86252604892454,2.4028302778602193e-06,1,0.0,0.0004969301445873055,,True,0,1,0.0026,0.0779,0.0367,0.03,0.0543,0.8,0.1612
100000002733083100,peripheral,R7,0.3,8,0.0764,"граница выборки (4-е колено): получил 15 тыс ₸ от 1, исходящие не выгружены — роль не определить",4,False,True,1.0,0.0,15200.0,0.0,1.0,0.0,0.0,7,0,35.8807294804793,6.489060967850334e-07,0,0.0,0.0002925618054320905,,True,0,1,0.0014,0.0217,0.0367,0.03,0.0543,0.8,0.1153
100000003247600100,peripheral,R7,0.3,3,0.1309,"граница выборки (4-е колено): получил 58 тыс ₸ от 1, исходящие не выгружены — роль не определить",4,False,True,1.0,0.0,58000.0,0.0,1.0,0.0,0.0,7,0,299.15911609546583,5.410318495580827e-06,0,0.0,0.0008447335511594918,,True,0,1,0.0039,0.0701,0.0367,0.03,0.0543,0.8,0.156
100000001378288100,peripheral,R7,0.3,6,0.1772,"граница выборки (4-е колено): получил 268 тыс ₸ от 1, исходящие не выгружены — роль не определить",4,False,True,1.0,0.0,268000.0,0.0,3.0,0.0,0.0,7,0,180.2119553916236,3.25914880383906e-06,1,0.0,0.0005257329101252636,,True,0,1,0.003,0.1142,0.0367,0.03,0.0543,0.8,0.1906
100000002305477100,peripheral,R7,0.3,21,0.0887,"граница выборки (4-е колено): получил 20 тыс ₸ от 1, исходящие не выгружены — роль не определить",4,False,True,1.0,0.0,20000.0,0.0,1.0,0.0,0.0,7,0,293.76871744660866,5.312832669679538e-06,0,0.0,0.0003146965792974964,,True,0,1,0.0039,0.0307,0.0367,0.03,0.0543,0.8,0.1245
100000006638021100,peripheral,R7,0.3,45,0.2253,"граница выборки (4-е колено): получил 388 тыс ₸ от 2, исходящие не выгружены — роль не определить",4,False,True,2.0,0.0,388500.0,0.0,2.0,0.0,0.0,9,0,117.48886632535137,2.1247963117461092e-06,0,0.0,0.0005468683892599277,,True,0,2,0.0025,0.123,0.0367,0.03,0.0909,0.8,0.2265
100000008517061100,peripheral,R7,0.3,15,0.21,"граница выборки (4-е колено): получил 1,8 млн ₸ от 1, исходящие не выгружены — роль не определить",4,False,True,1.0,0.0,1844000.0,0.0,4.0,0.0,0.0,7,0,191.4239697582635,3.4619190536388096e-06,1,0.0,0.00041490111075786974,,True,0,1,0.0031,0.1447,0.0367,0.03,0.0543,0.8,0.215
100000005910895100,peripheral,R7,0.3,11,0.0914,"граница выборки (4-е колено): получил 5 тыс ₸ от 1, исходящие не выгружены — роль не определить",4,False,True,1.0,0.0,5100.0,0.0,1.0,0.0,0.0,8,0,300.37268746258496,5.432266038744234e-06,0,0.0,0.0006001928362077971,,True,0,1,0.0039,0.0036,0.0367,0.03,0.0839,0.8,0.1265
100000002723439100,peripheral,R7,0.3,11,0.1166,"граница выборки (4-е колено): получил 18 тыс ₸ от 1, исходящие не выгружены — роль не определить",4,False,True,1.0,0.0,18000.0,0.0,2.0,0.0,0.0,8,0,243.55674500790786,4.4047448041638296e-06,1,0.0,0.0005555216399681357,,True,0,1,0.0035,0.0275,0.0367,0.03,0.0839,0.8,0.1453
100000002320495100,peripheral,R7,0.3,17,0.0727,"граница выборки (4-е колено): получил 14 тыс ₸ от 1, исходящие не выгружены — роль не определить",4,False,True,1.0,0.0,13526.27,0.0,1.0,0.0,0.0,7,0,50.85646239459963,9.197435221245575e-07,0,0.0,0.0005377614199631568,,True,0,1,0.0016,0.018,0.0367,0.03,0.0543,0.8,0.1125
100000002229615100,peripheral,R7,0.3,21,0.1024,"граница выборки (4-е колено): получил 25 тыс ₸ от 1, исходящие не выгружены — роль не определить",4,False,True,1.0,0.0,25000.0,0.0,1.0,0.0,0.0,7,0,1343.9645137055693,2.430571450005611e-05,0,0.0,0.0007215592341440239,,True,0,1,0.0083,0.0391,0.0367,0.03,0.0543,0.8,0.1347
100000008327791100,peripheral,R7,0.3,17,0.0697,"граница выборки (4-е колено): получил 11 тыс ₸ от 1, исходящие не выгружены — роль не определить",4,False,True,1.0,0.0,11000.0,0.0,1.0,0.0,0.0,7,0,83.94159693730191,1.5180910426060678e-06,0,0.0,0.0005391167609136597,,True,0,1,0.0021,0.0147,0.0367,0.03,0.0543,0.8,0.1102
100000002208836100,peripheral,R7,0.3,5,0.1427,"граница выборки (4-е колено): получил 90 тыс ₸ от 1, исходящие не выгружены — роль не определить",4,False,True,1.0,0.0,90000.0,0.0,1.0,0.0,0.0,7,0,103.55750480609646,1.872846433433876e-06,0,0.0,0.00033128471942352655,,True,0,1,0.0023,0.0827,0.0367,0.03,0.0543,0.8,0.1648
100000001724740100,peripheral,R7,0.3,7,0.2058,"граница выборки (4-е колено): получил 185 тыс ₸ от 1, исходящие не выгружены — роль не определить",4,False,True,1.0,0.0,185000.0,0.0,4.0,0.0,0.0,9,0,226.93350344527212,4.1041120423858604e-06,1,0.0,0.0005388284571255892,,True,0,1,0.0034,0.1039,0.0367,0.03,0.0909,0.8,0.2119
100000004386286100,peripheral,R7,0.3,12,0.129,"граница выборки (4-е колено): получил 12 тыс ₸ от 1, исходящие не выгружены — роль не определить",4,False,True,1.0,0.0,12500.0,0.0,1.0,0.0,0.0,9,0,6942.994747177833,0.00012556466065834218,0,0.0,0.0005998215016547858,,True,0,1,0.0189,0.0167,0.0367,0.03,0.0909,0.8,0.1546
100000001714883100,peripheral,R7,0.3,8,0.0164,"граница выборки (4-е колено): получил 7 тыс ₸ от 1, исходящие не выгружены — роль не определить",4,False,True,1.0,0.0,6900.0,0.0,1.0,0.0,0.0,1,0,0.3338560966682412,6.037816390960991e-09,0,0.0,0.00029055709446720174,,True,0,1,0.0001,0.0065,0.0367,0.03,0.0148,0.8,0.0705
100000008337304100,peripheral,R7,0.3,6,0.1493,"граница выборки (4-е колено): получил 105 тыс ₸ от 1, исходящие не выгружены — роль не определить",4,False,True,1.0,0.0,105465.0,0.0,2.0,0.0,0.0,7,0,95.31734168358686,1.7238223704864175e-06,1,0.0,0.00035583636466686084,,True,0,1,0.0022,0.0889,0.0367,0.03,0.0543,0.8,0.1697
100000000655469100,peripheral,R7,0.3,21,0.0878,"граница выборки (4-е колено): получил 20 тыс ₸ от 1, исходящие не выгружены — роль не определить",4,False,True,1.0,0.0,20000.0,0.0,2.0,0.0,0.0,7,0,172.1780948749026,3.1138557413650367e-06,1,0.0,0.0003469593014147207,,True,0,1,0.003,0.0307,0.0367,0.03,0.0543,0.8,0.1238
100000008722541100,peripheral,R7,0.3,5,0.1778,"граница выборки (4-е колено): получил 280 тыс ₸ от 1, исходящие не выгружены — роль не определить",4,False,True,1.0,0.0,280000.0,0.0,4.0,0.0,0.0,7,0,154.28803505654224,2.79031246183671e-06,1,0.0,0.0003853338400537922,,True,0,1,0.0028,0.1149,0.0367,0.03,0.0543,0.8,0.191
100000004222274100,peripheral,R7,0.3,1,0.0762,"граница выборки (4-е колено): получил 16 тыс ₸ от 1, исходящие не выгружены — роль не определить",4,False,True,1.0,0.0,15500.0,0.0,1.0,0.0,0.0,7,0,12.134065665045538,2.1944562730035136e-07,0,0.0,0.0005477979606695856,,True,0,1,0.0008,0.0221,0.0367,0.03,0.0543,0.8,0.1151
100000006232642100,peripheral,R7,0.3,42,0.1927,"граница выборки (4-е колено): получил 456 тыс ₸ от 1, исходящие не выгружены — роль не определить",4,False,True,1.0,0.0,456000.0,0.0,4.0,0.0,0.0,7,0,401.9675850711455,7.269618551220674e-06,1,0.0,0.00042972241620991923,,True,0,1,0.0046,0.127,0.0367,0.03,0.0543,0.8,0.2021
100000004066370100,peripheral,R7,0.3,36,0.1069,"граница выборки (4-е колено): получил 65 тыс ₸ от 1, исходящие не выгружены — роль не определить",4,False,True,1.0,0.0,65000.0,0.0,2.0,0.0,0.0,1,0,6315.028901734105,0.00011420784401661541,1,0.0,0.0005918735969790853,,True,0,1,0.018,0.0731,0.0367,0.03,0.0148,0.8,0.1381
100000005685783100,peripheral,R7,0.3,2,0.0544,"граница выборки (4-е колено): получил 26 тыс ₸ от 1, исходящие не выгружены — роль не определить",4,False,True,1.0,0.0,26150.0,0.0,1.0,0.0,0.0,1,0,17.376875881696545,3.1426230363695115e-07,0,0.0,0.0005343911435542359,,True,0,1,0.0009,0.0412,0.0367,0.03,0.0148,0.8,0.0989
100000006171671100,peripheral,R7,0.3,1,0.0651,"граница выборки (4-е колено): получил 10 тыс ₸ от 1, исходящие не выгружены — роль не определить",4,False,True,1.0,0.0,10000.0,0.0,1.0,0.0,0.0,7,0,8.464425810733715,1.530798730655109e-07,0,0.0,0.0005313843598046136,,True,0,1,0.0007,0.0118,0.0367,0.03,0.0543,0.8,0.1068
100000003481025100,peripheral,R7,0.3,1,0.0618,"граница выборки (4-е колено): получил 9 тыс ₸ от 1, исходящие не выгружены — роль не определить",4,False,True,1.0,0.0,9000.0,0.0,1.0,0.0,0.0,7,0,5.479900622923791,9.910447684531997e-08,0,0.0,0.0005333521824501156,,True,0,1,0.0005,0.009,0.0367,0.03,0.0543,0.8,0.1044
100000003646145100,peripheral,R7,0.3,34,0.0926,"граница выборки (4-е колено): получил 5 тыс ₸ от 1, исходящие не выгружены — роль не определить",4,False,True,1.0,0.0,5000.0,0.0,1.0,0.0,0.0,8,0,744.517979865358,1.346467207595507e-05,0,0.0,0.000656348332956897,,True,0,1,0.0062,0.0024,0.0367,0.03,0.0839,0.8,0.1274
100000002659265100,peripheral,R7,0.3,7,0.1861,"граница выборки (4-е колено): получил 141 тыс ₸ от 1, исходящие не выгружены — роль не определить",4,False,True,1.0,0.0,141000.0,0.0,1.0,0.0,0.0,8,0,0.7293109053777143,1.3189650818244445e-08,0,0.0,0.00032112490854040214,,True,0,1,0.0002,0.0957,0.0367,0.03,0.0839,0.8,0.1972
100000003289281100,peripheral,R7,0.3,1,0.1198,"граница выборки (4-е колено): получил 40 тыс ₸ от 1, исходящие не выгружены — роль не определить",4,False,True,1.0,0.0,40000.0,0.0,1.0,0.0,0.0,7,0,1256.4666034624188,2.272330722364832e-05,0,0.0,0.0005996044729221811,,True,0,1,0.008,0.0556,0.0367,0.03,0.0543,0.8,0.1477
100000004840086100,peripheral,R7,0.3,1,0.1502,"граница выборки (4-е колено): получил 100 тыс ₸ от 1, исходящие не выгружены — роль не определить",4,False,True,1.0,0.0,100000.0,0.0,2.0,0.0,0.0,7,0,484.9960600259524,8.77119570377688e-06,1,0.0,0.0005415136966287572,,True,0,1,0.005,0.087,0.0367,0.03,0.0543,0.8,0.1704
100000008554390100,peripheral,R7,0.3,8,0.0295,"граница выборки (4-е колено): получил 14 тыс ₸ от 1, исходящие не выгружены — роль не определить",4,False,True,1.0,0.0,14000.0,0.0,1.0,0.0,0.0,1,0,0.6773891816457067,1.2250641952674474e-08,0,0.0,0.0002943728235865713,,True,0,1,0.0002,0.0186,0.0367,0.03,0.0148,0.8,0.0802
100000004691350100,peripheral,R7,0.3,54,0.0748,"граница выборки (4-е колено): получил 13 тыс ₸ от 1, исходящие не выгружены — роль не определить",4,False,True,1.0,0.0,13300.0,0.0,1.0,0.0,0.0,7,0,286.6203861742778,5.183554480199634e-06,0,0.0,0.0008906882092165298,,True,0,1,0.0038,0.0178,0.0367,0.03,0.0543,0.8,0.1141
100000004652395100,consolidator,R3,0.413,1,0.3902,получает 102 тыс ₸ от 3 плательщиков; 4-е колено: исходящие не выгружены — признаки консолидации,4,False,True,3.0,0.0,101528.0,0.0,5.0,0.0,0.0,7,0,162.95963897062288,2.94713916882474e-06,2,0.0,0.00033719811399336665,,True,0,3,0.0029,0.0881,0.0367,0.255,0.0543,0.8,0.3496
100000004979264100,peripheral,R7,0.3,7,0.1439,"граница выборки (4-е колено): получил 40 тыс ₸ от 1, исходящие не выгружены — роль не определить",4,False,True,1.0,0.0,39800.0,0.0,1.0,0.0,0.0,8,0,36.31231227355968,6.567113089351858e-07,0,0.0,0.00041320740834143224,,True,0,1,0.0014,0.0551,0.0367,0.03,0.0839,0.8,0.1657
100000008074304100,peripheral,R7,0.3,5,0.0571,"граница выборки (4-е колено): получил 6 тыс ₸ от 1, исходящие не выгружены — роль не определить",4,False,True,1.0,0.0,5500.0,0.0,1.0,0.0,0.0,7,0,6.574491228251919,1.1890024263841705e-07,0,0.0,0.0003338996825151237,,True,0,1,0.0006,0.0045,0.0367,0.03,0.0543,0.8,0.1009
100000002227989100,peripheral,R7,0.3,21,0.0897,"граница выборки (4-е колено): получил 20 тыс ₸ от 1, исходящие не выгружены — роль не определить",4,False,True,1.0,0.0,20000.0,0.0,1.0,0.0,0.0,7,0,451.33557498615335,8.162442919780382e-06,0,0.0,0.0003961933200599245,,True,0,1,0.0048,0.0307,0.0367,0.03,0.0543,0.8,0.1252
100000003207060100,peripheral,R7,0.3,1,0.13,"граница выборки (4-е колено): получил 53 тыс ₸ от 1, исходящие не выгружены — роль не определить",4,False,True,1.0,0.0,53000.0,0.0,1.0,0.0,0.0,7,0,642.9121658571656,1.1627122139446883e-05,0,0.0,0.0004293060809113743,,True,0,1,0.0058,0.0673,0.0367,0.03,0.0543,0.8,0.1553
100000004601193100,peripheral,R7,0.3,11,0.1737,"граница выборки (4-е колено): получил 84 тыс ₸ от 1, исходящие не выгружены — роль не определить",4,False,True,1.0,0.0,84000.0,0.0,3.0,0.0,0.0,8,0,352.9488388994771,6.383110285973199e-06,1,0.0,0.0006060180971723414,,True,0,1,0.0043,0.08,0.0367,0.03,0.0839,0.8,0.1879
100000004991593100,peripheral,R7,0.3,6,0.1164,"граница выборки (4-е колено): получил 45 тыс ₸ от 1, исходящие не выгружены — роль не определить",4,False,True,1.0,0.0,45000.0,0.0,2.0,0.0,0.0,7,0,22.258563705040622,4.0254805024900453e-07,1,0.0,0.00035646615481560467,,True,0,1,0.0011,0.0593,0.0367,0.03,0.0543,0.8,0.1451
100000003128638100,peripheral,R7,0.3,7,0.2088,"граница выборки (4-е колено): получил 300 тыс ₸ от 1, исходящие не выгружены — роль не определить",4,False,True,1.0,0.0,300000.0,0.0,1.0,0.0,0.0,8,0,1.5517253305908814,2.8063086847328604e-08,0,0.0,0.00035977663336718896,,True,0,1,0.0003,0.1168,0.0367,0.03,0.0839,0.8,0.2142
100000005878334100,peripheral,R7,0.3,6,0.1382,"граница выборки (4-е колено): получил 76 тыс ₸ от 1, исходящие не выгружены — роль не определить",4,False,True,1.0,0.0,76400.0,0.0,2.0,0.0,0.0,7,0,243.28312595124876,4.39979637985269e-06,1,0.0,0.0004007242321635392,,True,0,1,0.0035,0.0773,0.0367,0.03,0.0543,0.8,0.1614
100000002878483100,peripheral,R7,0.3,8,0.0151,"граница выборки (4-е колено): получил 6 тыс ₸ от 1, исходящие не выгружены — роль не определить",4,False,True,1.0,0.0,6000.0,0.0,1.0,0.0,0.0,1,0,0.2903096492767315,5.250275122574775e-09,0,0.0,0.00029007341049432393,,True,0,1,0.0001,0.0053,0.0367,0.03,0.0148,0.8,0.0695
100000000981693100,peripheral,R7,0.3,1,0.0787,"граница выборки (4-е колено): получил 16 тыс ₸ от 1, исходящие не выгружены — роль не определить",4,False,True,1.0,0.0,16500.0,0.0,1.0,0.0,0.0,7,0,8.743751862487928,1.5813150887667277e-07,0,0.0,0.0005314002435612235,,True,0,1,0.0007,0.0245,0.0367,0.03,0.0543,0.8,0.117
100000006416061100,peripheral,R7,0.3,6,0.1056,"граница выборки (4-е колено): получил 30 тыс ₸ от 1, исходящие не выгружены — роль не определить",4,False,True,1.0,0.0,30000.0,0.0,1.0,0.0,0.0,7,0,320.31805502845145,5.792979736695961e-06,0,0.0,0.0004367675038067396,,True,0,1,0.0041,0.0462,0.0367,0.03,0.0543,0.8,0.137
100000008168850100,peripheral,R7,0.3,5,0.1668,"граница выборки (4-е колено): получил 188 тыс ₸ от 1, исходящие не выгружены — роль не определить",4,False,True,1.0,0.0,187910.0,0.0,2.0,0.0,0.0,7,0,194.6168939766718,3.5196633643564874e-06,1,0.0,0.0005354125286335144,,True,0,1,0.0032,0.1043,0.0367,0.03,0.0543,0.8,0.1828
100000004747154100,peripheral,R7,0.3,28,0.1315,"граница выборки (4-е колено): получил 67 тыс ₸ от 1, исходящие не выгружены — роль не определить",4,False,True,1.0,0.0,67000.0,0.0,1.0,0.0,0.0,7,0,3.261841840160982,5.8990691869308656e-08,0,0.0,0.00033383044734830865,,True,0,1,0.0004,0.0741,0.0367,0.03,0.0543,0.8,0.1564
100000008524903100,peripheral,R7,0.3,1,0.0748,"граница выборки (4-е колено): получил 15 тыс ₸ от 1, исходящие не выгружены — роль не определить",4,False,True,1.0,0.0,15000.0,0.0,1.0,0.0,0.0,7,0,11.26826686053926,2.0378758101846144e-07,0,0.0,0.0003332497752012362,,True,0,1,0.0008,0.0208,0.0367,0.03,0.0543,0.8,0.1141
100000005049404100,peripheral,R7,0.3,5,0.1455,"граница выборки (4-е колено): получил 98 тыс ₸ от 1, исходящие не выгружены — роль не определить",4,False,True,1.0,0.0,98000.0,0.0,2.0,0.0,0.0,7,0,54.79755877176852,9.910185910596427e-07,1,0.0,0.00031403115093244654,,True,0,1,0.0017,0.0859,0.0367,0.03,0.0543,0.8,0.1669
100000002258492100,peripheral,R7,0.3,20,0.0981,"граница выборки (4-е колено): получил 9 тыс ₸ от 1, исходящие не выгружены — роль не определить",4,False,True,1.0,0.0,9000.0,0.0,1.0,0.0,0.0,8,0,422.1008564081858,7.633730505130099e-06,0,0.0,0.0005424888658158649,,True,0,1,0.0047,0.009,0.0367,0.03,0.0839,0.8,0.1314
100000005497148100,peripheral,R7,0.3,5,0.0928,"граница выборки (4-е колено): получил 24 тыс ₸ от 1, исходящие не выгружены — роль не определить",4,False,True,1.0,0.0,24000.0,0.0,2.0,0.0,0.0,7,0,28.688688996008374,5.188374224221835e-07,1,0.0,0.0004921615714314379,,True,0,1,0.0012,0.0372,0.0367,0.03,0.0543,0.8,0.1275
100000004596284100,peripheral,R7,0.3,4,0.1088,"граница выборки (4-е колено): получил 30 тыс ₸ от 1, исходящие не выгружены — роль не определить",4,False,True,1.0,0.0,30000.0,0.0,1.0,0.0,0.0,7,0,980.651178636963,1.7735161404206036e-05,0,0.0,0.0005940440593264011,,True,0,1,0.0071,0.0462,0.0367,0.03,0.0543,0.8,0.1394
100000007960337100,peripheral,R7,0.3,6,0.1084,"граница выборки (4-е колено): получил 36 тыс ₸ от 1, исходящие не выгружены — роль не определить",4,False,True,1.0,0.0,35500.0,0.0,1.0,0.0,0.0,7,0,13.00465466948532,2.3519030476245072e-07,0,0.0,0.00030412067655988777,,True,0,1,0.0008,0.0522,0.0367,0.03,0.0543,0.8,0.1392
100000003180305100,peripheral,R7,0.3,1,0.1589,"граница выборки (4-е колено): получил 144 тыс ₸ от 1, исходящие не выгружены — роль не определить",4,False,True,1.0,0.0,144000.0,0.0,1.0,0.0,0.0,7,0,308.7475043169225,5.583725326081028e-06,0,0.0,0.0005303510430199025,,True,0,1,0.004,0.0961,0.0367,0.03,0.0543,0.8,0.1769
100000007653094100,peripheral,R7,0.3,14,0.0896,"граница выборки (4-е колено): получил 16 тыс ₸ от 1, исходящие не выгружены — роль не определить",4,False,True,1.0,0.0,16000.0,0.0,1.0,0.0,0.0,7,0,2671.6380081087227,4.8316804506651696e-05,0,0.0,0.0005779124016807729,,True,0,1,0.0117,0.0237,0.0367,0.03,0.0543,0.8,0.1251
100000008175078100,peripheral,R7,0.3,37,0.2089,"граница выборки (4-е колено): получил 1,8 млн ₸ от 1, исходящие не выгружены — роль не определить",4,False,True,1.0,0.0,1846711.0,0.0,15.0,0.0,0.0,7,0,89.24849383908402,1.614066732187561e-06,1,0.0,0.00047113333576870276,,True,0,1,0.0021,0.1447,0.0367,0.03,0.0543,0.8,0.2142
100000004263867100,peripheral,R7,0.3,8,0.0191,"граница выборки (4-е колено): получил 9 тыс ₸ от 1, исходящие не выгружены — роль не определить",4,False,True,1.0,0.0,9000.0,0.0,1.0,0.0,0.0,1,0,0.4354644739150972,7.875412683862161e-09,0,0.0,0.0002916856904039167,,True,0,1,0.0001,0.009,0.0367,0.03,0.0148,0.8,0.0725
100000002194320100,peripheral,R7,0.3,60,0.1786,"граница выборки (4-е колено): получил 275 тыс ₸ от 1, исходящие не выгружены — роль не определить",4,False,True,1.0,0.0,275000.0,0.0,1.0,0.0,0.0,7,0,311.91514745681576,5.641012426306632e-06,0,0.0,0.0004886763093074297,,True,0,1,0.004,0.1145,0.0367,0.03,0.0543,0.8,0.1916
100000001222245100,peripheral,R7,0.3,5,0.1908,"граница выборки (4-е колено): получил 420 тыс ₸ от 1, исходящие не выгружены — роль не определить",4,False,True,1.0,0.0,420000.0,0.0,5.0,0.0,0.0,7,0,502.05205743014653,9.07965489238821e-06,1,0.0,0.0005515537557199481,,True,0,1,0.0051,0.1248,0.0367,0.03,0.0543,0.8,0.2007
100000008151098100,peripheral,R7,0.3,26,0.1019,"граница выборки (4-е колено): получил 30 тыс ₸ от 1, исходящие не выгружены — роль не определить",4,False,True,1.0,0.0,30000.0,0.0,1.0,0.0,0.0,7,0,9.68155768980953,1.750918083956833e-07,0,0.0,0.0003107230064859872,,True,0,1,0.0007,0.0462,0.0367,0.03,0.0543,0.8,0.1343
100000008735802100,peripheral,R7,0.3,1,0.1391,"граница выборки (4-е колено): получил 85 тыс ₸ от 1, исходящие не выгружены — роль не определить",4,False,True,1.0,0.0,85000.0,0.0,2.0,0.0,0.0,7,0,18.038738078983474,3.2623213873421933e-07,1,0.0,0.0005109348907519582,,True,0,1,0.001,0.0806,0.0367,0.03,0.0543,0.8,0.1621
100000004047887100,peripheral,R7,0.3,41,0.1016,"граница выборки (4-е колено): получил 30 тыс ₸ от 1, исходящие не выгружены — роль не определить",4,False,True,1.0,0.0,30000.0,0.0,1.0,0.0,0.0,7,0,3.263256791876156,5.9016281393488544e-08,0,0.0,0.00028930393284577185,,True,0,1,0.0004,0.0462,0.0367,0.03,0.0543,0.8,0.1341
100000003146511100,peripheral,R7,0.3,14,0.0656,"граница выборки (4-е колено): получил 10 тыс ₸ от 1, исходящие не выгружены — роль не определить",4,False,True,1.0,0.0,10000.0,0.0,1.0,0.0,0.0,7,0,28.25802656356205,5.110488550737206e-07,0,0.0,0.0003132048427883549,,True,0,1,0.0012,0.0118,0.0367,0.03,0.0543,0.8,0.1072
100000007511780100,peripheral,R7,0.3,25,0.1615,"граница выборки (4-е колено): получил 155 тыс ₸ от 1, исходящие не выгружены — роль не определить",4,False,True,1.0,0.0,155000.0,0.0,2.0,0.0,0.0,7,0,201.02550897228647,3.635563720977297e-06,1,0.0,0.0005605373030244089,,True,0,1,0.0032,0.0993,0.0367,0.03,0.0543,0.8,0.1788
100000007867364100,peripheral,R7,0.3,19,0.1171,"граница выборки (4-е колено): получил 42 тыс ₸ от 1, исходящие не выгружены — роль не определить",4,False,True,1.0,0.0,41852.0,0.0,1.0,0.0,0.0,7,0,310.4655101995678,5.614795611097601e-06,0,0.0,0.0004507108566034343,,True,0,1,0.004,0.0571,0.0367,0.03,0.0543,0.8,0.1457
100000006288612100,peripheral,R7,0.3,12,0.1039,"граница выборки (4-е колено): получил 31 тыс ₸ от 1, исходящие не выгружены — роль не определить",4,False,True,1.0,0.0,30805.0,0.0,3.0,0.0,0.0,7,0,21.89036463713976,3.9588913825220637e-07,1,0.0,0.0002989549226377449,,True,0,1,0.0011,0.0477,0.0367,0.03,0.0543,0.8,0.1358
100000006735545100,peripheral,R7,0.3,6,0.0547,"граница выборки (4-е колено): получил 5 тыс ₸ от 1, исходящие не выгружены — роль не определить",4,False,True,1.0,0.0,5000.0,0.0,1.0,0.0,0.0,7,0,2.4731737450045137,4.4727561138778286e-08,0,0.0,0.0002945841066907457,,True,0,1,0.0004,0.0024,0.0367,0.03,0.0543,0.8,0.099
100000004403641100,peripheral,R7,0.3,13,0.1935,"граница выборки (4-е колено): получил 172 тыс ₸ от 1, исходящие не выгружены — роль не определить",4,False,True,1.0,0.0,171500.0,0.0,1.0,0.0,0.0,8,0,0.6913262752944282,1.2502695497044012e-08,0,0.0,0.000301893011522636,,True,0,1,0.0002,0.1026,0.0367,0.03,0.0839,0.8,0.2027
100000003370425100,peripheral,R7,0.3,14,0.0986,"граница выборки (4-е колено): получил 20 тыс ₸ от 1, исходящие не выгружены — роль не определить",4,False,True,1.0,0.0,20000.0,0.0,1.0,0.0,0.0,7,0,3339.5475101359034,6.039600563331462e-05,0,0.0,0.0006506782894321816,,True,0,1,0.0131,0.0307,0.0367,0.03,0.0543,0.8,0.1318
100000004350094100,peripheral,R7,0.3,19,0.0868,"граница выборки (4-е колено): получил 20 тыс ₸ от 1, исходящие не выгружены — роль не определить",4,False,True,1.0,0.0,20000.0,0.0,1.0,0.0,0.0,7,0,84.62701755520659,1.5304869337783053e-06,0,0.0,0.0008971220687046569,,True,0,1,0.0021,0.0307,0.0367,0.03,0.0543,0.8,0.123
100000004911971100,peripheral,R7,0.3,37,0.1072,"граница выборки (4-е колено): получил 35 тыс ₸ от 1, исходящие не выгружены — роль не определить",4,False,True,1.0,0.0,35000.0,0.0,3.0,0.0,0.0,7,0,1.6914922174438451,3.0590783087643187e-08,1,0.0,0.0002903415233122076,,True,0,1,0.0003,0.0515,0.0367,0.03,0.0543,0.8,0.1382
100000001202787100,peripheral,R7,0.3,1,0.0743,"граница выборки (4-е колено): получил 15 тыс ₸ от 2, исходящие не выгружены — роль не определить",4,False,True,2.0,0.0,14850.0,0.0,2.0,0.0,0.0,7,0,31.133242670890304,5.630473871168019e-07,0,0.0,0.00035270329012986404,,True,0,1,0.0013,0.0198,0.0367,0.03,0.0543,0.8,0.1137
100000008469048100,peripheral,R7,0.3,1,0.183,"граница выборки (4-е колено): получил 265 тыс ₸ от 1, исходящие не выгружены — роль не определить",4,False,True,1.0,0.0,265200.0,0.0,7.0,0.0,0.0,7,0,1506.979176850743,2.7253848785837877e-05,1,0.0,0.0005813053382470212,,True,0,1,0.0088,0.1138,0.0367,0.03,0.0543,0.8,0.1949
100000002635746100,peripheral,R7,0.3,8,0.0137,"граница выборки (4-е колено): получил 5 тыс ₸ от 1, исходящие не выгружены — роль не определить",4,False,True,1.0,0.0,5300.0,0.0,1.0,0.0,0.0,1,0,0.25644019019444614,4.637743024941051e-09,0,0.0,0.00028969721184875225,,True,0,1,0.0001,0.004,0.0367,0.03,0.0148,0.8,0.0685
100000008321975100,peripheral,R7,0.3,21,0.0587,"граница выборки (4-е колено): получил 6 тыс ₸ от 1, исходящие не выгружены — роль не определить",4,False,True,1.0,0.0,5900.0,0.0,1.0,0.0,0.0,7,0,50.79253798809627,9.185874437026859e-07,0,0.0,0.00030458143364331516,,True,0,1,0.0016,0.005,0.0367,0.03,0.0543,0.8,0.1021
100000003078839100,peripheral,R7,0.3,6,0.0736,"граница выборки (4-е колено): получил 14 тыс ₸ от 1, исходящие не выгружены — роль не определить",4,False,True,1.0,0.0,14000.0,0.0,2.0,0.0,0.0,7,0,68.57088816449136,1.2401104446917936e-06,1,0.0,0.00031619592048659126,,True,0,1,0.0019,0.0186,0.0367,0.03,0.0543,0.8,0.1132
100000004006327100,peripheral,R7,0.3,7,0.2146,"граница выборки (4-е колено): получил 300 тыс ₸ от 1, исходящие не выгружены — роль не определить",4,False,True,1.0,0.0,300000.0,0.0,3.0,0.0,0.0,8,0,627.373545614026,1.1346104848065273e-05,1,0.0,0.0005574958046554642,,True,0,1,0.0057,0.1168,0.0367,0.03,0.0839,0.8,0.2185
100000007865484100,peripheral,R7,0.3,39,0.1937,"граница выборки (4-е колено): получил 585 тыс ₸ от 1, исходящие не выгружены — роль не определить",4,False,True,1.0,0.0,584600.0,0.0,2.0,0.0,0.0,7,0,2.69415722141163,4.872406642742756e-08,1,0.0,0.0003678097529797338,,True,0,1,0.0004,0.1322,0.0367,0.03,0.0543,0.8,0.2029
100000005367180100,peripheral,R7,0.3,6,0.0616,"граница выборки (4-е колено): получил 8 тыс ₸ от 1, исходящие не выгружены — роль не определить",4,False,True,1.0,0.0,7700.0,0.0,1.0,0.0,0.0,7,0,64.85082489064412,1.1728327785524005e-06,0,0.0,0.0007861065673620736,,True,0,1,0.0018,0.0075,0.0367,0.03,0.0543,0.8,0.1042
100000001669260100,peripheral,R7,0.3,6,0.1562,"граница выборки (4-е колено): получил 500 тыс ₸ от 1, исходящие не выгружены — роль не определить",4,False,True,1.0,0.0,500000.0,0.0,1.0,0.0,0.0,1,0,1078.349541328781,1.9502044745614322e-05,0,0.0,0.0005625548425347723,,True,0,1,0.0075,0.1296,0.0367,0.03,0.0148,0.8,0.1749
100000001297206100,peripheral,R7,0.3,1,0.0599,"граница выборки (4-е колено): получил 7 тыс ₸ от 1, исходящие не выгружены — роль не определить",4,False,True,1.0,0.0,6758.0,0.0,1.0,0.0,0.0,7,0,32.77603373655386,5.927574056612416e-07,0,0.0,0.0002998452832971284,,True,0,1,0.0013,0.0064,0.0367,0.03,0.0543,0.8,0.103
100000002645046100,peripheral,R7,0.3,8,0.0264,"граница выборки (4-е колено): получил 12 тыс ₸ от 1, исходящие не выгружены — роль не определить",4,False,True,1.0,0.0,12000.0,0.0,1.0,0.0,0.0,1,0,0.580619298553463,1.050055024514955e-08,0,0.0,0.0002932979703135095,,True,0,1,0.0002,0.0157,0.0367,0.03,0.0148,0.8,0.0779
100000006308406100,peripheral,R7,0.3,21,0.1753,"граница выборки (4-е колено): получил 183 тыс ₸ от 1, исходящие не выгружены — роль не определить",4,False,True,1.0,0.0,183000.0,0.0,2.0,0.0,0.0,7,0,2687.9837646364695,4.861241892756778e-05,1,0.0,0.0005416555675697146,,True,0,1,0.0118,0.1036,0.0367,0.03,0.0543,0.8,0.1891
100000002728246100,peripheral,R7,0.3,5,0.0652,"граница выборки (4-е колено): получил 10 тыс ₸ от 1, исходящие не выгружены — роль не определить",4,False,True,1.0,0.0,10000.0,0.0,1.0,0.0,0.0,7,0,11.953620415003488,2.1618225934257645e-07,0,0.0,0.0005409922702021911,,True,0,1,0.0008,0.0118,0.0367,0.03,0.0543,0.8,0.1069
100000001590795100,peripheral,R7,0.3,8,0.0132,"граница выборки (4-е колено): получил 5 тыс ₸ от 1, исходящие не выгружены — роль не определить",4,False,True,1.0,0.0,5060.0,0.0,1.0,0.0,0.0,1,0,0.24482780422337685,4.42773202003806e-09,0,0.0,0.00028956822945598484,,True,0,1,0.0001,0.0035,0.0367,0.03,0.0148,0.8,0.0681
100000006257675100,peripheral,R7,0.3,21,0.1398,"граница выборки (4-е колено): получил 70 тыс ₸ от 1, исходящие не выгружены — роль не определить",4,False,True,1.0,0.0,70000.0,0.0,2.0,0.0,0.0,7,0,1028.1905110631303,1.8594914343878384e-05,1,0.0,0.0003843159008533916,,True,0,1,0.0073,0.075,0.0367,0.03,0.0543,0.8,0.1626
100000002130400100,peripheral,R7,0.3,36,0.0283,"граница выборки (4-е колено): получил 10 тыс ₸ от 1, исходящие не выгружены — роль не определить",4,False,True,1.0,0.0,10000.0,0.0,1.0,0.0,0.0,1,0,664.7398843930637,1.2021878317538465e-05,0,0.0,0.0003189567187071328,,True,0,1,0.0059,0.0118,0.0367,0.03,0.0148,0.8,0.0794
100000000557536100,peripheral,R7,0.3,37,0.1581,"граница выборки (4-е колено): получил 153 тыс ₸ от 1, исходящие не выгружены — роль не определить",4,False,True,1.0,0.0,153000.0,0.0,7.0,0.0,0.0,7,0,7.394237407683095,1.3372542321169737e-07,1,0.0,0.0003021168196314696,,True,0,1,0.0006,0.0987,0.0367,0.03,0.0543,0.8,0.1762
100000002689717100,peripheral,R7,0.3,8,0.1206,"граница выборки (4-е колено): получил 48 тыс ₸ от 1, исходящие не выгружены — роль не определить",4,False,True,1.0,0.0,47500.0,0.0,1.0,0.0,0.0,7,0,112.12727962649781,2.027831552453229e-06,0,0.0,0.0003047018342906136,,True,0,1,0.0024,0.0619,0.0367,0.03,0.0543,0.8,0.1482
100000005189258100,peripheral,R7,0.3,5,0.1233,"граница выборки (4-е колено): получил 50 тыс ₸ от 1, исходящие не выгружены — роль не определить",4,False,True,1.0,0.0,50000.0,0.0,1.0,0.0,0.0,7,0,129.49446215749663,2.341918551004216e-06,0,0.0,0.0003173782403649302,,True,0,1,0.0026,0.0643,0.0367,0.03,0.0543,0.8,0.1503
100000002748511100,peripheral,R7,0.3,4,0.0952,"граница выборки (4-е колено): получил 20 тыс ₸ от 1, исходящие не выгружены — роль не определить",4,False,True,1.0,0.0,20000.0,0.0,1.0,0.0,0.0,7,0,1913.3055924685004,3.4602297164587234e-05,0,0.0,0.0005698407341831303,,True,0,1,0.0099,0.0307,0.0367,0.03,0.0543,0.8,0.1293
100000002371892100,peripheral,R7,0.3,49,0.1156,"граница выборки (4-е колено): получил 44 тыс ₸ от 1, исходящие не выгружены — роль не определить",4,False,True,1.0,0.0,43830.0,0.0,1.0,0.0,0.0,7,0,62.086836985584874,1.1228458181699807e-06,0,0.0,0.00030790082434017,,True,0,1,0.0018,0.0579,0.0367,0.03,0.0543,0.8,0.1446
100000008130868100,peripheral,R7,0.3,13,0.0476,"граница выборки (4-е колено): получил 23 тыс ₸ от 1, исходящие не выгружены — роль не определить",4,False,True,1.0,0.0,22782.0,0.0,1.0,0.0,0.0,1,0,15.011883342956445,2.714912089724882e-07,0,0.0,0.00045359052102125687,,True,0,1,0.0009,0.0348,0.0367,0.03,0.0148,0.8,0.0938
100000007153161100,peripheral,R7,0.3,1,0.1162,"граница выборки (4-е колено): получил 45 тыс ₸ от 1, исходящие не выгружены — роль не определить",4,False,True,1.0,0.0,44997.0,0.0,1.0,0.0,0.0,7,0,38.087376820558504,6.888135048328796e-07,0,0.0,0.0005332711575594892,,True,0,1,0.0014,0.0588,0.0367,0.03,0.0543,0.8,0.145
100000002994441100,peripheral,R7,0.3,6,0.0556,"граница выборки (4-е колено): получил 5 тыс ₸ от 1, исходящие не выгружены — роль не определить",4,False,True,1.0,0.0,5000.0,0.0,1.0,0.0,0.0,7,0,33.25751855315831,6.014651002239743e-07,0,0.0,0.0005556781124537378,,True,0,1,0.0013,0.0024,0.0367,0.03,0.0543,0.8,0.0998
100000001065481100,peripheral,R7,0.3,14,0.079,"граница выборки (4-е колено): получил 16 тыс ₸ от 1, исходящие не выгружены — роль не определить",4,False,True,1.0,0.0,16000.0,0.0,2.0,0.0,0.0,7,0,63.93026051976122,1.1561842922646847e-06,1,0.0,0.00043416376262416407,,True,0,1,0.0018,0.0237,0.0367,0.03,0.0543,0.8,0.1172
100000007731977100,peripheral,R7,0.3,1,0.1213,"граница выборки (4-е колено): получил 50 тыс ₸ от 1, исходящие не выгружены — роль не определить",4,False,True,1.0,0.0,50000.0,0.0,1.0,0.0,0.0,7,0,10.139676752441432,1.833769312763933e-07,0,0.0,0.00033827006055626096,,True,0,1,0.0007,0.0643,0.0367,0.03,0.0543,0.8,0.1488
100000003252446100,peripheral,R7,0.3,7,0.1795,"граница выборки (4-е колено): получил 109 тыс ₸ от 1, исходящие не выгружены — роль не определить",4,False,True,1.0,0.0,108600.0,0.0,1.0,0.0,0.0,8,0,0.9181160299778387,1.6604207830635545e-08,0,0.0,0.0003013287591661415,,True,0,1,0.0002,0.0895,0.0367,0.03,0.0839,0.8,0.1922
100000002671326100,peripheral,R7,0.3,28,0.2093,"граница выборки (4-е колено): получил 1,1 млн ₸ от 1, исходящие не выгружены — роль не определить",4,False,True,1.0,0.0,1050000.0,0.0,2.0,0.0,0.0,7,0,1023.6828115382831,1.8513392207999297e-05,1,0.0,0.0006321600024575443,,True,0,1,0.0073,0.1398,0.0367,0.03,0.0543,0.8,0.2145
100000005087923100,peripheral,R7,0.3,10,0.0519,"граница выборки (4-е колено): получил 20 тыс ₸ от 1, исходящие не выгружены — роль не определить",4,False,True,1.0,0.0,20000.0,0.0,1.0,0.0,0.0,1,0,1565.0406504065043,2.8303895558135364e-05,0,0.0,0.0004625720014612528,,True,0,1,0.009,0.0307,0.0367,0.03,0.0148,0.8,0.097
100000008770483100,peripheral,R7,0.3,45,0.0938,"граница выборки (4-е колено): получил 5 тыс ₸ от 1, исходящие не выгружены — роль не определить",4,False,True,1.0,0.0,5000.0,0.0,1.0,0.0,0.0,9,0,1.568642972803586,2.8369043870332396e-08,0,0.0,0.00029018576583990385,,True,0,1,0.0003,0.0024,0.0367,0.03,0.0909,0.8,0.1282
100000002748040100,peripheral,R7,0.3,8,0.0827,"граница выборки (4-е колено): получил 18 тыс ₸ от 1, исходящие не выгружены — роль не определить",4,False,True,1.0,0.0,18000.0,0.0,1.0,0.0,0.0,7,0,42.490337542672854,7.68441430403329e-07,0,0.0,0.0002936141918346869,,True,0,1,0.0015,0.0275,0.0367,0.03,0.0543,0.8,0.12
100000004800648100,peripheral,R7,0.3,12,0.1547,"граница выборки (4-е колено): получил 131 тыс ₸ от 1, исходящие не выгружены — роль не определить",4,False,True,1.0,0.0,131000.0,0.0,1.0,0.0,0.0,7,0,93.09001030564222,1.6835408898243478e-06,0,0.0,0.00033833060451709444,,True,0,1,0.0022,0.094,0.0367,0.03,0.0543,0.8,0.1738
100000005025629100,peripheral,R7,0.3,5,0.0567,"граница выборки (4-е колено): получил 5 тыс ₸ от 1, исходящие не выгружены — роль не определить",4,False,True,1.0,0.0,5227.0,0.0,1.0,0.0,0.0,7,0,14.958625476706386,2.7052803585388634e-07,0,0.0,0.0003155519288899832,,True,0,1,0.0009,0.0038,0.0367,0.03,0.0543,0.8,0.1006
100000000581682100,peripheral,R7,0.3,29,0.0551,"граница выборки (4-е колено): получил 5 тыс ₸ от 1, исходящие не выгружены — роль не определить",4,False,True,1.0,0.0,5000.0,0.0,1.0,0.0,0.0,7,0,13.816704156459593,2.498762899867881e-07,0,0.0,0.00029216224557313106,,True,0,1,0.0008,0.0024,0.0367,0.03,0.0543,0.8,0.0994
100000004976946100,peripheral,R7,0.3,39,0.1721,"граница выборки (4-е колено): получил 246 тыс ₸ от 1, исходящие не выгружены — роль не определить",4,False,True,1.0,0.0,246000.0,0.0,1.0,0.0,0.0,7,0,1.1337028335054071,2.0503113823378687e-08,0,0.0,0.0003209172426815196,,True,0,1,0.0002,0.1122,0.0367,0.03,0.0543,0.8,0.1867
100000000957746100,peripheral,R7,0.3,17,0.0567,"граница выборки (4-е колено): получил 5 тыс ₸ от 1, исходящие не выгружены — роль не определить",4,False,True,1.0,0.0,5300.0,0.0,1.0,0.0,0.0,7,0,9.937740264429628,1.7972489242067532e-07,0,0.0,0.0003488443902950835,,True,0,1,0.0007,0.004,0.0367,0.03,0.0543,0.8,0.1006
100000003001138100,peripheral,R7,0.3,29,0.1034,"граница выборки (4-е колено): получил 30 тыс ₸ от 1, исходящие не выгружены — роль не определить",4,False,True,1.0,0.0,30000.0,0.0,1.0,0.0,0.0,7,0,82.90022493875756,1.4992577399207285e-06,0,0.0,0.00031872922006309466,,True,0,1,0.0021,0.0462,0.0367,0.03,0.0543,0.8,0.1354
100000001325618100,peripheral,R7,0.3,8,0.0195,"граница выборки (4-е колено): получил 9 тыс ₸ от 1, исходящие не выгружены — роль не определить",4,False,True,1.0,0.0,9300.0,0.0,1.0,0.0,0.0,1,0,0.44997995637893373,8.1379264399909e-09,0,0.0,0.00029184691839487595,,True,0,1,0.0002,0.0093,0.0367,0.03,0.0148,0.8,0.0728
100000003792647100,peripheral,R7,0.3,5,0.0611,"граница выборки (4-е колено): получил 8 тыс ₸ от 1, исходящие не выгружены — роль не определить",4,False,True,1.0,0.0,8000.0,0.0,1.0,0.0,0.0,7,0,17.366042798502676,3.140663863901932e-07,0,0.0,0.000402012618331819,,True,0,1,0.0009,0.0079,0.0367,0.03,0.0543,0.8,0.1038
100000004107228100,peripheral,R7,0.3,3,0.055,"граница выборки (4-е колено): получил 5 тыс ₸ от 1, исходящие не выгружены — роль не определить",4,False,True,1.0,0.0,5000.0,0.0,1.0,0.0,0.0,7,0,9.886538652083912,1.7879890683182504e-07,0,0.0,0.00029000125754278497,,True,0,1,0.0007,0.0024,0.0367,0.03,0.0543,0.8,0.0993
100000003500764100,peripheral,R7,0.3,17,0.0888,"граница выборки (4-е колено): получил 21 тыс ₸ от 1, исходящие не выгружены — роль не определить",4,False,True,1.0,0.0,21000.0,0.0,1.0,0.0,0.0,7,0,39.37595199113626,7.121174982706002e-07,0,0.0,0.0005324915548296379,,True,0,1,0.0014,0.0333,0.0367,0.03,0.0543,0.8,0.1246
100000004261340100,peripheral,R7,0.3,1,0.1219,"граница выборки (4-е колено): получил 48 тыс ₸ от 1, исходящие не выгружены — роль не определить",4,False,True,1.0,0.0,48500.0,0.0,4.0,0.0,0.0,7,0,205.88839560171857,3.7235094463709146e-06,1,0.0,0.00034892592172266004,,True,0,1,0.0033,0.0623,0.0367,0.03,0.0543,0.8,0.1493
100000008172721100,peripheral,R7,0.3,6,0.1637,"граница выборки (4-е колено): получил 168 тыс ₸ от 1, исходящие не выгружены — роль не определить",4,False,True,1.0,0.0,168335.0,0.0,1.0,0.0,0.0,7,0,152.1380999602389,2.7514306996238666e-06,0,0.0,0.00039696133508035906,,True,0,1,0.0028,0.1018,0.0367,0.03,0.0543,0.8,0.1805
100000005079473100,peripheral,R7,0.3,6,0.1114,"граница выборки (4-е колено): получил 39 тыс ₸ от 1, исходящие не выгружены — роль не определить",4,False,True,1.0,0.0,39312.0,0.0,1.0,0.0,0.0,7,0,17.713043803830523,3.203419295914617e-07,0,0.0,0.00032745695694141343,,True,0,1,0.001,0.0548,0.0367,0.03,0.0543,0.8,0.1414
100000004850609100,peripheral,R7,0.3,1,0.0646,"граница выборки (4-е колено): получил 10 тыс ₸ от 1, исходящие не выгружены — роль не определить",4,False,True,1.0,0.0,10000.0,0.0,1.0,0.0,0.0,7,0,1.695827080056077,3.0669179453005074e-08,0,0.0,0.0003144259128225461,,True,0,1,0.0003,0.0118,0.0367,0.03,0.0543,0.8,0.1065
100000005042822100,peripheral,R7,0.3,32,0.2051,"граница выборки (4-е колено): получил 1,0 млн ₸ от 1, исходящие не выгружены — роль не определить",4,False,True,1.0,0.0,1000000.0,0.0,1.0,0.0,0.0,7,0,344.2700072480274,6.226152864729561e-06,0,0.0,0.00045457836760547706,,True,0,1,0.0042,0.139,0.0367,0.03,0.0543,0.8,0.2114
100000002794374100,peripheral,R7,0.3,45,0.1884,"граница выборки (4-е колено): получил 111 тыс ₸ от 1, исходящие не выгружены — роль не определить",4,False,True,1.0,0.0,111000.0,0.0,1.0,0.0,0.0,9,0,8.455718027316028,1.5292239204907017e-07,0,0.0,0.0003653757490279972,,True,0,1,0.0007,0.0903,0.0367,0.03,0.0909,0.8,0.1989
100000002860934100,peripheral,R7,0.3,29,0.1813,"граница выборки (4-е колено): получил 280 тыс ₸ от 1, исходящие не выгружены — роль не определить",4,False,True,1.0,0.0,279500.0,0.0,4.0,0.0,0.0,7,0,772.3537623460912,1.3968084610261454e-05,1,0.0,0.0005838676254729311,,True,0,1,0.0063,0.1147,0.0367,0.03,0.0543,0.8,0.1936
100000003097947100,peripheral,R7,0.3,6,0.1253,"граница выборки (4-е колено): получил 53 тыс ₸ от 1, исходящие не выгружены — роль не определить",4,False,True,1.0,0.0,52980.0,0.0,1.0,0.0,0.0,7,0,47.88235682355693,8.659565655750287e-07,0,0.0,0.0003215045041268186,,True,0,1,0.0016,0.0671,0.0367,0.03,0.0543,0.8,0.1518
100000004260869100,peripheral,R7,0.3,4,0.0668,"граница выборки (4-е колено): получил 10 тыс ₸ от 1, исходящие не выгружены — роль не определить",4,False,True,1.0,0.0,10000.0,0.0,1.0,0.0,0.0,7,0,104.32239086998884,1.886679464071553e-06,0,0.0,0.0008457607369041788,,True,0,1,0.0023,0.0118,0.0367,0.03,0.0543,0.8,0.1081
100000008762885100,peripheral,R7,0.3,7,0.0908,"граница выборки (4-е колено): получил 7 тыс ₸ от 1, исходящие не выгружены — роль не определить",4,False,True,1.0,0.0,7000.0,0.0,1.0,0.0,0.0,8,0,0.0362069243804539,6.548053597710008e-10,0,0.0,0.00028855049893795285,,True,0,1,0.0,0.0069,0.0367,0.03,0.0839,0.8,0.126
100000002986245100,peripheral,R7,0.3,8,0.0147,"граница выборки (4-е колено): получил 6 тыс ₸ от 1, исходящие не выгружены — роль не определить",4,False,True,1.0,0.0,5750.0,0.0,1.0,0.0,0.0,1,0,0.278213413890201,5.03151365913416e-09,0,0.0,0.00028993905383519115,,True,0,1,0.0001,0.0049,0.0367,0.03,0.0148,0.8,0.0692
100000001471706100,peripheral,R7,0.3,20,0.2193,"граница выборки (4-е колено): получил 377 тыс ₸ от 1, исходящие не выгружены — роль не определить",4,False,True,1.0,0.0,377000.0,0.0,8.0,0.0,0.0,8,0,422.10085640818585,7.6337305051301e-06,1,0.0,0.0005424888658158649,,True,0,1,0.0047,0.1222,0.0367,0.03,0.0839,0.8,0.222
100000002304943100,peripheral,R7,0.3,21,0.0776,"граница выборки (4-е колено): получил 15 тыс ₸ от 1, исходящие не выгружены — роль не определить",4,False,True,1.0,0.0,15000.0,0.0,1.0,0.0,0.0,7,0,220.3265380849565,3.984624502259654e-06,0,0.0,0.0003077346471419069,,True,0,1,0.0034,0.0208,0.0367,0.03,0.0543,0.8,0.1162
100000002695812100,peripheral,R7,0.3,8,0.1464,"граница выборки (4-е колено): получил 95 тыс ₸ от 1, исходящие не выгружены — роль не определить",4,False,True,1.0,0.0,95000.0,0.0,1.0,0.0,0.0,7,0,224.25455925299562,4.055663104906458e-06,0,0.0,0.00032255481790608885,,True,0,1,0.0034,0.085,0.0367,0.03,0.0543,0.8,0.1675
100000008761220100,peripheral,R7,0.3,7,0.0967,"граница выборки (4-е колено): получил 10 тыс ₸ от 1, исходящие не выгружены — роль не определить",4,False,True,1.0,0.0,10000.0,0.0,1.0,0.0,0.0,8,0,6.623694689706607,1.197900914955381e-07,0,0.0,0.0002881700501369181,,True,0,1,0.0006,0.0118,0.0367,0.03,0.0839,0.8,0.1304
100000004890713100,peripheral,R7,0.3,8,0.1142,"граница выборки (4-е колено): получил 40 тыс ₸ от 1, исходящие не выгружены — роль не определить",4,False,True,1.0,0.0,40485.0,0.0,1.0,0.0,0.0,7,0,95.56785085639504,1.728352850548821e-06,0,0.0,0.0003020652304998229,,True,0,1,0.0022,0.0562,0.0367,0.03,0.0543,0.8,0.1435
100000003083865100,peripheral,R7,0.3,8,0.0754,"граница выборки (4-е колено): получил 15 тыс ₸ от 1, исходящие не выгружены — роль не определить",4,False,True,1.0,0.0,15000.0,0.0,1.0,0.0,0.0,7,0,35.40861461889405,6.403678586694409e-07,0,0.0,0.0002924866349747621,,True,0,1,0.0014,0.0208,0.0367,0.03,0.0543,0.8,0.1146
100000004030553100,peripheral,R7,0.3,6,0.0918,"граница выборки (4-е колено): получил 70 тыс ₸ от 1, исходящие не выгружены — роль не определить",4,False,True,1.0,0.0,70000.0,0.0,1.0,0.0,0.0,1,0,79.80002275741244,1.443190315264951e-06,0,0.0,0.0005331552426414794,,True,0,1,0.002,0.075,0.0367,0.03,0.0148,0.8,0.1268
100000002653187100,peripheral,R7,0.3,12,0.1095,"граница выборки (4-е колено): получил 15 тыс ₸ от 1, исходящие не выгружены — роль не определить",4,False,True,1.0,0.0,15000.0,0.0,1.0,0.0,0.0,8,0,256.803456717036,4.644312731429173e-06,0,0.0,0.00047534234389121413,,True,0,1,0.0036,0.0208,0.0367,0.03,0.0839,0.8,0.14
100000006412162100,peripheral,R7,0.3,8,0.0318,"граница выборки (4-е колено): получил 15 тыс ₸ от 1, исходящие не выгружены — роль не определить",4,False,True,1.0,0.0,15000.0,0.0,2.0,0.0,0.0,1,0,0.7257741231918287,1.3125687806436937e-08,1,0.0,0.0002949102502231022,,True,0,1,0.0002,0.0208,0.0367,0.03,0.0148,0.8,0.082
100000004674178100,peripheral,R7,0.3,27,0.0853,"граница выборки (4-е колено): получил 20 тыс ₸ от 1, исходящие не выгружены — роль не определить",4,False,True,1.0,0.0,20000.0,0.0,1.0,0.0,0.0,7,0,10.317437496024109,1.8659174970260718e-07,0,0.0,0.0003040958686978951,,True,0,1,0.0007,0.0307,0.0367,0.03,0.0543,0.8,0.1219
100000004070530100,peripheral,R7,0.3,41,0.0849,"граница выборки (4-е колено): получил 20 тыс ₸ от 1, исходящие не выгружены — роль не определить",4,False,True,1.0,0.0,20000.0,0.0,1.0,0.0,0.0,7,0,2.175504527917437,3.934418759565902e-08,0,0.0,0.00028848557212222736,,True,0,1,0.0003,0.0307,0.0367,0.03,0.0543,0.8,0.1216
100000006706519100,peripheral,R7,0.3,1,0.1093,"граница выборки (4-е колено): получил 36 тыс ₸ от 1, исходящие не выгружены — роль не определить",4,False,True,1.0,0.0,36000.0,0.0,3.0,0.0,0.0,7,0,30.47193291864138,5.510875430358394e-07,1,0.0,0.0003924379689056117,,True,0,1,0.0013,0.0525,0.0367,0.03,0.0543,0.8,0.1398
100000005636951100,peripheral,R7,0.3,10,0.0825,"граница выборки (4-е колено): получил 40 тыс ₸ от 1, исходящие не выгружены — роль не определить",4,False,True,1.0,0.0,40000.0,0.0,1.0,0.0,0.0,1,0,3130.0813008130085,5.660779111627073e-05,0,0.0,0.0006382951522473674,,True,0,1,0.0127,0.0556,0.0367,0.03,0.0148,0.8,0.1198
100000003040087100,peripheral,R7,0.3,8,0.1015,"граница выборки (4-е колено): получил 29 тыс ₸ от 1, исходящие не выгружены — роль не определить",4,False,True,1.0,0.0,29000.0,0.0,1.0,0.0,0.0,7,0,68.45665492986183,1.238044526760919e-06,0,0.0,0.00029774856698774427,,True,0,1,0.0019,0.0446,0.0367,0.03,0.0543,0.8,0.134
100000008766764100,peripheral,R7,0.3,7,0.0864,"граница выборки (4-е колено): получил 5 тыс ₸ от 1, исходящие не выгружены — роль не определить",4,False,True,1.0,0.0,5000.0,0.0,1.0,0.0,0.0,8,0,3.3118473448533035,5.989504574776905e-08,0,0.0,0.00028750945040602826,,True,0,1,0.0004,0.0024,0.0367,0.03,0.0839,0.8,0.1227
100000000299820100,peripheral,R7,0.3,6,0.0663,"граница выборки (4-е колено): получил 10 тыс ₸ от 1, исходящие не выгружены — роль не определить",4,False,True,1.0,0.0,10000.0,0.0,1.0,0.0,0.0,7,0,66.51503710631663,1.2029302004479485e-06,0,0.0,0.00045214259963337317,,True,0,1,0.0019,0.0118,0.0367,0.03,0.0543,0.8,0.1078
100000008349740100,peripheral,R7,0.3,37,0.1324,"граница выборки (4-е колено): получил 70 тыс ₸ от 1, исходящие не выгружены — роль не определить",4,False,True,1.0,0.0,70000.0,0.0,2.0,0.0,0.0,7,0,3.3829844348876903,6.118156617528637e-08,1,0.0,0.0002938341959492768,,True,0,1,0.0004,0.075,0.0367,0.03,0.0543,0.8,0.1571
100000008761132100,peripheral,R7,0.3,7,0.0967,"граница выборки (4-е колено): получил 10 тыс ₸ от 1, исходящие не выгружены — роль не определить",4,False,True,1.0,0.0,10000.0,0.0,1.0,0.0,0.0,8,0,6.623694689706607,1.197900914955381e-07,0,0.0,0.0002881700501369181,,True,0,1,0.0006,0.0118,0.0367,0.03,0.0839,0.8,0.1304
100000002540033100,peripheral,R7,0.3,18,0.1053,"граница выборки (4-е колено): получил 10 тыс ₸ от 1, исходящие не выгружены — роль не определить",4,False,True,1.0,0.0,10000.0,0.0,1.0,0.0,0.0,9,0,53.54174753602754,9.683071362179341e-07,0,0.0,0.0005986691957838233,,True,0,1,0.0017,0.0118,0.0367,0.03,0.0909,0.8,0.1369
100000001845505100,peripheral,R7,0.3,6,0.0878,"граница выборки (4-е колено): получил 20 тыс ₸ от 1, исходящие не выгружены — роль не определить",4,False,True,1.0,0.0,20000.0,0.0,1.0,0.0,0.0,7,0,178.3065562133062,3.2246894948583993e-06,0,0.0,0.0005949335340785998,,True,0,1,0.003,0.0307,0.0367,0.03,0.0543,0.8,0.1238
100000003782913100,peripheral,R7,0.3,15,0.1669,"граница выборки (4-е колено): получил 200 тыс ₸ от 1, исходящие не выгружены — роль не определить",4,False,True,1.0,0.0,200000.0,0.0,1.0,0.0,0.0,7,0,20.761818845798643,3.754792899825173e-07,0,0.0,0.00030073738213747366,,True,0,1,0.001,0.1066,0.0367,0.03,0.0543,0.8,0.1829
100000008778753100,peripheral,R7,0.3,27,0.0648,"граница выборки (4-е колено): получил 10 тыс ₸ от 1, исходящие не выгружены — роль не определить",4,False,True,1.0,0.0,10000.0,0.0,1.0,0.0,0.0,7,0,5.158718748012054,9.329587485130359e-08,0,0.0,0.00029547235968651676,,True,0,1,0.0005,0.0118,0.0367,0.03,0.0543,0.8,0.1066
100000008710913100,peripheral,R7,0.3,7,0.1036,"граница выборки (4-е колено): получил 14 тыс ₸ от 1, исходящие не выгружены — роль не определить",4,False,True,1.0,0.0,14000.0,0.0,1.0,0.0,0.0,8,0,2.0595064763903905,3.724635279851433e-08,0,0.0,0.0002894015760989904,,True,0,1,0.0003,0.0186,0.0367,0.03,0.0839,0.8,0.1356
100000005495211100,peripheral,R7,0.3,1,0.0757,"граница выборки (4-е колено): получил 14 тыс ₸ от 1, исходящие не выгружены — роль не определить",4,False,True,1.0,0.0,14500.0,0.0,1.0,0.0,0.0,7,0,175.8910642439415,3.18100511362226e-06,0,0.0,0.0005623945621466788,,True,0,1,0.003,0.0194,0.0367,0.03,0.0543,0.8,0.1147
100000004013952100,peripheral,R7,0.3,1,0.0578,"граница выборки (4-е колено): получил 6 тыс ₸ от 1, исходящие не выгружены — роль не определить",4,False,True,1.0,0.0,5500.0,0.0,1.0,0.0,0.0,7,0,26.674783301427382,4.824157637077285e-07,0,0.0,0.0005354750926490612,,True,0,1,0.0012,0.0045,0.0367,0.03,0.0543,0.8,0.1014
100000007330432100,peripheral,R7,0.3,49,0.1995,"граница выборки (4-е колено): получил 585 тыс ₸ от 1, исходящие не выгружены — роль не определить",4,False,True,1.0,0.0,584900.0,0.0,1.0,0.0,0.0,7,0,632.1517323907639,1.143251876929532e-05,0,0.0,0.000540525295317474,,True,0,1,0.0057,0.1323,0.0367,0.03,0.0543,0.8,0.2072
100000000737152100,peripheral,R7,0.3,1,0.109,"граница выборки (4-е колено): получил 35 тыс ₸ от 1, исходящие не выгружены — роль не определить",4,False,True,1.0,0.0,35000.0,0.0,1.0,0.0,0.0,7,0,75.0427961881409,1.35715546120025e-06,0,0.0,0.00034603341131449075,,True,0,1,0.002,0.0515,0.0367,0.03,0.0543,0.8,0.1396
100000004674389100,peripheral,R7,0.3,11,0.1078,"граница выборки (4-е колено): получил 15 тыс ₸ от 1, исходящие не выгружены — роль не определить",4,False,True,1.0,0.0,15000.0,0.0,1.0,0.0,0.0,8,0,75.63189404988795,1.3678093469942569e-06,0,0.0,0.000353579041771984,,True,0,1,0.002,0.0208,0.0367,0.03,0.0839,0.8,0.1387
100000002529877100,peripheral,R7,0.3,13,0.2017,"граница выборки (4-е колено): получил 232 тыс ₸ от 1, исходящие не выгружены — роль не определить",4,False,True,1.0,0.0,232000.0,0.0,1.0,0.0,0.0,8,0,0.9352052237219087,1.6913267377925428e-08,0,0.0,0.0003072001353201497,,True,0,1,0.0002,0.1102,0.0367,0.03,0.0839,0.8,0.2088
100000004035925100,peripheral,R7,0.3,66,0.2049,"граница выборки (4-е колено): получил 1,1 млн ₸ от 1, исходящие не выгружены — роль не определить",4,False,True,1.0,0.0,1111588.0,0.0,2.0,0.0,0.0,7,0,141.42001341636734,2.557593177229799e-06,1,0.0,0.00046444598509808423,,True,0,1,0.0027,0.1403,0.0367,0.03,0.0543,0.8,0.2112
100000002188586100,peripheral,R7,0.3,8,0.1121,"граница выборки (4-е колено): получил 38 тыс ₸ от 1, исходящие не выгружены — роль не определить",4,False,True,1.0,0.0,38310.0,0.0,1.0,0.0,0.0,7,0,90.43360173665539,1.6354995110417518e-06,0,0.0,0.0003012477517763774,,True,0,1,0.0022,0.0542,0.0367,0.03,0.0543,0.8,0.1419
100000008050986100,peripheral,R7,0.3,5,0.1446,"граница выборки (4-е колено): получил 95 тыс ₸ от 1, исходящие не выгружены — роль не определить",4,False,True,1.0,0.0,95000.0,0.0,2.0,0.0,0.0,7,0,53.120082482836835,9.606812872516945e-07,1,0.0,0.00031319903970008,,True,0,1,0.0017,0.085,0.0367,0.03,0.0543,0.8,0.1662
100000004777215100,peripheral,R7,0.3,21,0.1335,"граница выборки (4-е колено): получил 60 тыс ₸ от 1, исходящие не выгружены — роль не определить",4,False,True,1.0,0.0,60000.0,0.0,1.0,0.0,0.0,7,0,516.5342846247078,9.34156722409511e-06,0,0.0,0.00046718020289388527,,True,0,1,0.0052,0.0712,0.0367,0.03,0.0543,0.8,0.1579
100000000926078100,peripheral,R7,0.3,6,0.1816,"граница выборки (4-е колено): получил 250 тыс ₸ от 1, исходящие не выгружены — роль не определить",4,False,True,1.0,0.0,250000.0,0.0,1.0,0.0,0.0,7,0,1484.8392129728272,2.685344562372279e-05,0,0.0,0.0005188088149532335,,True,0,1,0.0087,0.1126,0.0367,0.03,0.0543,0.8,0.1938
100000003486846100,peripheral,R7,0.3,4,0.1,"граница выборки (4-е колено): получил 27 тыс ₸ от 1, исходящие не выгружены — роль не определить",4,False,True,1.0,0.0,27000.0,0.0,2.0,0.0,0.0,7,0,104.32239086998881,1.8866794640715524e-06,1,0.0,0.0005334629102066386,,True,0,1,0.0023,0.0428,0.0367,0.03,0.0543,0.8,0.1329
100000002516862100,peripheral,R7,0.3,61,0.1379,"граница выборки (4-е колено): получил 82 тыс ₸ от 1, исходящие не выгружены — роль не определить",4,False,True,1.0,0.0,81710.0,0.0,5.0,0.0,0.0,7,0,52.696604180977076,9.530226455264064e-07,1,0.0,0.00035098988379035254,,True,0,1,0.0016,0.0789,0.0367,0.03,0.0543,0.8,0.1612
100000008730238100,peripheral,R7,0.3,7,0.1824,"граница выборки (4-е колено): получил 113 тыс ₸ от 1, исходящие не выгружены — роль не определить",4,False,True,1.0,0.0,113000.0,0.0,1.0,0.0,0.0,8,0,41.22434392412659,7.455458262876837e-07,0,0.0,0.0005656901911760248,,True,0,1,0.0015,0.0909,0.0367,0.03,0.0839,0.8,0.1944
100000000803368100,peripheral,R7,0.3,15,0.1566,"граница выборки (4-е колено): получил 140 тыс ₸ от 1, исходящие не выгружены — роль не определить",4,False,True,1.0,0.0,139503.0,0.0,1.0,0.0,0.0,7,0,154.24466999378362,2.789528200925102e-06,0,0.0,0.0005505683576775047,,True,0,1,0.0028,0.0951,0.0367,0.03,0.0543,0.8,0.1751
100000002528978100,peripheral,R7,0.3,8,0.078,"граница выборки (4-е колено): получил 16 тыс ₸ от 1, исходящие не выгружены — роль не определить",4,False,True,1.0,0.0,15900.0,0.0,1.0,0.0,0.0,7,0,37.53313149602769,6.787899301896073e-07,0,0.0,0.0002928249020327396,,True,0,1,0.0014,0.0232,0.0367,0.03,0.0543,0.8,0.1165
100000002597074100,peripheral,R7,0.3,1,0.0615,"граница выборки (4-е колено): получил 8 тыс ₸ от 1, исходящие не выгружены — роль не определить",4,False,True,1.0,0.0,8000.0,0.0,1.0,0.0,0.0,7,0,32.716486267902916,5.916804845390905e-07,0,0.0,0.00031181326024781687,,True,0,1,0.0013,0.0079,0.0367,0.03,0.0543,0.8,0.1042
100000003631015100,peripheral,R7,0.3,39,0.1739,"граница выборки (4-е колено): получил 266 тыс ₸ от 1, исходящие не выгружены — роль не определить",4,False,True,1.0,0.0,266000.0,0.0,1.0,0.0,0.0,7,0,1.2258737955790175,2.2170033646417604e-08,0,0.0,0.0003236870306495181,,True,0,1,0.0003,0.1138,0.0367,0.03,0.0543,0.8,0.1881
100000008255655100,peripheral,R7,0.3,17,0.0577,"граница выборки (4-е колено): получил 5 тыс ₸ от 1, исходящие не выгружены — роль не определить",4,False,True,1.0,0.0,5400.0,0.0,1.0,0.0,0.0,7,0,41.20769304194821,7.452446936429787e-07,0,0.0,0.000533519628047031,,True,0,1,0.0015,0.0041,0.0367,0.03,0.0543,0.8,0.1013
100000004265639100,peripheral,R7,0.3,6,0.0663,"граница выборки (4-е колено): получил 10 тыс ₸ от 1, исходящие не выгружены — роль не определить",4,False,True,1.0,0.0,10000.0,0.0,1.0,0.0,0.0,7,0,66.51503710631663,1.2029302004479485e-06,0,0.0,0.0005547248904262286,,True,0,1,0.0019,0.0118,0.0367,0.03,0.0543,0.8,0.1078
100000002726055100,peripheral,R7,0.3,21,0.0679,"граница выборки (4-е колено): получил 10 тыс ₸ от 1, исходящие не выгружены — роль не определить",4,False,True,1.0,0.0,10000.0,0.0,1.0,0.0,0.0,7,0,225.66778749307667,4.081221459890191e-06,0,0.0,0.00034152108536753147,,True,0,1,0.0034,0.0118,0.0367,0.03,0.0543,0.8,0.109
100000003696422100,peripheral,R7,0.3,32,0.1557,"граница выборки (4-е колено): получил 118 тыс ₸ от 1, исходящие не выгружены — роль не определить",4,False,True,1.0,0.0,118000.0,0.0,2.0,0.0,0.0,7,0,542.4937057412436,9.811045600801324e-06,1,0.0,0.0007114053244004059,,True,0,1,0.0053,0.0918,0.0367,0.03,0.0543,0.8,0.1745
100000007745062100,peripheral,R7,0.3,12,0.2022,"граница выборки (4-е колено): получил 100 тыс ₸ от 1, исходящие не выгружены — роль не определить",4,False,True,1.0,0.0,100000.0,0.0,1.0,0.0,0.0,9,0,5554.395797742266,0.00010045172852667373,0,0.0,0.000627956797946691,,True,0,1,0.0169,0.087,0.0367,0.03,0.0909,0.8,0.2092
100000005041147100,peripheral,R7,0.3,1,0.067,"граница выборки (4-е колено): получил 10 тыс ₸ от 1, исходящие не выгружены — роль не определить",4,False,True,1.0,0.0,10000.0,0.0,1.0,0.0,0.0,7,0,121.30418223720103,2.193796630084317e-06,0,0.0,0.0005360977425857718,,True,0,1,0.0025,0.0118,0.0367,0.03,0.0543,0.8,0.1082
100000003819173100,peripheral,R7,0.3,6,0.1551,"граница выборки (4-е колено): получил 144 тыс ₸ от 1, исходящие не выгружены — роль не определить",4,False,True,1.0,0.0,143777.0,0.0,1.0,0.0,0.0,7,0,6.153383572491553,1.1128447425292701e-07,0,0.0,0.0002965298891679563,,True,0,1,0.0006,0.0959,0.0367,0.03,0.0543,0.8,0.174
100000001275557100,peripheral,R7,0.3,22,0.0893,"граница выборки (4-е колено): получил 20 тыс ₸ от 1, исходящие не выгружены — роль не определить",4,False,True,1.0,0.0,20000.0,0.0,1.0,0.0,0.0,7,0,377.0204115607523,6.818446760043591e-06,0,0.0,0.00034909428805265133,,True,0,1,0.0044,0.0307,0.0367,0.03,0.0543,0.8,0.1249
100000002706810100,peripheral,R7,0.3,8,0.0732,"граница выборки (4-е колено): получил 45 тыс ₸ от 1, исходящие не выгружены — роль не определить",4,False,True,1.0,0.0,45000.0,0.0,1.0,0.0,0.0,1,0,2.177322369575486,3.937706341931081e-08,0,0.0,0.00031103304931902993,,True,0,1,0.0003,0.0593,0.0367,0.03,0.0148,0.8,0.1129
100000002896506100,peripheral,R7,0.3,5,0.1171,"граница выборки (4-е колено): получил 45 тыс ₸ от 1, исходящие не выгружены — роль не определить",4,False,True,1.0,0.0,45000.0,0.0,1.0,0.0,0.0,7,0,66.15133953953702,1.1963526984883643e-06,0,0.0,0.0003150275214734872,,True,0,1,0.0018,0.0593,0.0367,0.03,0.0543,0.8,0.1457
100000008766031100,peripheral,R7,0.3,7,0.0862,"граница выборки (4-е колено): получил 5 тыс ₸ от 1, исходящие не выгружены — роль не определить",4,False,True,1.0,0.0,5000.0,0.0,1.0,0.0,0.0,8,0,0.7355380272822825,1.3302268856612263e-08,0,0.0,0.0002877605383265141,,True,0,1,0.0002,0.0024,0.0367,0.03,0.0839,0.8,0.1226
100000008758607100,peripheral,R7,0.3,7,0.0864,"граница выборки (4-е колено): получил 5 тыс ₸ от 1, исходящие не выгружены — роль не определить",4,False,True,1.0,0.0,5000.0,0.0,1.0,0.0,0.0,8,0,3.3118473448533035,5.989504574776905e-08,0,0.0,0.00028750945040602826,,True,0,1,0.0004,0.0024,0.0367,0.03,0.0839,0.8,0.1227
100000008648783100,peripheral,R7,0.3,8,0.0134,"граница выборки (4-е колено): получил 5 тыс ₸ от 1, исходящие не выгружены — роль не определить",4,False,True,1.0,0.0,5200.0,0.0,1.0,0.0,0.0,1,0,0.2516016960398339,4.550238439564804e-09,0,0.0,0.00028964346918509916,,True,0,1,0.0001,0.0037,0.0367,0.03,0.0148,0.8,0.0682
100000004291663100,peripheral,R7,0.3,1,0.0941,"граница выборки (4-е колено): получил 25 тыс ₸ от 1, исходящие не выгружены — роль не определить",4,False,True,1.0,0.0,25000.0,0.0,1.0,0.0,0.0,7,0,5.069838376220716,9.168846563819666e-08,0,0.0,0.0003125594556156997,,True,0,1,0.0005,0.0391,0.0367,0.03,0.0543,0.8,0.1285
100000003037476100,consolidator,R3,0.413,7,0.4693,получает 555 тыс ₸ от 3 плательщиков; 4-е колено: исходящие не выгружены — признаки консолидации,4,False,True,3.0,0.0,555000.0,0.0,3.0,0.0,0.0,8,0,259.41472116739993,4.691537674920945e-06,0,0.0,0.0003609501910425201,,True,0,2,0.0037,0.1315,0.0367,0.255,0.0839,0.8,0.4086
100000008715513100,peripheral,R7,0.3,8,0.0628,"граница выборки (4-е колено): получил 32 тыс ₸ от 1, исходящие не выгружены — роль не определить",4,False,True,1.0,0.0,32500.0,0.0,1.0,0.0,0.0,1,0,1.572510600248962,2.8438990247280027e-08,0,0.0,0.0003043152163623934,,True,0,1,0.0003,0.0496,0.0367,0.03,0.0148,0.8,0.1051
100000001276409100,peripheral,R7,0.3,8,0.1461,"граница выборки (4-е колено): получил 95 тыс ₸ от 1, исходящие не выгружены — роль не определить",4,False,True,1.0,0.0,94760.0,0.0,1.0,0.0,0.0,7,0,223.68802141909333,4.045417219167747e-06,0,0.0,0.00032246461335729487,,True,0,1,0.0034,0.0847,0.0367,0.03,0.0543,0.8,0.1673
100000003232675100,peripheral,R7,0.3,14,0.1165,"граница выборки (4-е колено): получил 44 тыс ₸ от 1, исходящие не выгружены — роль не определить",4,False,True,1.0,0.0,44000.0,0.0,2.0,0.0,0.0,7,0,124.33531687967303,2.2486149623243706e-06,1,0.0,0.00040281521597329117,,True,0,1,0.0025,0.058,0.0367,0.03,0.0543,0.8,0.1452
100000007988344100,peripheral,R7,0.3,1,0.0866,"граница выборки (4-е колено): получил 20 тыс ₸ от 1, исходящие не выгружены — роль не определить",4,False,True,1.0,0.0,20000.0,0.0,3.0,0.0,0.0,7,0,68.81438081365027,1.2445140303169832e-06,1,0.0,0.00038917124518056363,,True,0,1,0.0019,0.0307,0.0367,0.03,0.0543,0.8,0.1229
100000003047800100,peripheral,R7,0.3,13,0.0272,"граница выборки (4-е колено): получил 12 тыс ₸ от 1, исходящие не выгружены — роль не определить",4,False,True,1.0,0.0,12212.0,0.0,1.0,0.0,0.0,1,0,8.046928249678874,1.455293935550885e-07,0,0.0,0.00037622859250056195,,True,0,1,0.0006,0.0161,0.0367,0.03,0.0148,0.8,0.0786
100000003230328100,consolidator,R3,0.413,1,0.3397,получает 27 тыс ₸ от 3 плательщиков; 4-е колено: исходящие не выгружены — признаки консолидации,4,False,True,3.0,0.0,26572.0,0.0,3.0,0.0,0.0,7,0,52.61988210260405,9.516351201016137e-07,0,0.0,0.0003532413930268186,,True,0,1,0.0016,0.0422,0.0367,0.255,0.0543,0.8,0.3118
100000002702968100,peripheral,R7,0.3,8,0.106,"граница выборки (4-е колено): получил 32 тыс ₸ от 1, исходящие не выгружены — роль не определить",4,False,True,1.0,0.0,31600.0,0.0,1.0,0.0,0.0,7,0,74.59414813047013,1.3490416222636222e-06,0,0.0,0.00029872578293301243,,True,0,1,0.002,0.0487,0.0367,0.03,0.0543,0.8,0.1374
100000004788983100,peripheral,R7,0.3,1,0.1001,"граница выборки (4-е колено): получил 27 тыс ₸ от 1, исходящие не выгружены — роль не определить",4,False,True,1.0,0.0,27000.0,0.0,1.0,0.0,0.0,7,0,110.41814115417235,1.9969216353194306e-06,0,0.0,0.0003711037329829284,,True,0,1,0.0024,0.0428,0.0367,0.03,0.0543,0.8,0.133
100000006490615100,peripheral,R7,0.3,14,0.1153,"граница выборки (4-е колено): получил 42 тыс ₸ от 1, исходящие не выгружены — роль не определить",4,False,True,1.0,0.0,41600.0,0.0,6.0,0.0,0.0,7,0,117.55339050441813,2.125963237106678e-06,1,0.0,0.0003964897778661192,,True,0,1,0.0025,0.0569,0.0367,0.03,0.0543,0.8,0.1443
100000008745676100,peripheral,R7,0.3,2,0.0647,"граница выборки (4-е колено): получил 35 тыс ₸ от 1, исходящие не выгружены — роль не определить",4,False,True,1.0,0.0,34547.0,0.0,1.0,0.0,0.0,1,0,8.688437940848273,1.5713115181847557e-07,0,0.0,0.0005326470887004865,,True,0,1,0.0007,0.051,0.0367,0.03,0.0148,0.8,0.1066
100000001598625100,peripheral,R7,0.3,6,0.0967,"граница выборки (4-е колено): получил 25 тыс ₸ от 1, исходящие не выгружены — роль не определить",4,False,True,1.0,0.0,25000.0,0.0,1.0,0.0,0.0,7,0,166.28759276579157,3.0073255011198717e-06,0,0.0,0.0004307604037600737,,True,0,1,0.0029,0.0391,0.0367,0.03,0.0543,0.8,0.1304
100000008461217100,peripheral,R7,0.3,53,0.1294,"граница выборки (4-е колено): получил 18 тыс ₸ от 1, исходящие не выгружены — роль не определить",4,False,True,1.0,0.0,18000.0,0.0,1.0,0.0,0.0,10,0,217.3913043478261,3.931540546189327e-06,0,0.0,0.0005479716592571175,,True,0,1,0.0033,0.0275,0.0367,0.03,0.0961,0.8,0.1549
100000005711521100,peripheral,R7,0.3,14,0.1739,"граница выборки (4-е колено): получил 238 тыс ₸ от 1, исходящие не выгружены — роль не определить",4,False,True,1.0,0.0,238000.0,0.0,1.0,0.0,0.0,7,0,180.24190088987424,3.259690370765582e-06,0,0.0,0.0005361799863213344,,True,0,1,0.003,0.1111,0.0367,0.03,0.0543,0.8,0.1881
100000002713974100,peripheral,R7,0.3,6,0.1219,"граница выборки (4-е колено): получил 50 тыс ₸ от 1, исходящие не выгружены — роль не определить",4,False,True,1.0,0.0,50000.0,0.0,1.0,0.0,0.0,7,0,33.621633468586495,6.08050149969974e-07,0,0.0,0.0003314167722143408,,True,0,1,0.0013,0.0643,0.0367,0.03,0.0543,0.8,0.1493
100000005272139100,peripheral,R7,0.3,4,0.1737,"граница выборки (4-е колено): получил 165 тыс ₸ от 1, исходящие не выгружены — роль не определить",4,False,True,1.0,0.0,165000.0,0.0,1.0,0.0,0.0,7,0,3188.8426541141685,5.767049527431207e-05,0,0.0,0.0007587480153171224,,True,0,1,0.0128,0.1011,0.0367,0.03,0.0543,0.8,0.1879
100000002968096100,peripheral,R7,0.3,6,0.1332,"граница выборки (4-е колено): получил 70 тыс ₸ от 1, исходящие не выгружены — роль не определить",4,False,True,1.0,0.0,70000.0,0.0,1.0,0.0,0.0,7,0,25.642981038421755,4.6375553051750844e-07,0,0.0,0.00032090597213802445,,True,0,1,0.0011,0.075,0.0367,0.03,0.0543,0.8,0.1577
100000004449824100,peripheral,R7,0.3,8,0.0191,"граница выборки (4-е колено): получил 9 тыс ₸ от 1, исходящие не выгружены — роль не определить",4,False,True,1.0,0.0,9000.0,0.0,1.0,0.0,0.0,1,0,0.4354644739150972,7.875412683862161e-09,0,0.0,0.0002916856904039167,,True,0,1,0.0001,0.009,0.0367,0.03,0.0148,0.8,0.0725
100000004502048100,peripheral,R7,0.3,19,0.0736,"граница выборки (4-е колено): получил 14 тыс ₸ от 1, исходящие не выгружены — роль не определить",4,False,True,1.0,0.0,13888.0,0.0,1.0,0.0,0.0,7,0,103.02363102483986,1.8631912799131104e-06,0,0.0,0.0003412241622094061,,True,0,1,0.0023,0.0182,0.0367,0.03,0.0543,0.8,0.1132
100000002660298100,peripheral,R7,0.3,8,0.1049,"граница выборки (4-е колено): получил 31 тыс ₸ от 1, исходящие не выгружены — роль не определить",4,False,True,1.0,0.0,30900.0,0.0,1.0,0.0,0.0,7,0,72.94174611492174,1.319157788859048e-06,0,0.0,0.00029846268633236333,,True,0,1,0.0019,0.0478,0.0367,0.03,0.0543,0.8,0.1366
100000001299828100,peripheral,R7,0.3,1,0.1502,"граница выборки (4-е колено): получил 100 тыс ₸ от 1, исходящие не выгружены — роль не определить",4,False,True,1.0,0.0,100000.0,0.0,1.0,0.0,0.0,7,0,484.9960600259525,8.771195703776882e-06,0,0.0,0.000549649801269113,,True,0,1,0.005,0.087,0.0367,0.03,0.0543,0.8,0.1704
100000000581662100,peripheral,R7,0.3,13,0.0602,"граница выборки (4-е колено): получил 21 тыс ₸ от 1, исходящие не выгружены — роль не определить",4,False,True,1.0,0.0,21160.0,0.0,1.0,0.0,0.0,2,0,6.786950064616291,1.227425790744056e-07,0,0.0,0.0003042696751806581,,True,0,1,0.0006,0.0336,0.0367,0.03,0.0281,0.8,0.1032
100000001249054100,peripheral,R7,0.3,8,0.0811,"граница выборки (4-е колено): получил 17 тыс ₸ от 1, исходящие не выгружены — роль не определить",4,False,True,1.0,0.0,17375.0,0.0,1.0,0.0,0.0,7,0,41.01497860021894,7.417594362921023e-07,0,0.0,0.0002933792841555359,,True,0,1,0.0015,0.026,0.0367,0.03,0.0543,0.8,0.1188
100000008759795100,peripheral,R7,0.3,8,0.0362,"граница выборки (4-е колено): получил 17 тыс ₸ от 1, исходящие не выгружены — роль не определить",4,False,True,1.0,0.0,17000.0,0.0,1.0,0.0,0.0,1,0,0.8225440062840724,1.4875779513961862e-08,0,0.0,0.000295985103496164,,True,0,1,0.0002,0.0249,0.0367,0.03,0.0148,0.8,0.0853
100000001299443100,peripheral,R7,0.3,8,0.0179,"граница выборки (4-е колено): получил 8 тыс ₸ от 1, исходящие не выгружены — роль не определить",4,False,True,1.0,0.0,8000.0,0.0,1.0,0.0,0.0,1,0,0.38707953236897524,7.000366830099699e-09,0,0.0,0.0002911482637673858,,True,0,1,0.0001,0.0079,0.0367,0.03,0.0148,0.8,0.0716
100000007997939100,peripheral,R7,0.3,7,0.1111,"граница выборки (4-е колено): получил 13 тыс ₸ от 1, исходящие не выгружены — роль не определить",4,False,True,1.0,0.0,13000.0,0.0,1.0,0.0,0.0,9,0,49.331887493600355,8.921714531452439e-07,0,0.0,0.0003595468864431238,,True,0,1,0.0016,0.0173,0.0367,0.03,0.0909,0.8,0.1412
100000003470579100,peripheral,R7,0.3,26,0.1839,"граница выборки (4-е колено): получил 357 тыс ₸ от 1, исходящие не выгружены — роль не определить",4,False,True,1.0,0.0,357000.0,0.0,2.0,0.0,0.0,7,0,115.21053650873341,2.0835925199086312e-06,1,0.0,0.0005709513048242393,,True,0,1,0.0024,0.121,0.0367,0.03,0.0543,0.8,0.1955
100000008649416100,peripheral,R7,0.3,17,0.0553,"граница выборки (4-е колено): получил 5 тыс ₸ от 1, исходящие не выгружены — роль не определить",4,False,True,1.0,0.0,5000.0,0.0,1.0,0.0,0.0,7,0,18.79914506903959,3.399841649340718e-07,0,0.0,0.0005360635952586406,,True,0,1,0.001,0.0024,0.0367,0.03,0.0543,0.8,0.0995
100000008183752100,peripheral,R7,0.3,18,0.1859,"граница выборки (4-е колено): получил 140 тыс ₸ от 1, исходящие не выгружены — роль не определить",4,False,True,1.0,0.0,140000.0,0.0,1.0,0.0,0.0,8,0,3.491747265386912,6.3148551374206e-08,0,0.0,0.0005325122329931624,,True,0,1,0.0004,0.0953,0.0367,0.03,0.0839,0.8,0.197
100000003950749100,peripheral,R7,0.3,4,0.0654,"граница выборки (4-е колено): получил 7 тыс ₸ от 1, исходящие не выгружены — роль не определить",4,False,True,1.0,0.0,7000.0,0.0,1.0,0.0,0.0,7,0,669.6569573639752,1.2110804007605531e-05,0,0.0,0.0003858960099029355,,True,0,1,0.0059,0.0069,0.0367,0.03,0.0543,0.8,0.107
100000005979037100,peripheral,R7,0.3,6,0.1303,"граница выборки (4-е колено): получил 60 тыс ₸ от 1, исходящие не выгружены — роль не определить",4,False,True,1.0,0.0,60300.0,0.0,1.0,0.0,0.0,7,0,54.4980391932896,9.856017535706724e-07,0,0.0,0.0003262927144564958,,True,0,1,0.0017,0.0717,0.0367,0.03,0.0543,0.8,0.1555
100000008734279100,peripheral,R7,0.3,6,0.1046,"граница выборки (4-е колено): получил 32 тыс ₸ от 1, исходящие не выгружены — роль не определить",4,False,True,1.0,0.0,31650.0,0.0,1.0,0.0,0.0,7,0,8.166879505635674,1.4769872239634678e-07,0,0.0,0.0003026792800913577,,True,0,1,0.0006,0.0488,0.0367,0.03,0.0543,0.8,0.1363
100000005589319100,peripheral,R7,0.3,3,0.0959,"граница выборки (4-е колено): получил 26 тыс ₸ от 1, исходящие не выгружены — роль не определить",4,False,True,1.0,0.0,26000.0,0.0,1.0,0.0,0.0,7,0,5.966915638849897,1.0791218554121598e-07,0,0.0,0.0003113390696856088,,True,0,1,0.0006,0.0407,0.0367,0.03,0.0543,0.8,0.1298
100000003626268100,peripheral,R7,0.3,6,0.0556,"граница выборки (4-е колено): получил 5 тыс ₸ от 1, исходящие не выгружены — роль не определить",4,False,True,1.0,0.0,5000.0,0.0,1.0,0.0,0.0,7,0,33.257518553158306,6.014651002239742e-07,0,0.0,0.0005332156666387608,,True,0,1,0.0013,0.0024,0.0367,0.03,0.0543,0.8,0.0998
100000001220124100,peripheral,R7,0.3,6,0.1154,"граница выборки (4-е колено): получил 40 тыс ₸ от 1, исходящие не выгружены — роль не определить",4,False,True,1.0,0.0,40000.0,0.0,1.0,0.0,0.0,7,0,292.7502402320591,5.29441342114343e-06,0,0.0,0.0005419141070387549,,True,0,1,0.0039,0.0556,0.0367,0.03,0.0543,0.8,0.1444
100000003904497100,peripheral,R7,0.3,7,0.105,"граница выборки (4-е колено): получил 10 тыс ₸ от 1, исходящие не выгружены — роль не определить",4,False,True,1.0,0.0,10000.0,0.0,1.0,0.0,0.0,9,0,37.947605764307966,6.862857331886492e-07,0,0.0,0.0003427704166505118,,True,0,1,0.0014,0.0118,0.0367,0.03,0.0909,0.8,0.1366
100000001270470100,peripheral,R7,0.3,1,0.1008,"граница выборки (4-е колено): получил 28 тыс ₸ от 1, исходящие не выгружены — роль не определить",4,False,True,1.0,0.0,28300.0,0.0,2.0,0.0,0.0,7,0,97.37234885131514,1.760987352898531e-06,1,0.0,0.00043163503890031514,,True,0,1,0.0022,0.0437,0.0367,0.03,0.0543,0.8,0.1335
100000003091142100,peripheral,R7,0.3,1,0.1143,"граница выборки (4-е колено): получил 40 тыс ₸ от 1, исходящие не выгружены — роль не определить",4,False,True,1.0,0.0,40000.0,0.0,1.0,0.0,0.0,7,0,163.58243133951459,2.958402422695453e-06,0,0.0,0.00041167089853853095,,True,0,1,0.0029,0.0556,0.0367,0.03,0.0543,0.8,0.1436
100000001053894100,peripheral,R7,0.3,41,0.2112,"граница выборки (4-е колено): получил 2,0 млн ₸ от 1, исходящие не выгружены — роль не определить",4,False,True,1.0,0.0,2000000.0,0.0,7.0,0.0,0.0,7,0,217.5504527917437,3.934418759565903e-06,1,0.0,0.0004505209953840362,,True,0,1,0.0033,0.1456,0.0367,0.03,0.0543,0.8,0.2159
100000004722630100,peripheral,R7,0.3,54,0.1894,"граница выборки (4-е колено): получил 340 тыс ₸ от 1, исходящие не выгружены — роль не определить",4,False,True,1.0,0.0,340000.0,0.0,2.0,0.0,0.0,7,0,1631.8553297369099,2.951224481412875e-05,1,0.0,0.0004942926421165502,,True,0,1,0.0092,0.1194,0.0367,0.03,0.0543,0.8,0.1997
100000004655046100,peripheral,R7,0.3,8,0.1318,"граница выборки (4-е колено): получил 24 тыс ₸ от 1, исходящие не выгружены — роль не определить",4,False,True,1.0,0.0,24000.0,0.0,1.0,0.0,0.0,9,0,19.340522095380656,3.4977501529131424e-07,0,0.0,0.0005599393884220693,,True,0,1,0.001,0.0372,0.0367,0.03,0.0909,0.8,0.1566
100000004019056100,peripheral,R7,0.3,14,0.1256,"граница выборки (4-е колено): получил 50 тыс ₸ от 1, исходящие не выгружены — роль не определить",4,False,True,1.0,0.0,50000.0,0.0,1.0,0.0,0.0,7,0,422.92011492973006,7.648546866368306e-06,0,0.0,0.000543284890318607,,True,0,1,0.0047,0.0643,0.0367,0.03,0.0543,0.8,0.152
100000008071749100,peripheral,R7,0.3,8,0.0944,"граница выборки (4-е колено): получил 25 тыс ₸ от 1, исходящие не выгружены — роль не определить",4,False,True,1.0,0.0,24943.0,0.0,1.0,0.0,0.0,7,0,58.87980496260495,1.0648463665861242e-06,0,0.0,0.0002962237342608394,,True,0,1,0.0017,0.0382,0.0367,0.03,0.0543,0.8,0.1287
100000008221765100,peripheral,R7,0.3,5,0.1617,"граница выборки (4-е колено): получил 156 тыс ₸ от 1, исходящие не выгружены — роль не определить",4,False,True,1.0,0.0,156354.0,0.0,1.0,0.0,0.0,7,0,186.89963663674558,3.3800960977249206e-06,0,0.0,0.000542801136832251,,True,0,1,0.0031,0.0996,0.0367,0.03,0.0543,0.8,0.179
100000008778010100,peripheral,R7,0.3,2,0.0929,"граница выборки (4-е колено): получил 77 тыс ₸ от 1, исходящие не выгружены — роль не определить",4,False,True,1.0,0.0,76950.0,0.0,2.0,0.0,0.0,1,0,5.28283607110851,9.55405473771993e-08,1,0.0,0.0005319634725532234,,True,0,1,0.0005,0.0775,0.0367,0.03,0.0148,0.8,0.1276
100000004584730100,peripheral,R7,0.3,48,0.1177,"граница выборки (4-е колено): получил 47 тыс ₸ от 1, исходящие не выгружены — роль не определить",4,False,True,1.0,0.0,47000.0,0.0,1.0,0.0,0.0,7,0,6.907498229817961,1.2492270307099745e-07,0,0.0,0.00030519999828623154,,True,0,1,0.0006,0.061,0.0367,0.03,0.0543,0.8,0.1461
100000004797167100,peripheral,R7,0.3,6,0.0627,"граница выборки (4-е колено): получил 31 тыс ₸ от 1, исходящие не выгружены — роль не определить",4,False,True,1.0,0.0,31000.0,0.0,1.0,0.0,0.0,1,0,66.85767156238443,1.209126774228088e-06,0,0.0,0.00055403113219281,,True,0,1,0.0019,0.0479,0.0367,0.03,0.0148,0.8,0.105
100000005010159100,peripheral,R7,0.3,6,0.0602,"граница выборки (4-е колено): получил 7 тыс ₸ от 1, исходящие не выгружены — роль не определить",4,False,True,1.0,0.0,7092.0,0.0,1.0,0.0,0.0,7,0,11.85234005960972,2.1435059535326634e-07,0,0.0,0.000617004454873688,,True,0,1,0.0008,0.0072,0.0367,0.03,0.0543,0.8,0.1032
100000003025903100,peripheral,R7,0.3,5,0.189,"граница выборки (4-е колено): получил 386 тыс ₸ от 1, исходящие не выгружены — роль не определить",4,False,True,1.0,0.0,386300.0,0.0,6.0,0.0,0.0,7,0,567.8724992027367,1.0270023276134558e-05,1,0.0,0.0005287470846618531,,True,0,1,0.0054,0.1228,0.0367,0.03,0.0543,0.8,0.1994
100000003005167100,peripheral,R7,0.3,8,0.0168,"граница выборки (4-е колено): получил 7 тыс ₸ от 1, исходящие не выгружены — роль не определить",4,False,True,1.0,0.0,7000.0,0.0,1.0,0.0,0.0,1,0,0.33869459082285336,6.125320976337237e-09,0,0.0,0.00029061083713085483,,True,0,1,0.0001,0.0069,0.0367,0.03,0.0148,0.8,0.0708
100000002214383100,peripheral,R7,0.3,2,0.1259,"граница выборки (4-е колено): получил 213 тыс ₸ от 1, исходящие не выгружены — роль не определить",4,False,True,1.0,0.0,213000.0,0.0,1.0,0.0,0.0,1,0,11.429532128687592,2.0670407734438084e-07,0,0.0,0.0005331973163312106,,True,0,1,0.0008,0.108,0.0367,0.03,0.0148,0.8,0.1522
100000004800452100,peripheral,R7,0.3,5,0.0591,"граница выборки (4-е колено): получил 7 тыс ₸ от 1, исходящие не выгружены — роль не определить",4,False,True,1.0,0.0,6544.53,0.0,1.0,0.0,0.0,7,0,9.191590590098956,1.662307110091531e-07,0,0.0,0.0006105904186465336,,True,0,1,0.0007,0.0062,0.0367,0.03,0.0543,0.8,0.1023
100000006903193100,peripheral,R7,0.3,1,0.0639,"граница выборки (4-е колено): получил 9 тыс ₸ от 1, исходящие не выгружены — роль не определить",4,False,True,1.0,0.0,9000.0,0.0,1.0,0.0,0.0,7,0,109.17376401348093,1.9744169670758856e-06,0,0.0,0.0003029508957691164,,True,0,1,0.0024,0.009,0.0367,0.03,0.0543,0.8,0.1059
100000007811950100,peripheral,R7,0.3,27,0.1242,"граница выборки (4-е колено): получил 50 тыс ₸ от 1, исходящие не выгружены — роль не определить",4,False,True,1.0,0.0,50000.0,0.0,1.0,0.0,0.0,7,0,229.5887778802765,4.1521329102572665e-06,0,0.0,0.0005486110276407326,,True,0,1,0.0034,0.0643,0.0367,0.03,0.0543,0.8,0.151
100000000375150100,peripheral,R7,0.3,14,0.2564,"граница выборки (4-е колено): получил 300 тыс ₸ от 1, исходящие не выгружены — роль не определить",4,False,True,1.0,0.0,300000.0,0.0,1.0,0.0,0.0,10,0,20532.39404848118,0.00037133012267492486,0,0.0,0.0007494263644586518,,True,0,1,0.0325,0.1168,0.0367,0.03,0.0961,0.8,0.2497
100000008775747100,peripheral,R7,0.3,7,0.0864,"граница выборки (4-е колено): получил 5 тыс ₸ от 1, исходящие не выгружены — роль не определить",4,False,True,1.0,0.0,5000.0,0.0,1.0,0.0,0.0,8,0,3.3118473448533035,5.989504574776905e-08,0,0.0,0.00028750945040602826,,True,0,1,0.0004,0.0024,0.0367,0.03,0.0839,0.8,0.1227
100000006689603100,peripheral,R7,0.3,6,0.1853,"граница выборки (4-е колено): получил 400 тыс ₸ от 1, исходящие не выгружены — роль не определить",4,False,True,1.0,0.0,400000.0,0.0,2.0,0.0,0.0,7,0,17.119243196037065,3.096029942283592e-07,1,0.0,0.0003137823337574615,,True,0,1,0.0009,0.1238,0.0367,0.03,0.0543,0.8,0.1966
100000005075949100,peripheral,R7,0.3,25,0.2295,"граница выборки (4-е колено): получил 2,2 млн ₸ от 1, исходящие не выгружены — роль не определить",4,False,True,1.0,0.0,2226000.0,0.0,7.0,0.0,0.0,7,0,7711.203469376132,0.00013945778185893312,1,0.0,0.0007711610848047263,,True,0,1,0.0199,0.1461,0.0367,0.03,0.0543,0.8,0.2296
100000003985389100,peripheral,R7,0.3,6,0.1885,"граница выборки (4-е колено): получил 423 тыс ₸ от 1, исходящие не выгружены — роль не определить",4,False,True,1.0,0.0,422698.0,0.0,16.0,0.0,0.0,7,0,154.84623998541142,2.800407646266997e-06,1,0.0,0.0004925042382196959,,True,0,1,0.0028,0.1249,0.0367,0.03,0.0543,0.8,0.199
100000002478829100,peripheral,R7,0.3,21,0.1101,"граница выборки (4-е колено): получил 34 тыс ₸ от 1, исходящие не выгружены — роль не определить",4,False,True,1.0,0.0,34000.0,0.0,1.0,0.0,0.0,7,0,292.70276128733445,5.293554760320563e-06,0,0.0,0.0003890366169324283,,True,0,1,0.0039,0.0506,0.0367,0.03,0.0543,0.8,0.1404
100000003125997100,peripheral,R7,0.3,7,0.175,"граница выборки (4-е колено): получил 88 тыс ₸ от 1, исходящие не выгружены — роль не определить",4,False,True,1.0,0.0,87750.0,0.0,1.0,0.0,0.0,8,0,275.2601431381539,4.978103502088638e-06,0,0.0,0.0005508476119532824,,True,0,1,0.0038,0.0817,0.0367,0.03,0.0839,0.8,0.1889
100000003214786100,peripheral,R7,0.3,1,0.0562,"граница выборки (4-е колено): получил 5 тыс ₸ от 1, исходящие не выгружены — роль не определить",4,False,True,1.0,0.0,5000.0,0.0,1.0,0.0,0.0,7,0,60.65209111860051,1.0968983150421585e-06,0,0.0,0.0004221278003184261,,True,0,1,0.0018,0.0024,0.0367,0.03,0.0543,0.8,0.1002
100000008308418100,peripheral,R7,0.3,1,0.1222,"граница выборки (4-е колено): получил 50 тыс ₸ от 1, исходящие не выгружены — роль не определить",4,False,True,1.0,0.0,50000.0,0.0,1.0,0.0,0.0,7,0,42.32212905366858,7.653993653275547e-07,0,0.0,0.000433500403773018,,True,0,1,0.0015,0.0643,0.0367,0.03,0.0543,0.8,0.1494
100000008619159100,peripheral,R7,0.3,66,0.1885,"граница выборки (4-е колено): получил 446 тыс ₸ от 1, исходящие не выгружены — роль не определить",4,False,True,1.0,0.0,446400.0,0.0,2.0,0.0,0.0,7,0,56.792529236611394,1.0270978045061502e-06,1,0.0,0.0003581696645076042,,True,0,1,0.0017,0.126,0.0367,0.03,0.0543,0.8,0.199
100000004418967100,peripheral,R7,0.3,7,0.18,"граница выборки (4-е колено): получил 100 тыс ₸ от 1, исходящие не выгружены — роль не определить",4,False,True,1.0,0.0,100000.0,0.0,1.0,0.0,0.0,8,0,200.0428523707174,3.6177922913258697e-06,0,0.0,0.0004555019189629495,,True,0,1,0.0032,0.087,0.0367,0.03,0.0839,0.8,0.1926
100000003173783100,peripheral,R7,0.3,31,0.0916,"граница выборки (4-е колено): получил 24 тыс ₸ от 1, исходящие не выгружены — роль не определить",4,False,True,1.0,0.0,23500.0,0.0,2.0,0.0,0.0,7,0,38.77543685064594,7.012571300027842e-07,1,0.0,0.00034834948327385526,,True,0,1,0.0014,0.0359,0.0367,0.03,0.0543,0.8,0.1266
100000002242455100,peripheral,R7,0.3,5,0.1508,"граница выборки (4-е колено): получил 110 тыс ₸ от 1, исходящие не выгружены — роль не определить",4,False,True,1.0,0.0,110000.0,0.0,1.0,0.0,0.0,7,0,131.4898245650384,2.3780048527683412e-06,0,0.0,0.0005345037605974345,,True,0,1,0.0026,0.0899,0.0367,0.03,0.0543,0.8,0.1708
100000004848236100,peripheral,R7,0.3,1,0.061,"граница выборки (4-е колено): получил 8 тыс ₸ от 1, исходящие не выгружены — роль не определить",4,False,True,1.0,0.0,7500.0,0.0,1.0,0.0,0.0,7,0,30.671705876158985,5.547004542553975e-07,0,0.0,0.00031025298464952447,,True,0,1,0.0013,0.0074,0.0367,0.03,0.0543,0.8,0.1038
100000004674412100,peripheral,R7,0.3,11,0.1514,"граница выборки (4-е колено): получил 46 тыс ₸ от 1, исходящие не выгружены — роль не определить",4,False,True,1.0,0.0,46000.0,0.0,1.0,0.0,0.0,8,0,231.9378084196564,4.194615330782388e-06,0,0.0,0.0004914881033721316,,True,0,1,0.0035,0.06,0.0367,0.03,0.0839,0.8,0.1713
100000007071852100,peripheral,R7,0.3,6,0.1689,"граница выборки (4-е колено): получил 195 тыс ₸ от 1, исходящие не выгружены — роль не определить",4,False,True,1.0,0.0,195000.0,0.0,1.0,0.0,0.0,7,0,304.23556959812475,5.502126596352949e-06,0,0.0,0.0004454648215022679,,True,0,1,0.004,0.1054,0.0367,0.03,0.0543,0.8,0.1843
100000001498732100,peripheral,R7,0.3,28,0.0566,"граница выборки (4-е колено): получил 6 тыс ₸ от 1, исходящие не выгружены — роль не определить",4,False,True,1.0,0.0,5500.0,0.0,1.0,0.0,0.0,7,0,0.26776313613261793,4.842519481808919e-09,0,0.0,0.00029070554890950307,,True,0,1,0.0001,0.0045,0.0367,0.03,0.0543,0.8,0.1005
100000000627521100,peripheral,R7,0.3,41,0.0584,"граница выборки (4-е колено): получил 6 тыс ₸ от 1, исходящие не выгружены — роль не определить",4,False,True,1.0,0.0,6500.0,0.0,1.0,0.0,0.0,7,0,0.7070389715731671,1.2786860968589184e-08,0,0.0,0.00028738078514544226,,True,0,1,0.0002,0.0061,0.0367,0.03,0.0543,0.8,0.1018
100000003105089100,peripheral,R7,0.3,21,0.0673,"граница выборки (4-е колено): получил 10 тыс ₸ от 1, исходящие не выгружены — роль не определить",4,False,True,1.0,0.0,10000.0,0.0,1.0,0.0,0.0,7,0,146.88435872330433,2.656416334839769e-06,0,0.0,0.0003007727149863174,,True,0,1,0.0028,0.0118,0.0367,0.03,0.0543,0.8,0.1085
100000003166017100,peripheral,R7,0.3,8,0.0754,"граница выборки (4-е колено): получил 15 тыс ₸ от 1, исходящие не выгружены — роль не определить",4,False,True,1.0,0.0,15000.0,0.0,1.0,0.0,0.0,7,0,35.40861461889405,6.403678586694409e-07,0,0.0,0.0002924866349747621,,True,0,1,0.0014,0.0208,0.0367,0.03,0.0543,0.8,0.1146
100000002506987100,peripheral,R7,0.3,8,0.1004,"граница выборки (4-е колено): получил 28 тыс ₸ от 1, исходящие не выгружены — роль не определить",4,False,True,1.0,0.0,28200.0,0.0,1.0,0.0,0.0,7,0,66.56819548352081,1.2038915742985488e-06,0,0.0,0.00029744788515843104,,True,0,1,0.0019,0.0436,0.0367,0.03,0.0543,0.8,0.1332
100000005767403100,peripheral,R7,0.3,33,0.2283,"граница выборки (4-е колено): получил 1,1 млн ₸ от 1, исходящие не выгружены — роль не определить",4,False,True,1.0,0.0,1100000.0,0.0,2.0,0.0,0.0,7,0,11799.833448936131,0.00021340100875675788,1,0.0,0.0010861140873395208,,True,0,1,0.0247,0.1402,0.0367,0.03,0.0543,0.8,0.2287
100000005553088100,peripheral,R7,0.3,6,0.0803,"граница выборки (4-е колено): получил 18 тыс ₸ от 1, исходящие не выгружены — роль не определить",4,False,True,1.0,0.0,17500.0,0.0,1.0,0.0,0.0,7,0,4.515652175311984,8.166596025074466e-08,0,0.0,0.00029560185272202113,,True,0,1,0.0005,0.0262,0.0367,0.03,0.0543,0.8,0.1182
100000003632533100,peripheral,R7,0.3,5,0.0655,"граница выборки (4-е колено): получил 10 тыс ₸ от 1, исходящие не выгружены — роль не определить",4,False,True,1.0,0.0,10000.0,0.0,1.0,0.0,0.0,7,0,21.707553498128345,3.9258298298774153e-07,0,0.0,0.00043080356024598914,,True,0,1,0.0011,0.0118,0.0367,0.03,0.0543,0.8,0.1071
100000008762005100,peripheral,R7,0.3,7,0.0859,"граница выборки (4-е колено): получил 5 тыс ₸ от 1, исходящие не выгружены — роль не определить",4,False,True,1.0,0.0,5000.0,0.0,1.0,0.0,0.0,8,0,0.025862088843181356,4.677181141221434e-10,0,0.0,0.00028806431372000585,,True,0,1,0.0,0.0024,0.0367,0.03,0.0839,0.8,0.1224
100000002214207100,peripheral,R7,0.3,36,0.1255,"граница выборки (4-е колено): получил 97 тыс ₸ от 1, исходящие не выгружены — роль не определить",4,False,True,1.0,0.0,97000.0,0.0,1.0,0.0,0.0,1,0,10104.046242774568,0.00018273255042658467,0,0.0,0.0006935370503709207,,True,0,1,0.0228,0.0856,0.0367,0.03,0.0148,0.8,0.1519
100000003180820100,peripheral,R7,0.3,7,0.1797,"граница выборки (4-е колено): получил 101 тыс ₸ от 1, исходящие не выгружены — роль не определить",4,False,True,1.0,0.0,101000.0,0.0,1.0,0.0,0.0,8,0,66.89931636603673,1.209879924104935e-06,0,0.0,0.0003001929652391137,,True,0,1,0.0019,0.088,0.0367,0.03,0.0839,0.8,0.1924
100000003786516100,peripheral,R7,0.3,1,0.0548,"граница выборки (4-е колено): получил 5 тыс ₸ от 1, исходящие не выгружены — роль не определить",4,False,True,1.0,0.0,5000.0,0.0,1.0,0.0,0.0,7,0,5.641435077884143,1.0202584143802277e-07,0,0.0,0.0002944715277207131,,True,0,1,0.0005,0.0024,0.0367,0.03,0.0543,0.8,0.0991
100000005226217100,peripheral,R7,0.3,7,0.1209,"граница выборки (4-е колено): получил 18 тыс ₸ от 1, исходящие не выгружены — роль не определить",4,False,True,1.0,0.0,17500.0,0.0,1.0,0.0,0.0,9,0,66.40831008753894,1.201000033080136e-06,0,0.0,0.0003847115911320418,,True,0,1,0.0018,0.0262,0.0367,0.03,0.0909,0.8,0.1485
100000001533161100,peripheral,R7,0.3,48,0.1458,"граница выборки (4-е колено): получил 100 тыс ₸ от 1, исходящие не выгружены — роль не определить",4,False,True,1.0,0.0,100000.0,0.0,1.0,0.0,0.0,7,0,14.696804744293534,2.657929852574414e-07,0,0.0,0.0003258938455923579,,True,0,1,0.0009,0.087,0.0367,0.03,0.0543,0.8,0.1671
100000007034089100,peripheral,R7,0.3,7,0.198,"граница выборки (4-е колено): получил 198 тыс ₸ от 2, исходящие не выгружены — роль не определить",4,False,True,2.0,0.0,198000.0,0.0,2.0,0.0,0.0,8,0,33.24940078849202,6.013182897476964e-07,0,0.0,0.0003225499409968402,,True,0,2,0.0013,0.1057,0.0367,0.03,0.0839,0.8,0.2061
100000008336318100,peripheral,R7,0.3,7,0.1932,"граница выборки (4-е колено): получил 170 тыс ₸ от 1, исходящие не выгружены — роль не определить",4,False,True,1.0,0.0,170000.0,0.0,1.0,0.0,0.0,8,0,0.8793110206681661,1.5902415880152877e-08,0,0.0,0.0003281745942006337,,True,0,1,0.0002,0.1023,0.0367,0.03,0.0839,0.8,0.2025
100000005370558100,peripheral,R7,0.3,1,0.0544,"граница выборки (4-е колено): получил 5 тыс ₸ от 1, исходящие не выгружены — роль не определить",4,False,True,1.0,0.0,5000.0,0.0,1.0,0.0,0.0,7,0,0.8479135400280385,1.5334589726502537e-08,0,0.0,0.0003006373817488422,,True,0,1,0.0002,0.0024,0.0367,0.03,0.0543,0.8,0.0989
100000002729875100,peripheral,R7,0.3,8,0.1376,"граница выборки (4-е колено): получил 76 тыс ₸ от 1, исходящие не выгружены — роль не определить",4,False,True,1.0,0.0,76000.0,0.0,1.0,0.0,0.0,7,0,179.4036474023965,3.244530483925167e-06,0,0.0,0.00031541362445989873,,True,0,1,0.003,0.0772,0.0367,0.03,0.0543,0.8,0.161
100000006512787100,peripheral,R7,0.3,1,0.0855,"граница выборки (4-е колено): получил 20 тыс ₸ от 1, исходящие не выгружены — роль не определить",4,False,True,1.0,0.0,20000.0,0.0,2.0,0.0,0.0,7,0,16.92885162146743,3.061597461310218e-07,1,0.0,0.0005323686713884709,,True,0,1,0.0009,0.0307,0.0367,0.03,0.0543,0.8,0.1221
100000003186579100,peripheral,R7,0.3,6,0.1537,"граница выборки (4-е колено): получил 110 тыс ₸ от 1, исходящие не выгружены — роль не определить",4,False,True,1.0,0.0,110000.0,0.0,2.0,0.0,0.0,7,0,538.771264149575,9.743724922578378e-06,1,0.0,0.0005174329706222681,,True,0,1,0.0053,0.0899,0.0367,0.03,0.0543,0.8,0.173
100000004472936100,peripheral,R7,0.3,14,0.0561,"граница выборки (4-е колено): получил 5 тыс ₸ от 1, исходящие не выгружены — роль не определить",4,False,True,1.0,0.0,5000.0,0.0,1.0,0.0,0.0,7,0,54.02934678953065,9.77125410900954e-07,0,0.0,0.0005342248564476527,,True,0,1,0.0017,0.0024,0.0367,0.03,0.0543,0.8,0.1001
100000002231144100,peripheral,R7,0.3,21,0.0784,"граница выборки (4-е колено): получил 15 тыс ₸ от 1, исходящие не выгружены — роль не определить",4,False,True,1.0,0.0,15000.0,0.0,1.0,0.0,0.0,7,0,338.501681239615,6.1218321898352865e-06,0,0.0,0.000368857202713728,,True,0,1,0.0042,0.0208,0.0367,0.03,0.0543,0.8,0.1168
100000002505277100,peripheral,R7,0.3,1,0.1287,"граница выборки (4-е колено): получил 60 тыс ₸ от 1, исходящие не выгружены — роль не определить",4,False,True,1.0,0.0,60000.0,0.0,1.0,0.0,0.0,7,0,10.15731097288046,1.8369584767861313e-07,0,0.0,0.00040945353341038953,,True,0,1,0.0007,0.0712,0.0367,0.03,0.0543,0.8,0.1543
100000003177533100,peripheral,R7,0.3,6,0.0859,"граница выборки (4-е колено): получил 20 тыс ₸ от 1, исходящие не выгружены — роль не определить",4,False,True,1.0,0.0,20000.0,0.0,3.0,0.0,0.0,7,0,33.42453485507535,6.044856044931368e-07,1,0.0,0.00033969949065304207,,True,0,1,0.0013,0.0307,0.0367,0.03,0.0543,0.8,0.1224
100000005888829100,peripheral,R7,0.3,7,0.1992,"граница выборки (4-е колено): получил 197 тыс ₸ от 1, исходящие не выгружены — роль не определить",4,False,True,1.0,0.0,197000.0,0.0,1.0,0.0,0.0,8,0,130.48678538722015,2.3598648024621006e-06,0,0.0,0.00031287648007219924,,True,0,1,0.0026,0.1055,0.0367,0.03,0.0839,0.8,0.207
100000002242066100,peripheral,R7,0.3,35,0.1291,"граница выборки (4-е колено): получил 60 тыс ₸ от 1, исходящие не выгружены — роль не определить",4,False,True,1.0,0.0,60000.0,0.0,1.0,0.0,0.0,7,0,25.649784113135823,4.6387856471226315e-07,0,0.0,0.0005361178711651817,,True,0,1,0.0011,0.0712,0.0367,0.03,0.0543,0.8,0.1546
100000008027922100,peripheral,R7,0.3,22,0.1408,"граница выборки (4-е колено): получил 70 тыс ₸ от 1, исходящие не выгружены — роль не определить",4,False,True,1.0,0.0,70000.0,0.0,1.0,0.0,0.0,7,0,1319.571440462633,2.386456366015257e-05,0,0.0,0.0005047078814964338,,True,0,1,0.0082,0.075,0.0367,0.03,0.0543,0.8,0.1634
100000002686226100,peripheral,R7,0.3,17,0.1949,"граница выборки (4-е колено): получил 430 тыс ₸ от 1, исходящие не выгружены — роль не определить",4,False,True,1.0,0.0,430000.0,0.0,2.0,0.0,0.0,7,0,1416.9297267140457,2.5625296689715272e-05,1,0.0,0.0006574225643339518,,True,0,1,0.0085,0.1252,0.0367,0.03,0.0543,0.8,0.2038
100000001065234100,peripheral,R7,0.3,60,0.1864,"граница выборки (4-е колено): получил 360 тыс ₸ от 1, исходящие не выгружены — роль не определить",4,False,True,1.0,0.0,360000.0,0.0,1.0,0.0,0.0,7,0,408.3252839434679,7.384598085346864e-06,0,0.0,0.0005510593419755925,,True,0,1,0.0046,0.1212,0.0367,0.03,0.0543,0.8,0.1974
100000000424935100,peripheral,R7,0.3,29,0.0756,"граница выборки (4-е колено): получил 15 тыс ₸ от 1, исходящие не выгружены — роль не определить",4,False,True,1.0,0.0,15000.0,0.0,1.0,0.0,0.0,7,0,41.45011246937878,7.496288699603643e-07,0,0.0,0.0003027890353691165,,True,0,1,0.0015,0.0208,0.0367,0.03,0.0543,0.8,0.1146
100000005723580100,peripheral,R7,0.3,7,0.1406,"граница выборки (4-е колено): получил 35 тыс ₸ от 1, исходящие не выгружены — роль не определить",4,False,True,1.0,0.0,35000.0,0.0,1.0,0.0,0.0,8,0,70.0149983297511,1.2662273019640544e-06,0,0.0,0.0003458774245758723,,True,0,1,0.0019,0.0515,0.0367,0.03,0.0839,0.8,0.1632
100000000704700100,peripheral,R7,0.3,23,0.0232,"граница выборки (4-е колено): получил 10 тыс ₸ от 1, исходящие не выгружены — роль не определить",4,False,True,1.0,0.0,10000.0,0.0,1.0,0.0,0.0,1,0,23.57054273266704,4.262753044661758e-07,0,0.0,0.0005355899447457876,,True,0,1,0.0011,0.0118,0.0367,0.03,0.0148,0.8,0.0755
100000005293969100,peripheral,R7,0.3,1,0.0567,"граница выборки (4-е колено): получил 5 тыс ₸ от 1, исходящие не выгружены — роль не определить",4,False,True,1.0,0.0,5466.97,0.0,1.0,0.0,0.0,7,0,4.276201308951274,7.73354706171251e-08,0,0.0,0.0005328142094654649,,True,0,1,0.0005,0.0042,0.0367,0.03,0.0543,0.8,0.1006
100000002512742100,peripheral,R7,0.3,8,0.0151,"граница выборки (4-е колено): получил 6 тыс ₸ от 1, исходящие не выгружены — роль не определить",4,False,True,1.0,0.0,6000.0,0.0,1.0,0.0,0.0,1,0,0.2903096492767315,5.250275122574775e-09,0,0.0,0.00029007341049432393,,True,0,1,0.0001,0.0053,0.0367,0.03,0.0148,0.8,0.0695
100000001816678100,peripheral,R7,0.3,3,0.1289,"граница выборки (4-е колено): получил 60 тыс ₸ от 1, исходящие не выгружены — роль не определить",4,False,True,1.0,0.0,60000.0,0.0,1.0,0.0,0.0,7,0,16.326896176590132,2.95273329833763e-07,0,0.0,0.0003110373276412963,,True,0,1,0.0009,0.0712,0.0367,0.03,0.0543,0.8,0.1545
100000004586598100,peripheral,R7,0.3,69,0.1983,"граница выборки (4-е колено): получил 761 тыс ₸ от 1, исходящие не выгружены — роль не определить",4,False,True,1.0,0.0,761255.0,0.0,4.0,0.0,0.0,7,0,39.956412824850766,7.22615182665428e-07,1,0.0,0.0005416234594243453,,True,0,1,0.0014,0.1355,0.0367,0.03,0.0543,0.8,0.2063
100000005782886100,peripheral,R7,0.3,7,0.1126,"граница выборки (4-е колено): получил 14 тыс ₸ от 1, исходящие не выгружены — роль не определить",4,False,True,1.0,0.0,14000.0,0.0,1.0,0.0,0.0,9,0,53.12664807003115,9.60800026464109e-07,0,0.0,0.00036513904304066115,,True,0,1,0.0017,0.0186,0.0367,0.03,0.0909,0.8,0.1423
100000002622822100,peripheral,R7,0.3,18,0.2378,"граница выборки (4-е колено): получил 750 тыс ₸ от 1, исходящие не выгружены — роль не определить",4,False,True,1.0,0.0,750000.0,0.0,1.0,0.0,0.0,9,0,63.361758088565914,1.1459028766139676e-06,0,0.0,0.0009115195603749141,,True,0,1,0.0018,0.1353,0.0367,0.03,0.0909,0.8,0.2358
100000003718715100,peripheral,R7,0.3,14,0.2029,"граница выборки (4-е колено): получил 915 тыс ₸ от 1, исходящие не выгружены — роль не определить",4,False,True,1.0,0.0,915000.0,0.0,3.0,0.0,0.0,7,0,175.80821642934336,3.1795068037278834e-06,1,0.0,0.000578072906388213,,True,0,1,0.003,0.1382,0.0367,0.03,0.0543,0.8,0.2098
100000006491963100,peripheral,R7,0.3,8,0.0349,"граница выборки (4-е колено): получил 16 тыс ₸ от 1, исходящие не выгружены — роль не определить",4,False,True,1.0,0.0,16000.0,0.0,3.0,0.0,0.0,1,0,0.7741590647379505,1.4000733660199398e-08,1,0.0,0.0002954476768596331,,True,0,1,0.0002,0.0237,0.0367,0.03,0.0148,0.8,0.0843
100000004526651100,peripheral,R7,0.3,7,0.1379,"граница выборки (4-е колено): получил 33 тыс ₸ от 1, исходящие не выгружены — роль не определить",4,False,True,1.0,0.0,33000.0,0.0,1.0,0.0,0.0,8,0,21.858192476031803,3.953073019352758e-07,0,0.0,0.0002912088088990115,,True,0,1,0.0011,0.0498,0.0367,0.03,0.0839,0.8,0.1612
100000008331280100,peripheral,R7,0.3,26,0.1131,"граница выборки (4-е колено): получил 41 тыс ₸ от 1, исходящие не выгружены — роль не определить",4,False,True,1.0,0.0,41000.0,0.0,2.0,0.0,0.0,7,0,13.231462176073025,2.392921381407672e-07,1,0.0,0.00031947686361663173,,True,0,1,0.0008,0.0565,0.0367,0.03,0.0543,0.8,0.1426
100000004177936100,peripheral,R7,0.3,6,0.0663,"граница выборки (4-е колено): получил 10 тыс ₸ от 1, исходящие не выгружены — роль не определить",4,False,True,1.0,0.0,10000.0,0.0,1.0,0.0,0.0,7,0,66.51503710631663,1.2029302004479485e-06,0,0.0,0.0003385045734079768,,True,0,1,0.0019,0.0118,0.0367,0.03,0.0543,0.8,0.1078
100000002922000100,peripheral,R7,0.3,48,0.1888,"граница выборки (4-е колено): получил 448 тыс ₸ от 1, исходящие не выгружены — роль не определить",4,False,True,1.0,0.0,448000.0,0.0,1.0,0.0,0.0,7,0,65.84168525443502,1.1907525739533372e-06,0,0.0,0.0004617704279042819,,True,0,1,0.0018,0.1262,0.0367,0.03,0.0543,0.8,0.1992
100000002404112100,peripheral,R7,0.3,26,0.129,"граница выборки (4-е колено): получил 60 тыс ₸ от 1, исходящие не выгружены — роль не определить",4,False,True,1.0,0.0,60000.0,0.0,1.0,0.0,0.0,7,0,19.36311537961906,3.501836167913666e-07,0,0.0,0.00033153415459718686,,True,0,1,0.001,0.0712,0.0367,0.03,0.0543,0.8,0.1546
100000000634341100,peripheral,R7,0.3,1,0.0941,"граница выборки (4-е колено): получил 24 тыс ₸ от 1, исходящие не выгружены — роль не определить",4,False,True,1.0,0.0,24000.0,0.0,2.0,0.0,0.0,7,0,116.39905440622857,2.105086968906451e-06,1,0.0,0.000557353900353344,,True,0,1,0.0024,0.0372,0.0367,0.03,0.0543,0.8,0.1285
100000001822650100,peripheral,R7,0.3,7,0.1813,"граница выборки (4-е колено): получил 112 тыс ₸ от 1, исходящие не выгружены — роль не определить",4,False,True,1.0,0.0,112000.0,0.0,1.0,0.0,0.0,8,0,16.476051811123124,2.9797082238811466e-07,0,0.0,0.00030727065406595494,,True,0,1,0.0009,0.0905,0.0367,0.03,0.0839,0.8,0.1936
100000004791226100,peripheral,R7,0.3,1,0.0855,"граница выборки (4-е колено): получил 20 тыс ₸ от 1, исходящие не выгружены — роль не определить",4,False,True,1.0,0.0,20000.0,0.0,1.0,0.0,0.0,7,0,16.92885162146743,3.061597461310218e-07,0,0.0,0.0005438507021136137,,True,0,1,0.0009,0.0307,0.0367,0.03,0.0543,0.8,0.1221
100000007841978100,peripheral,R7,0.3,5,0.1926,"граница выборки (4-е колено): получил 449 тыс ₸ от 1, исходящие не выгружены — роль не определить",4,False,True,1.0,0.0,449000.0,0.0,1.0,0.0,0.0,7,0,516.6368850881923,9.343422762353449e-06,0,0.0,0.0005085344625420971,,True,0,1,0.0052,0.1263,0.0367,0.03,0.0543,0.8,0.202
100000006866831100,peripheral,R7,0.3,6,0.0811,"граница выборки (4-е колено): получил 16 тыс ₸ от 1, исходящие не выгружены — роль не определить",4,False,True,1.0,0.0,16500.0,0.0,1.0,0.0,0.0,7,0,176.1749302656483,3.186138855182778e-06,0,0.0,0.0003693041098975191,,True,0,1,0.003,0.0245,0.0367,0.03,0.0543,0.8,0.1188
100000002999140100,peripheral,R7,0.3,12,0.0649,"граница выборки (4-е колено): получил 10 тыс ₸ от 1, исходящие не выгружены — роль не определить",4,False,True,1.0,0.0,10000.0,0.0,2.0,0.0,0.0,7,0,7.106107656919254,1.285145717423166e-07,1,0.0,0.0002907787555485701,,True,0,1,0.0006,0.0118,0.0367,0.03,0.0543,0.8,0.1067
100000002884708100,peripheral,R7,0.3,7,0.2366,"граница выборки (4-е колено): получил 1,2 млн ₸ от 1, исходящие не выгружены — роль не определить",4,False,True,1.0,0.0,1171644.0,0.0,2.0,0.0,0.0,8,0,102.53077544490615,1.8542779441118554e-06,1,0.0,0.0005650270040464912,,True,0,1,0.0023,0.1407,0.0367,0.03,0.0839,0.8,0.2349
100000001130553100,peripheral,R7,0.3,5,0.0826,"граница выборки (4-е колено): получил 18 тыс ₸ от 1, исходящие не выгружены — роль не определить",4,False,True,1.0,0.0,18000.0,0.0,2.0,0.0,0.0,7,0,39.07359629663102,7.066493693779346e-07,1,0.0,0.0005459673279026696,,True,0,1,0.0014,0.0275,0.0367,0.03,0.0543,0.8,0.1199
100000006351075100,peripheral,R7,0.3,39,0.1113,"граница выборки (4-е колено): получил 40 тыс ₸ от 1, исходящие не выгружены — роль не определить",4,False,True,1.0,0.0,40000.0,0.0,2.0,0.0,0.0,7,0,0.18434192414722067,3.333839646077835e-09,1,0.0,0.00029238842661113534,,True,0,1,0.0001,0.0556,0.0367,0.03,0.0543,0.8,0.1414
100000005616568100,peripheral,R7,0.3,5,0.196,"граница выборки (4-е колено): получил 530 тыс ₸ от 1, исходящие не выгружены — роль не определить",4,False,True,1.0,0.0,530000.0,0.0,1.0,0.0,0.0,7,0,296.3541443779318,5.359590339404189e-06,0,0.0,0.00043385516839323363,,True,0,1,0.0039,0.1308,0.0367,0.03,0.0543,0.8,0.2046
100000006381453100,peripheral,R7,0.3,7,0.1482,"граница выборки (4-е колено): получил 45 тыс ₸ от 1, исходящие не выгружены — роль не определить",4,False,True,1.0,0.0,45000.0,0.0,1.0,0.0,0.0,8,0,26.37542052673295,4.770017620287663e-07,0,0.0,0.0005787091993217524,,True,0,1,0.0012,0.0593,0.0367,0.03,0.0839,0.8,0.1689
100000004616845100,peripheral,R7,0.3,59,0.0867,"граница выборки (4-е колено): получил 20 тыс ₸ от 1, исходящие не выгружены — роль не определить",4,False,True,1.0,0.0,20200.0,0.0,2.0,0.0,0.0,7,0,0.7910954671749854,1.4307029963483197e-08,1,0.0,0.0002901111748475803,,True,0,1,0.0002,0.0325,0.0367,0.03,0.0543,0.8,0.123
100000004908173100,peripheral,R7,0.3,7,0.1207,"граница выборки (4-е колено): получил 21 тыс ₸ от 1, исходящие не выгружены — роль не определить",4,False,True,1.0,0.0,21000.0,0.0,1.0,0.0,0.0,8,0,42.00899899785066,7.597363811784327e-07,0,0.0,0.00032226599501557874,,True,0,1,0.0015,0.0333,0.0367,0.03,0.0839,0.8,0.1483
100000004433250100,peripheral,R7,0.3,1,0.0604,"граница выборки (4-е колено): получил 8 тыс ₸ от 1, исходящие не выгружены — роль не определить",4,False,True,1.0,0.0,8000.0,0.0,1.0,0.0,0.0,7,0,1.6977635839043272,3.0704201292632416e-08,0,0.0,0.00030793930150589785,,True,0,1,0.0003,0.0079,0.0367,0.03,0.0543,0.8,0.1034
100000003664994100,peripheral,R7,0.3,42,0.1836,"граница выборки (4-е колено): получил 338 тыс ₸ от 1, исходящие не выгружены — роль не определить",4,False,True,1.0,0.0,338271.0,0.0,2.0,0.0,0.0,7,0,298.1885459859681,5.392765651184142e-06,1,0.0,0.00039283565744491,,True,0,1,0.0039,0.1192,0.0367,0.03,0.0543,0.8,0.1953
100000004673335100,peripheral,R7,0.3,31,0.1381,"граница выборки (4-е колено): получил 80 тыс ₸ от 1, исходящие не выгружены — роль не определить",4,False,True,1.0,0.0,80000.0,0.0,1.0,0.0,0.0,7,0,132.0014871511351,2.387258314903095e-06,0,0.0,0.0004962127063303447,,True,0,1,0.0026,0.0781,0.0367,0.03,0.0543,0.8,0.1614
100000002487222100,peripheral,R7,0.3,5,0.142,"граница выборки (4-е колено): получил 90 тыс ₸ от 1, исходящие не выгружены — роль не определить",4,False,True,1.0,0.0,90000.0,0.0,2.0,0.0,0.0,7,0,50.32428866795068,9.101191142384473e-07,1,0.0,0.0003118121876461357,,True,0,1,0.0016,0.0827,0.0367,0.03,0.0543,0.8,0.1642
100000000018102100,peripheral,R7,0.3,6,0.0612,"граница выборки (4-е колено): получил 7 тыс ₸ от 1, исходящие не выгружены — роль не определить",4,False,True,1.0,0.0,7000.0,0.0,1.0,0.0,0.0,7,0,74.74087950663868,1.3516952718957242e-06,0,0.0,0.00032182986973917867,,True,0,1,0.002,0.0069,0.0367,0.03,0.0543,0.8,0.1039
100000008638859100,peripheral,R7,0.3,19,0.1471,"граница выборки (4-е колено): получил 34 тыс ₸ от 1, исходящие не выгружены — роль не определить",4,False,True,1.0,0.0,34000.0,0.0,1.0,0.0,0.0,9,0,71.18123767940571,1.287318841496806e-06,0,0.0,0.0005419497123214291,,True,0,1,0.0019,0.0506,0.0367,0.03,0.0909,0.8,0.1681
100000001131403100,peripheral,R7,0.3,59,0.2072,"граница выборки (4-е колено): получил 1,6 млн ₸ от 1, исходящие не выгружены — роль не определить",4,False,True,1.0,0.0,1570000.0,0.0,3.0,0.0,0.0,7,0,61.48613284478847,1.1119820318152784e-06,1,0.0,0.0005404057294243347,,True,0,1,0.0018,0.1434,0.0367,0.03,0.0543,0.8,0.213
100000001733216100,peripheral,R7,0.3,1,0.1287,"граница выборки (4-е колено): получил 60 тыс ₸ от 1, исходящие не выгружены — роль не определить",4,False,True,1.0,0.0,60000.0,0.0,2.0,0.0,0.0,7,0,10.15731097288046,1.8369584767861313e-07,1,0.0,0.00040945353341038953,,True,0,1,0.0007,0.0712,0.0367,0.03,0.0543,0.8,0.1543
100000004400480100,peripheral,R7,0.3,13,0.0607,"граница выборки (4-е колено): получил 22 тыс ₸ от 1, исходящие не выгружены — роль не определить",4,False,True,1.0,0.0,21700.0,0.0,1.0,0.0,0.0,2,0,6.960152003883436,1.2587495113017966e-07,0,0.0,0.00048669684169717523,,True,0,1,0.0006,0.034,0.0367,0.03,0.0281,0.8,0.1035
100000007539296100,peripheral,R7,0.3,5,0.1185,"граница выборки (4-е колено): получил 46 тыс ₸ от 1, исходящие не выгружены — роль не определить",4,False,True,1.0,0.0,46000.0,0.0,2.0,0.0,0.0,7,0,109.53528914847362,1.980955180418661e-06,1,0.0,0.00055975268698061,,True,0,1,0.0024,0.06,0.0367,0.03,0.0543,0.8,0.1467
100000008757301100,peripheral,R7,0.3,1,0.1297,"граница выборки (4-е колено): получил 58 тыс ₸ от 1, исходящие не выгружены — роль не определить",4,False,True,1.0,0.0,58398.0,0.0,3.0,0.0,0.0,7,0,125.9098271433375,2.277090116657516e-06,1,0.0,0.0005328706296787659,,True,0,1,0.0025,0.0703,0.0367,0.03,0.0543,0.8,0.155
100000002752565100,peripheral,R7,0.3,6,0.1308,"граница выборки (4-е колено): получил 57 тыс ₸ от 1, исходящие не выгружены — роль не определить",4,False,True,1.0,0.0,57000.0,0.0,1.0,0.0,0.0,7,0,338.54334055780464,6.122585602208797e-06,0,0.0,0.0003397357225305441,,True,0,1,0.0042,0.0697,0.0367,0.03,0.0543,0.8,0.1559
100000002734815100,peripheral,R7,0.3,7,0.1799,"граница выборки (4-е колено): получил 110 тыс ₸ от 1, исходящие не выгружены — роль не определить",4,False,True,1.0,0.0,110000.0,0.0,1.0,0.0,0.0,8,0,0.5689659545499899,1.0289798510687155e-08,0,0.0,0.00031358903766222357,,True,0,1,0.0002,0.0899,0.0367,0.03,0.0839,0.8,0.1926
100000008333492100,peripheral,R7,0.3,45,0.208,"граница выборки (4-е колено): получил 216 тыс ₸ от 1, исходящие не выгружены — роль не определить",4,False,True,1.0,0.0,216400.0,0.0,1.0,0.0,0.0,9,0,16.484841271271968,2.9812978053530437e-07,0,0.0,0.00043994092998647763,,True,0,1,0.0009,0.1084,0.0367,0.03,0.0909,0.8,0.2135
100000006527156100,peripheral,R7,0.3,25,0.1215,"граница выборки (4-е колено): получил 48 тыс ₸ от 1, исходящие не выгружены — роль не определить",4,False,True,1.0,0.0,48500.0,0.0,1.0,0.0,0.0,7,0,168.01139634534698,3.0385006379866383e-06,0,0.0,0.0002974010264861379,,True,0,1,0.0029,0.0623,0.0367,0.03,0.0543,0.8,0.149
100000003448713100,peripheral,R7,0.3,6,0.1747,"граница выборки (4-е колено): получил 267 тыс ₸ от 1, исходящие не выгружены — роль не определить",4,False,True,1.0,0.0,266750.0,0.0,1.0,0.0,0.0,7,0,11.416395306357218,2.0646649677603707e-07,0,0.0,0.00030481011720566263,,True,0,1,0.0008,0.114,0.0367,0.03,0.0543,0.8,0.1886
100000004780083100,peripheral,R7,0.3,61,0.0627,"граница выборки (4-е колено): получил 10 тыс ₸ от 1, исходящие не выгружены — роль не определить",4,False,True,1.0,0.0,9999.0,0.0,1.0,0.0,0.0,7,0,6.448578450686449,1.1662309916312003e-07,0,0.0,0.00029469790452557316,,True,0,1,0.0006,0.0097,0.0367,0.03,0.0543,0.8,0.105
100000004798515100,peripheral,R7,0.3,12,0.1688,"граница выборки (4-е колено): получил 200 тыс ₸ от 1, исходящие не выгружены — роль не определить",4,False,True,1.0,0.0,200000.0,0.0,2.0,0.0,0.0,7,0,142.12215313838507,2.5702914348463323e-06,1,0.0,0.0003654469481437737,,True,0,1,0.0027,0.1066,0.0367,0.03,0.0543,0.8,0.1842
100000004232712100,peripheral,R7,0.3,5,0.0705,"граница выборки (4-е колено): получил 12 тыс ₸ от 1, исходящие не выгружены — роль не определить",4,False,True,1.0,0.0,12500.0,0.0,1.0,0.0,0.0,7,0,14.942025518754361,2.7022782417822055e-07,0,0.0,0.0005315954812987943,,True,0,1,0.0009,0.0167,0.0367,0.03,0.0543,0.8,0.1109
100000005209352100,peripheral,R7,0.3,1,0.0562,"граница выборки (4-е колено): получил 5 тыс ₸ от 1, исходящие не выгружены — роль не определить",4,False,True,1.0,0.0,5000.0,0.0,1.0,0.0,0.0,7,0,60.65209111860051,1.0968983150421585e-06,0,0.0,0.0004221278003184261,,True,0,1,0.0018,0.0024,0.0367,0.03,0.0543,0.8,0.1002
100000000561160100,peripheral,R7,0.3,3,0.1764,"граница выборки (4-е колено): получил 240 тыс ₸ от 1, исходящие не выгружены — роль не определить",4,False,True,1.0,0.0,240000.0,0.0,1.0,0.0,0.0,7,0,474.55385530002775,8.582347527927602e-06,0,0.0,0.0004381643803221751,,True,0,1,0.0049,0.1115,0.0367,0.03,0.0543,0.8,0.1899
100000003568904100,peripheral,R7,0.3,14,0.1213,"граница выборки (4-е колено): получил 49 тыс ₸ от 1, исходящие не выгружены — роль не определить",4,False,True,1.0,0.0,49000.0,0.0,1.0,0.0,0.0,7,0,107.82096445318734,1.949951469993943e-06,0,0.0,0.0005340597144097787,,True,0,1,0.0024,0.0626,0.0367,0.03,0.0543,0.8,0.1488
100000000470237100,peripheral,R7,0.3,29,0.1171,"граница выборки (4-е колено): получил 32 тыс ₸ от 1, исходящие не выгружены — роль не определить",4,False,True,1.0,0.0,32500.0,0.0,1.0,0.0,0.0,7,0,2583.9340968455,4.6730671683974237e-05,0,0.0,0.0005874891550959069,,True,0,1,0.0115,0.0496,0.0367,0.03,0.0543,0.8,0.1457
100000008560263100,peripheral,R7,0.3,5,0.1467,"граница выборки (4-е колено): получил 100 тыс ₸ от 1, исходящие не выгружены — роль не определить",4,False,True,1.0,0.0,100000.0,0.0,1.0,0.0,0.0,7,0,55.91587629772298,1.0112434602649414e-06,0,0.0,0.0003145858917540243,,True,0,1,0.0017,0.087,0.0367,0.03,0.0543,0.8,0.1678
100000000542087100,peripheral,R7,0.3,37,0.0609,"граница выборки (4-е колено): получил 9 тыс ₸ от 1, исходящие не выгружены — роль не определить",4,False,True,1.0,0.0,8506.91,0.0,1.0,0.0,0.0,7,0,0.4111249159855777,7.4352296730315054e-09,0,0.0,0.00028769776072608153,,True,0,1,0.0001,0.0085,0.0367,0.03,0.0543,0.8,0.1037
100000004403548100,peripheral,R7,0.3,6,0.0556,"граница выборки (4-е колено): получил 5 тыс ₸ от 1, исходящие не выгружены — роль не определить",4,False,True,1.0,0.0,5000.0,0.0,1.0,0.0,0.0,7,0,33.25751855315831,6.014651002239743e-07,0,0.0,0.0003694957251542558,,True,0,1,0.0013,0.0024,0.0367,0.03,0.0543,0.8,0.0998
100000003010908100,peripheral,R7,0.3,8,0.0805,"граница выборки (4-е колено): получил 17 тыс ₸ от 1, исходящие не выгружены — роль не определить",4,False,True,1.0,0.0,17000.0,0.0,1.0,0.0,0.0,7,0,76.35212645225754,1.3808348123001957e-06,0,0.0,0.00040117257173756396,,True,0,1,0.002,0.0249,0.0367,0.03,0.0543,0.8,0.1183
100000006756956100,peripheral,R7,0.3,1,0.1546,"граница выборки (4-е колено): получил 121 тыс ₸ от 1, исходящие не выгружены — роль не определить",4,False,True,1.0,0.0,121200.0,0.0,9.0,0.0,0.0,7,0,229.46379754246962,4.149872630035672e-06,1,0.0,0.0003123319213225381,,True,0,1,0.0034,0.0927,0.0367,0.03,0.0543,0.8,0.1737
100000007357489100,peripheral,R7,0.3,7,0.1931,"граница выборки (4-е колено): получил 164 тыс ₸ от 2, исходящие не выгружены — роль не определить",4,False,True,2.0,0.0,164500.0,0.0,2.0,0.0,0.0,8,0,49.7046633415402,8.989131366049956e-07,0,0.0,0.00031435760399259007,,True,0,2,0.0016,0.1008,0.0367,0.03,0.0839,0.8,0.2024
100000002599729100,peripheral,R7,0.3,1,0.1317,"граница выборки (4-е колено): получил 65 тыс ₸ от 1, исходящие не выгружены — роль не определить",4,False,True,1.0,0.0,65000.0,0.0,2.0,0.0,0.0,7,0,48.829156395670125,8.830795177466662e-07,1,0.0,0.0004879195236215622,,True,0,1,0.0016,0.0731,0.0367,0.03,0.0543,0.8,0.1566
100000005849862100,peripheral,R7,0.3,9,0.0716,"граница выборки (4-е колено): получил 13 тыс ₸ от 1, исходящие не выгружены — роль не определить",4,False,True,1.0,0.0,13000.0,0.0,2.0,0.0,0.0,7,0,33.887369055032785,6.128560010402973e-07,1,0.0,0.0005508281363852524,,True,0,1,0.0013,0.0173,0.0367,0.03,0.0543,0.8,0.1117
100000008762843100,peripheral,R7,0.3,7,0.0908,"граница выборки (4-е колено): получил 7 тыс ₸ от 1, исходящие не выгружены — роль не определить",4,False,True,1.0,0.0,7000.0,0.0,1.0,0.0,0.0,8,0,0.0362069243804539,6.548053597710008e-10,0,0.0,0.00028855049893795285,,True,0,1,0.0,0.0069,0.0367,0.03,0.0839,0.8,0.126
100000002723674100,peripheral,R7,0.3,21,0.1063,"граница выборки (4-е колено): получил 30 тыс ₸ от 1, исходящие не выгружены — роль не определить",4,False,True,1.0,0.0,30000.0,0.0,1.0,0.0,0.0,7,0,440.653076169913,7.969249004519308e-06,0,0.0,0.00032862044360867546,,True,0,1,0.0048,0.0462,0.0367,0.03,0.0543,0.8,0.1376
100000008758106100,peripheral,R7,0.3,7,0.0967,"граница выборки (4-е колено): получил 10 тыс ₸ от 1, исходящие не выгружены — роль не определить",4,False,True,1.0,0.0,10000.0,0.0,1.0,0.0,0.0,8,0,6.623694689706607,1.197900914955381e-07,0,0.0,0.0002881700501369181,,True,0,1,0.0006,0.0118,0.0367,0.03,0.0839,0.8,0.1304
100000001286703100,peripheral,R7,0.3,41,0.0871,"граница выборки (4-е колено): получил 20 тыс ₸ от 1, исходящие не выгружены — роль не определить",4,False,True,1.0,0.0,20500.0,0.0,1.0,0.0,0.0,7,0,2.229892141115373,4.0327792285550505e-08,0,0.0,0.0002885264901584046,,True,0,1,0.0003,0.0328,0.0367,0.03,0.0543,0.8,0.1233
